id,title,description,availability,condition,price,link,image_link,brand,google_product_category
"SCT-0001","Figurine Mattel Masters of the Universe Revelation - King Grayskull","Collectible Mattel Masters of the Universe Revelation King Grayskull action figure is unopened in its original packaging. This plastic figure comes with a sword, shield, and an alternate head.","in stock","used_good","22.99 CAD","https://collectiblethang.vercel.app/product/89502040-3b31-40c8-b553-988c83b7cf5c","https://i.ebayimg.com/images/g/qGgAAeSwWXtqgLUE/s-l1600.jpg","The Shelf Cartel Toys","Toys & Games"
"SCT-0002","LEGO DREAMZzz 71495 Mateo vs. Cyber Brain Mech","New LEGO DREAMZzz 71495 Mateo vs. Cyber Brain Mech building toy set. This plastic set has 368 pieces and allows for a 2-in-1 build. The item is in its original sealed box packaging.","in stock","used_good","199.99 CAD","https://collectiblethang.vercel.app/product/529e3c30-70e0-41f1-a41e-8c82f379e597","https://i.ebayimg.com/images/g/r3wAAeSwLTtpzk6L/s-l1600.jpg","The Shelf Cartel Toys","Toys & Games"
"SCT-0003","Lego Marvel 76309 Spider-Man VS Venom Muscle Car Set 254 PCs","New Lego Marvel Spider-Man vs. Venom Muscle Car set 76309. This 254-piece building kit includes a black muscle car with a Venomized design and a red windshield. It comes with three minifigures: Spider-Man, Spider-Woman, and Venom. The set also features a buildable safe with gold bars and web accessories.","in stock","used_good","103 CAD","https://collectiblethang.vercel.app/product/c90ea9c8-cae8-4874-8f3b-fbfa5ee8598f","https://i.ebayimg.com/images/g/nT0AAeSw3yhqVsld/s-l1600.jpg","The Shelf Cartel Toys","Toys & Games"
"SCT-0004","2026 Jada Fast & Furious 25 Years Brian's Nissan Skyline GT-R (R34) Die-Cast 1:24","Collectible Jada Fast & Furious die-cast model car. This item is Brian's Nissan Skyline GT-R (R34) in blue. The car is in its original packaging.","in stock","used_good","41.99 CAD","https://collectiblethang.vercel.app/product/8ab29c05-0f8a-44af-8eb0-740c71d964d0","https://i.ebayimg.com/images/g/F2EAAeSwLrlpxpFm/s-l1600.jpg","The Shelf Cartel Toys","Toys & Games"
"SCT-0005","1:24 Fast & Furious 25 Years Brian's Toyota Supra Die-Cast Car JADA toys 2026","Collectible Jada Fast & Furious Brian's Toyota Supra die-cast model car. This orange vehicle features green graphics and comes in its original unopened packaging celebrating 25 years of Fast & Furious.","in stock","used_good","32 CAD","https://collectiblethang.vercel.app/product/90a78410-732d-42ba-a8f8-c32146817328","https://i.ebayimg.com/images/g/XWsAAeSwnlJqBnXr/s-l1600.jpg","The Shelf Cartel Toys","Toys & Games"
"SCT-0006","Manteau imperméable coupe froid Ripzone JUNIOR size Large noir","Manteau imperméable Ripzone, taille Large (L). Ce vêtement d'extérieur noir a une cote d'imperméabilité de 5k et de respirabilité de 5k. Peut faire autant à une jeune fille qu’à un jeune garçon ! • Doublure intérieure en mesh (filet) • Fermeture éclair pleine longueur à l'avant, avec patte de protection en velcro • Capuchon • Deux poches zippées pour les mains • Accents réfléchissants sur les manches et les poches Marque : Ripzone
Couleur : noir
Taille : Large (L) Junior","in stock","new","25.00 CAD","","https://scontent.fyhu2-1.fna.fbcdn.net/v/t45.5328-4/814920618_2139616230766980_7703965474777836893_n.jpg?stp=c0.43.261.261a_dst-jpg_p261x260_tt6&_nc_cat=105&ccb=1-7&_nc_sid=247b10&_nc_ohc=vqTCYwrtSRYQ7kNvwEBcBrv&_nc_oc=AdoXG4EIw-DSP2txVZIDwc7X1Pjc4IjtSFE0GOkXprtawWXWwNOegZYi-BBZxyOce12cDGUEDXOwjZ6Ln_hvpWX6&_nc_zt=23&_nc_ht=scontent.fyhu2-1.fna&_nc_gid=nDSueEqbjcjwD5hoImhdGw&_nc_ss=7b2a8&oh=00_AQIS7dRvQEs2X5d5pJfcaordPDMdF-5XyyJsWOAPKNSBRQ&oe=6ABC3FD9","The Shelf Cartel Toys","Apparel & Accessories > Men's Clothing"
"SCT-0007","Manteau bomber à capuchon Hollister marine – Grand (L) avec capuche détachable en fausse fourrure","Bien lire jusqu’à la fin Manteau homme bomber à capuchon Hollister bleu marine, taille large (L). Durable, avec capuchon détachable en fausse fourrure. • Fermeture éclair sur toute la devant, avec patte de protection à boutons • Poche à fermeture éclair sur la poitrine • Deux grandes poches à rabat à l'avant • Bas et poignets côtelés pour un ajustement serré • Écusson de la marque sur la manche gauche Taille : Large (L) Attention, coupe courte. Pas recommandé pour les 6 pieds et plus ou les grandes carrures. Couleur : bleu marine
Marque : Hollister Maison non-fumeur","in stock","new","40.00 CAD","","https://scontent.fyhu2-1.fna.fbcdn.net/v/t45.5328-4/817068807_954202964391834_2991683896537861548_n.jpg?stp=c0.43.261.261a_dst-jpg_p261x260_tt6&_nc_cat=107&ccb=1-7&_nc_sid=247b10&_nc_ohc=tN6YWjHllicQ7kNvwGJL1fZ&_nc_oc=Adrs6bTjtwjWD-Pw9svKyxBIq9Mndn98L29TtkJ85P4Js3Pd3dP0kp_xwsAHhiJqh97vlTi5-JP6K6HxTLw11ahx&_nc_zt=23&_nc_ht=scontent.fyhu2-1.fna&_nc_gid=nDSueEqbjcjwD5hoImhdGw&_nc_ss=7b2a8&oh=00_AQK0fsSYXgCSEpBdL4jRd0cFfKWFs0KW20o9h4kuAvbF7A&oe=6ABC4C9C","The Shelf Cartel Toys","Apparel & Accessories > Men's Clothing"
"SCT-0008","Habit de neige Deux par Deux fille (grandeur 5) 110 cm – Licorne noir, capuchon lilas","Titre :
Habit de neige Deux par Deux fille 5 ans (110 cm) – Licorne noir, capuchon lilas Description :
Habit de neige Deux par Deux pour fille, taille 5 ans (110 cm). Manteau d'hiver noir à motif de licornes avec capuchon amovible en fausse fourrure lilas, et pantalons de neige. État • Les pantalons ont une tache. Je n'ai pas essayé de l'enlever, alors je ne sais pas si elle va partir. Voir les photos. • Le manteau et les pantalons seront lavés avant la vente. • Usagé, voir les photos pour l'état général. Détails • Marque : Deux par Deux • Taille : 5 ans (110 cm) • Couleur : noir avec licornes, fausse fourrure lilas • Capuchon amovible • Inclus : manteau et pantalons Maison non-fumeur","in stock","new","25.00 CAD","","https://scontent.fymq2-1.fna.fbcdn.net/v/t45.5328-4/814897029_1346207073999577_6719146413038176290_n.jpg?stp=c0.43.261.261a_dst-jpg_p261x260_tt6&_nc_cat=104&ccb=1-7&_nc_sid=247b10&_nc_ohc=rrqoF_-VsxgQ7kNvwFjutDZ&_nc_oc=AdrRl-_o-rJNWfNfmrEnreo6N3XZy38wpQEatfYDfATCLYYixv7tuErfKBo7Hkouu1q7JzQuWAc6D-zwfPieRqQq&_nc_zt=23&_nc_ht=scontent.fymq2-1.fna&_nc_gid=nDSueEqbjcjwD5hoImhdGw&_nc_ss=7b2a8&oh=00_AQK1w8QkJiblJGE--3aYlrixo8d5opd20gYAz0QZ0sBxYA&oe=6ABC4FF5","The Shelf Cartel Toys","Sporting Goods"
"SCT-0009","Max & Co. Cocos Veste Utility Beige Femme Taille M Veste à Cordon Ajustable","Découvrez cette élégante veste utility Max & Co. Cocos pour femme, de couleur beige, en taille M (Medium). Son style utilitaire moderne et son cordon de serrage permettent d’ajuster la coupe selon vos préférences tout en créant une silhouette élégante et flatteuse. Sa couleur beige neutre est facile à agencer avec une grande variété de vêtements, notamment des jeans, pantalons, jupes ou tenues décontractées. Une pièce polyvalente idéale pour la mi-saison, le printemps ou l’automne. Détails : • Marque : Max & Co.
• Modèle : Cocos
• Type : Veste utility / veste décontractée
• Pour femme
• Taille : M
• Couleur : Beige
• Fermeture et ajustement avec cordon de serrage
• Style moderne et polyvalent Cette veste Max & Co. pour femme constitue un excellent ajout à une garde-robe décontractée et élégante. Elle peut être portée au quotidien, pour les sorties, les voyages ou comme veste légère de mi-saison.","in stock","used_good","25.00 CAD","","https://scontent.fymq3-1.fna.fbcdn.net/v/t45.5328-4/814920928_1083987457547474_2462430252225185013_n.jpg?stp=c0.43.261.261a_dst-jpg_p261x260_tt6&_nc_cat=106&ccb=1-7&_nc_sid=247b10&_nc_ohc=gjwRVXM7eskQ7kNvwEwpGNx&_nc_oc=AdocTdhfS29wdiJOdbUrU0v0rn8KauTlFlr7mwjAH3X6MJW7hSY4-seNQA4KeTZfaTd-lJG6MWO3OMihXSn8Hm_w&_nc_zt=23&_nc_ht=scontent.fymq3-1.fna&_nc_gid=nDSueEqbjcjwD5hoImhdGw&_nc_ss=7b2a8&oh=00_AQJdP_twC44jum4LZaA8DCK41lGx8qkyYqmW-lnu0jIZtA&oe=6ABC2675","The Shelf Cartel Toys","Apparel & Accessories > Women's Clothing"
"SCT-0010","Veste utilitaire à capuchon Hollister vert olive – Taille Small Femme (P)","Veste utilitaire à capuchon Hollister vert olive, taille small. Elle est faite de tissu extensible et a une fermeture éclair sur toute la devant, avec une petite patte de protection à boutons-pression. La veste a une taille à cordon de serrage, deux poches à l'avant et un écusson de la marque sur la manche gauche. Parfait pour l’automne !","in stock","new","20.00 CAD","","https://scontent.fyhu2-1.fna.fbcdn.net/v/t45.5328-4/815054676_2103088993638342_5478083977955084180_n.jpg?stp=c0.43.261.261a_dst-jpg_p261x260_tt6&_nc_cat=111&ccb=1-7&_nc_sid=247b10&_nc_ohc=a1k6nizoFAkQ7kNvwF29jWZ&_nc_oc=AdpT9okrH3M4EhKpYze1qHkyRaa0J-K3EE8CBhWSiuc7eOrVlI4DA3misTYwJaSMMreT-ifdL6oczM_mbK07SXrR&_nc_zt=23&_nc_ht=scontent.fyhu2-1.fna&_nc_gid=nDSueEqbjcjwD5hoImhdGw&_nc_ss=7b2a8&oh=00_AQIVJsHueU9ezNH5fNcmax1T9Bwm1Z37J1Gb2KXCdS9KhA&oe=6ABC4743","The Shelf Cartel Toys","Apparel & Accessories > Women's Clothing"
"SCT-0011","Lot de 2 rideaux blanc 62 x 28","Lot de de deux rideaux blanc semi opaque envrionnement non fumeur 62x28 à vendre 10$ secteur ste Marthe du cap à trois rivieres.
Il etais dans la chambre de ma fille prendre note de la petite tache rose dans la partie intérieur du rideau","in stock","new","10.00 CAD","","https://scontent.fymq2-1.fna.fbcdn.net/v/t45.5328-4/814920765_2362012204623144_1461899437219572144_n.jpg?stp=c0.43.261.261a_dst-jpg_p261x260_tt6&_nc_cat=100&ccb=1-7&_nc_sid=247b10&_nc_ohc=vAEWXFA9rRoQ7kNvwFAfTsO&_nc_oc=AdpEbNSPNQQPmJPAU4msSmLucRkrAAPmgMN-KPaFwxMW9VyAP2De7Ae_DYmLSsw9GZQ4hrQfKL4ELTWUvyeVkttX&_nc_zt=23&_nc_ht=scontent.fymq2-1.fna&_nc_gid=nDSueEqbjcjwD5hoImhdGw&_nc_ss=7b2a8&oh=00_AQKfAhp_KU6FbIoc6_kwtAkdgZK7Gdsz-2gd1rYY6H7g-g&oe=6ABC39C2","The Shelf Cartel Toys","Home & Garden"
"SCT-0012","Lot 10 contes illustrés Auzou – Cendrillon, Peter Pan boucle d’or Pinocchio le chat boté etc","Lot de 10 albums livres contes illustrés des éditions Auzou : Le Chat Botté, Peter Pan, Pinocchio, Hansel et Gretel, La Belle et la Bête, Cendrillon, La Belle au bois dormant, La chèvre de Monsieur Seguin, Le Petit Chaperon rouge et Boucle d'Or. Bon état","in stock","used_good","25.00 CAD","","https://scontent.fymq2-1.fna.fbcdn.net/v/t45.5328-4/814920633_4513767242236197_2933086133624171710_n.jpg?stp=c43.0.260.260a_dst-jpg_p261x260_tt6&_nc_cat=100&ccb=1-7&_nc_sid=247b10&_nc_ohc=67wHMmq1K9wQ7kNvwG9i0XA&_nc_oc=AdqruTQgzqTBV8me7EBv9Ad1QtXWWB1TB2BQ_G5jCDtQS60GzCH7tW9iv6m-rjAd4RSOe9EUck8jPwLg0B-PWkph&_nc_zt=23&_nc_ht=scontent.fymq2-1.fna&_nc_gid=nDSueEqbjcjwD5hoImhdGw&_nc_ss=7b2a8&oh=00_AQLV8ZLumP3ZiyW8WdzfgSyq3giJJQ1Dala4s1Asm6v3vQ&oe=6ABC2D66","The Shelf Cartel Toys","Media > Books, Movies, Music"
"SCT-0013","Lot de 6 bande dessinées de super heroes","Watchmen no 1 (Dollar Comics), Harley Quinn Rebirth no 1, New Suicide Squad no 11 (couverture Bombshells), Suicide Squad nos 26 et 32, et L'Invincible Iron Man no 131/132 en français (format double). La plupart en pochette protectrice","in stock","used_good","14 CAD","https://collectiblethang.vercel.app/product/b5afcf92-037e-4f11-9fb4-4916bcf65a7f","https://i.ebayimg.com/images/g/i7QAAeSw6JVqbMaw/s-l1600.jpg","The Shelf Cartel Toys","Media > Books, Movies, Music"
"SCT-0014","Comment être top papa – livre cartonné","Guide humoristique pour nouveaux papas, par Shawn Bean (Hugo Image). Livre cartonné illustré, en français. Belle idée cadeau pour un shower de bébé. Bon état","in stock","used_good","1.00 CAD","","https://scontent.fyhu2-1.fna.fbcdn.net/v/t45.5328-4/814920658_1770952450906155_1436150392918851426_n.jpg?stp=c0.152.261.261a_dst-jpg_p261x260_tt6&_nc_cat=111&ccb=1-7&_nc_sid=247b10&_nc_ohc=VrdTSzRyAx8Q7kNvwF8Ey8R&_nc_oc=AdqUKSl48T2IqFe_CXRhF1dq8Dgx86Oj9gHGU6VcqFRQmLKj2-cqrCuHEDplyw-17xlkULE2cx7dkWmK3eYVqkyN&_nc_zt=23&_nc_ht=scontent.fyhu2-1.fna&_nc_gid=nDSueEqbjcjwD5hoImhdGw&_nc_ss=7b2a8&oh=00_AQJ4SO8jTd_5U8DKJeNHY8kxXWm2eB0IGg0aPaa5H3ehfg&oe=6ABC4D16","The Shelf Cartel Toys","Media > Books, Movies, Music"
"SCT-0015","Gros lot de livres et de magazines jeunesse en français","Gros lot de livres et magazines pour enfants et préados, en français : Cool!, Les Explorateurs, Dragon Club, Color Zen, Colette la mouffette, P'tit Loup, Histoires de Princesses, Un livre d'Hervé Tullet et plus. Parfait pour garderie, classe ou cadeau. Usure normale","in stock","used_good","30.00 CAD","","https://scontent.fyhu2-1.fna.fbcdn.net/v/t45.5328-4/814921090_1124904799960147_8271717547624400691_n.jpg?stp=c0.43.261.261a_dst-jpg_p261x260_tt6&_nc_cat=107&ccb=1-7&_nc_sid=247b10&_nc_ohc=E3wTR1R2s50Q7kNvwG9mOHr&_nc_oc=AdrMgLLnzY9Kda_o5T6T2AkSZUiG_6KMpLJ1a60RjHHKbjwDuj3VH5PlRkJZiV3cktAUHSZrzEGDjhVBzBqvlScf&_nc_zt=23&_nc_ht=scontent.fyhu2-1.fna&_nc_gid=nDSueEqbjcjwD5hoImhdGw&_nc_ss=7b2a8&oh=00_AQJgB6HqWwznQ7-H1kZxZwHA5_7_NACZKsNJUAFyyp5FRw&oe=6ABC3F99","The Shelf Cartel Toys","Media > Books, Movies, Music"
"SCT-0016","Livre Flash 8 & ActionScript 2 – français","Livre de référence Macromedia Flash 8 & ActionScript 2 d'Eric Charton (CampusPress), PC/Mac. Couverture usée, reliure intacte","in stock","used_good","5.00 CAD","","https://scontent.fymq2-1.fna.fbcdn.net/v/t45.5328-4/814920551_1810490947038207_6798405542549290539_n.jpg?stp=c0.152.261.261a_dst-jpg_p261x260_tt6&_nc_cat=104&ccb=1-7&_nc_sid=247b10&_nc_ohc=-BT-6eYdjj4Q7kNvwFWzZpr&_nc_oc=AdoqkgQIdQ4LVHfX1VUEBdrES0Rub6OcAhcFMXGk8yMT6dPMtFP0fmEleLEI2JWolkM22WHQO5BvpbsEZaWaQeTN&_nc_zt=23&_nc_ht=scontent.fymq2-1.fna&_nc_gid=vWAnt8QY_KDPXfpZsI2CVQ&_nc_ss=7b2a8&oh=00_AQKkW1M6aevmHVVc_LW9zlkRaccXubyDjyDosQzYxzfDRw&oe=6ABC36FE","The Shelf Cartel Toys","Media > Books, Movies, Music"
"SCT-0017","Lot de Livres, bande dessinée, BD - Mickey Parade, Archie, The Archies Vintage","Livres vintage rare Mickey Parade no 89 (mai 1987), Archie numéro 1 en français et The Archies (édition du film Netflix). Petits formats vintage, usure d'âge normale","in stock","used_good","14 CAD","https://collectiblethang.vercel.app/product/27ffe3b4-e37f-4b1c-a60f-ff82487505cf","https://i.ebayimg.com/images/g/-rcAAeSweUpp~Nfm/s-l1600.jpg","The Shelf Cartel Toys","Media > Books, Movies, Music"
"SCT-0018","Casquette Harley Davidson Bike Week Daytona Beach Live to Ride 2017 à bande velcro","Casquette Harley Davidson Bike Week Daytona Beach Live to Ride à bande velcro de couleur noir avec les ecritaux orange ! Fait à n’importe qui grâce à la bande à velcro ajustable ! Rare casquette fait expressément pour l’événementiel Bike Week situé à Daytona Beach Live to Ride en 2017 peut convenir autant à un Homme ou à une femme ! Je peux expédier partout au Québec au frais de l’acheteur","in stock","used_good","21 CAD","https://collectiblethang.vercel.app/product/1a71c425-c888-484f-bf76-86d6091035da","https://i.ebayimg.com/images/g/veIAAeSwhhhpzbE3/s-l1600.jpg","The Shelf Cartel Toys","Apparel & Accessories > Men's Clothing"
"SCT-0019","Hot Wheels Neon Speeders lot de 3 Porsche Cayman Subaru WRX Nissan GTR R35","Lot de 3 hot wheels
Comprenant Hot Wheels Neon Speeders Porsche Cayman S Subaru WRX Nissan GTR R35 rose","in stock","used_good","18.99 CAD","https://collectiblethang.vercel.app/product/03911008-eeb3-467b-8c03-d89a90da5625","https://i.ebayimg.com/images/g/clIAAeSwhXFqItmb/s-l1600.jpg","The Shelf Cartel Toys","Toys & Games"
"SCT-0020","Hot Wheels Premium Fast & Furious 25th 1970 Dodge Charger RT Chase","2 à vendre 50$. Ch. ou échanger contre la Supra + je donne du cash.
Je peux shipper au frais de l’acheteur!","in stock","used_good","8 CAD","https://collectiblethang.vercel.app/product/51c43211-9159-483a-8224-b2f9e7d9759f","https://i.ebayimg.com/images/g/FQEAAeSwOKhqZ7Nw/s-l1600.jpg","The Shelf Cartel Toys","Toys & Games"
"SCT-0021","Lot de 2 poupées Rainbow High – Rainbow Shimmers Violet + Airbrush Create NIB Neuf","Lot de 2 poupées Rainbow High neuves en boîte, parfait pour les collectionneurs et les amateurs de poupées Rainbow High. * Rainbow High Rainbow Shimmer Violet 20$ * Rainbow High Airbrush Create 30$
* 2 poupées neuves
* NIB – New in Box
* Emballages d’origine 45 $ pour les 2 Les deux poupées sont idéales pour compléter une collection Rainbow High, pour offrir en cadeau ou simplement pour les amateurs de poupées de collection aux styles colorés et uniques. ✨ Détails : * Marque : Rainbow High
* Lot de 2 poupées
* Modèles : Rainbow Shimmers Violet + Airbrush Create
* État : Neuf en boîte
* Emballage d’origine inclus 📦 État : NEUF / NIB. Les poupées n’ont jamais été utilisées et sont conservées dans leur emballage d’origine. Les boîtes peuvent présenter de légères marques de manipulation ou d’entreposage. 📸 Les photos font partie intégrante de la description. Vous recevrez exactement les deux articles présentés sur les photos. Emballage soigneux pour assurer une expédition sécuritaire. Expédition combinée disponible pour plusieurs achats; les frais sont calculés selon le poids, les dimensions du colis et la destination.","in stock","used_good","80 CAD","https://collectiblethang.vercel.app/product/0bfe6d31-2c2f-40d6-b16e-e14706149862","https://i.ebayimg.com/images/g/BQ0AAeSwZlhookz5/s-l1600.jpg","The Shelf Cartel Toys","Toys & Games"
"SCT-0022","Disney The Nightmare Before Christmas Glow in the Dark 5 Figurines de collection neuf en boîte","Ajoutez une touche macabre et originale à votre collection avec cet ensemble Disney The Nightmare Before Christmas Glow in the Dark, comprenant 5 figurines. Inspiré du célèbre film The Nightmare Before Christmas, cet ensemble est idéal pour les collectionneurs de Disney, Tim Burton et Nightmare Before Christmas. Les figurines présentent un effet Glow in the Dark, ajoutant un détail particulièrement intéressant lorsqu’elles sont exposées dans l’obscurité. 🎃 Détails : * Disney – The Nightmare Before Christmas
* Ensemble de 5 figurines
* Glow in the Dark / Phosphorescent
* Neuf
* Emballage d’origine
* Idéal pour collection, exposition ou cadeau
* Parfait pour les fans de Jack Skellington et de l’univers Nightmare Before Christmas 📦 État : NEUF. L’article n’a pas été utilisé et est présenté dans son emballage d’origine. L’emballage peut présenter de légères marques liées à la manipulation ou à l’entreposage. 📸 Les photos font partie intégrante de la description. Vous recevrez exactement l’article présenté sur les photos. Emballage soigneux pour assurer une expédition sécuritaire. Expédition combinée disponible pour plusieurs achats; les frais sont calculés selon le poids, les dimensions du colis et la destination au frais de l’acheteur ou en personne !","in stock","used_good","16.8 CAD","https://collectiblethang.vercel.app/product/a0c26e42-385b-4151-bdae-80c63c10e77e","https://i.ebayimg.com/images/g/ye8AAeSwLFFo1C28/s-l1600.jpg","The Shelf Cartel Toys","Toys & Games"
"SCT-0023","Lot de Ferrari 4 Bburago 1:24 LaFerrari 488 Pista 458 Italia SF90 Stradale et une Maisto 1:18 F80","Lot de 4 modèles réduits Ferrari Burago à l’échelle 1:24 l’état des 4 boîtes est MINT, ideal pour les collectionneurs de voitures miniatures et de modèles diecast. Inclus également une Ferrari F80 Jaune de Maisto échelle 1:18 Neuve. La boîte est en parfaite condition mais le plastique de la boîte est assez craquer 🏎️ Le lot comprend : * Ferrari LaFerrari 1:24 Burago
* Ferrari 488 Pista 1:24 Burago
* Ferrari SF90 Stradale 1:24 Burago
* Ferrari 458 Italia 1:24 Burago
* Ferrari F80 Jaune 1:18 Maisto Les 4 modèles sont fabriqués par BBurago à l’échelle 1:24 et représentent des Ferrari modernes particulièrement recherchées par les amateurs de voitures et de modèles réduits. ✨ Détails : * Marque : Burago
* Échelle : 1:24
* Lot de 4Ferrari
* Modèles : LaFerrari, 488 Pista et SF90 Stradale, 458 Italia
* Idéal pour collection, exposition ou cadeau
* Modèles diecast avec détails réalistes 📦 État : neuf mint Ramassage en personne ou
Emballage soigneux pour assurer une expédition sécuritaire. Expédition combinée disponible pour plusieurs achats; les frais sont calculés selon le poids, les dimensions du colis et la destination au frais de l’acheteur","in stock","used_good","24 CAD","https://collectiblethang.vercel.app/product/a5014f08-d884-43f4-9622-aead37a38d8a","https://scontent.fymq2-1.fna.fbcdn.net/v/t45.5328-4/816973030_933952555988603_2675057375035816430_n.jpg?stp=c151.0.260.260a_dst-jpg_p261x260_tt6&_nc_cat=100&ccb=1-7&_nc_sid=247b10&_nc_ohc=_S82hMwYjSsQ7kNvwHMR--E&_nc_oc=AdqqFjjlSsgu_F85bFxwR32aLUf8z_vKijAF7qR3e1x54w0OUYQKnxuB6gTUZ96EEER6vRO0n5HqaIGCE8mQvpPm&_nc_zt=23&_nc_ht=scontent.fymq2-1.fna&_nc_gid=vWAnt8QY_KDPXfpZsI2CVQ&_nc_ss=7b2a8&oh=00_AQLFEf_V9yB4XPURyWabnsxpUWXR3v_-8AsUcoG0422uGA&oe=6ABC55DE","The Shelf Cartel Toys","Toys & Games"
"SCT-0024","Barbie Flambant Neuve - Mysteries Beach Detectives Barbie Malibu avec accessoires","Découvrez la poupée Barbie Mysteries: Beach Detectives – Barbie Malibu, neuve dans sa boîte, avec ses accessoires inclus. Inspirée de la série Barbie Mysteries: Beach Detectives, cette Barbie Malibu est parfaite pour les collectionneurs, les amateurs de Barbie et les jeunes fans de la franchise. Elle est présentée dans son emballage d’origine et comprend plusieurs accessoires permettant de recréer différentes aventures et scènes de la série. ✨ Détails : * Barbie Malibu – Barbie Mysteries: Beach Detectives
* Neuve, jamais utilisée
* Boîte d’origine incluse
* Accessoires inclus
* Excellent choix pour collection, cadeau ou jeu
* Produit officiel Barbie / Mattel 📦 État : Neuve en boîte. L’emballage peut présenter de légères marques de manipulation ou d’entreposage. Voir les photos pour l’état exact de la boîte et du produit. Une belle pièce pour compléter une collection Barbie, particulièrement pour les fans de Barbie Mysteries: Beach Detectives et de Barbie Malibu. 📸 Les photos font partie de la description. Vous recevrez l’article montré sur les photos. Expédition soigneusement emballée afin de protéger la boîte pendant le transport. Expédition combinée disponible pour plusieurs achats; les frais sont calculés selon le poids, la dimension du colis et la destination.","in stock","used_good","124 CAD","https://collectiblethang.vercel.app/product/95a1818b-e96a-4d3b-a839-6e6b446150c4","https://i.ebayimg.com/images/g/fpcAAeSwvb1p7gPy/s-l1600.jpg","The Shelf Cartel Toys","Toys & Games"
"SCT-0025","Hot Wheels Silver Series & Neon Speeders Voitures Miniatures Neuves Fast & Furious, Exotics VTG Club","Collection de voitures Hot Wheels miniatures échelle 1:64, neuves et jamais ouvertes, provenant de plusieurs séries premium recherchées par les collectionneurs : Silver Series Exotics (Ferrari LaFerrari, McLaren P1, Lamborghini Veneno, Aston Martin Vulcan, Pagani Utopia), Silver Series Vintage Club (BMW 507, Alfa Romeo Giulia GTAm), Fast & Furious 25e anniversaire (set complet des voitures iconiques du film : Honda Civic, Dodge Charger, Toyota Supra, Mazda RX-7, Mitsubishi Eclipse), ainsi que la série Neon Speeders (Nissan GT-R R35, BMW M4, Camaro ZL1). Chaque voiture est vendue individuellement 10$ ou 3 pour 25$ 6 pour 45$ parfait pour les collectionneurs qui cherchent à compléter une série spécifique, les fans de Fast & Furious, ou les amateurs de voitures exotiques miniatures. Toutes les cartes sont en bon état, jamais retirées de l'emballage d'origine.","in stock","used_good","18.99 CAD","https://collectiblethang.vercel.app/product/03911008-eeb3-467b-8c03-d89a90da5625","https://i.ebayimg.com/images/g/clIAAeSwhXFqItmb/s-l1600.jpg","The Shelf Cartel Toys","Toys & Games"
"SCT-0026","Lot Géant de Figurines DC & Marvel +-120 Pièces, Vintage 1990-2000","Immense collection de figurines, statues et véhicules DC et Marvel plus ou moins 120 pièces au total, couvrant trois décennies de collection, du début des années 1990 jusqu'aux années 2000 et plus récent. Ce lot est parfait pour les collectionneurs qui veulent compléter leur collection, les revendeurs, ou toute personne qui souhaite se lancer dans le hobby avec une énorme longueur d'avance. Personnages et pièces vedettes La pièce centrale du lot est une grande statue/figurine Iron Man de style Mark 42, dorée et rouge — une pièce d'exposition qui attire immédiatement l'œil. À noter : une jambe présente une petite cassure qui a été réparée avec du ruban adhésif (voir photos pour une divulgation complète). Même avec ce défaut, cette figurine seule se détaille à environ 200 $ à l'état neuf, ce qui donne une idée de la valeur réelle incluse dans ce lot, avant même de compter les 119 autres pièces. Aux côtés d'Iron Man se trouvent un grand Batman en costume noir et une figurine classique de Superman, deux excellentes pièces centrales pour toute étagère d'exposition DC. Vous trouverez également Wonder Woman, Captain America, Thor, Hulk, Spider-Man, Doctor Strange, Vision, All Might, Robin, Black Widow, Aquaman, Bane, Green Lantern, Venom, Killer Croc, Batman Beyond et Captain Marvel — un véritable mélange d'Avengers, de Justice League et plus encore. Pièces vintage et de qualité collection Ce lot n'est pas seulement composé de figurines modernes — il inclut de véritables pièces vintage avec une réelle valeur de collection : • Une figurine vintage Toy Biz de Batman datant de 1991, un véritable morceau d'histoire de la collection DC du début des années 90. • Une figurine Green Lizard de 2012, exclusivité Walmart — très recherchée par les collectionneurs de vilains de Spider-Man, ces exclusivités deviennent de plus en plus difficiles à trouver. • Plusieurs figurines McFarlane Toys, reconnues dans l'industrie pour leur qualité de sculpture exceptionnelle et leur peinture détaillée. Les pièces McFarlane se vendaient à prix fort à l'époque de leur sortie et demeurent aujourd'hui une valeur sûre chez les collectionneurs sérieux. • Des figurines en métal moulé de la série Marvel Titanium, incluant Green Goblin et Doctor Octopus — cette gamme était prisée pour sa construction en métal solide et ses détails de sculpture miniature, ce qui rend ces pièces durables et très collectionnables comparativement aux figurines en plastique standard. Également inclus • Une Batmobile de 1991, une excellente pièce d'exposition pour toute collection Batman. • Des dizaines de miniatures de style HeroClix sur socles d'exposition, parfaites pour les collectionneurs de jeux de plateau ou la construction de dioramas. • Plusieurs mini-figurines de style Funko (Joker, Robin) pour les collectionneurs de culture pop. • Une grande variété de figurines de 3 à 7 pouces couvrant les univers Marvel et DC, dans différents styles, échelles et époques de fabrication. État Il s'agit d'une collection usagée, accumulée et aimée au fil de nombreuses années. La majorité des pièces sont en bon état, avec une usure normale liée à l'âge. Comme mentionné ci-dessus, la grande statue d'Iron Man présente une réparation au ruban adhésif sur une jambe — des photos complètes sont fournies afin que vous puissiez évaluer vous-même l'état avant l'achat. Aucun emballage d'origine n'est inclus, sauf indication contraire. Veuillez examiner attentivement toutes les photos, car elles font partie intégrante de la description. Pourquoi acheter ce lot Avec 120 pièces couvrant du vintage Toy Biz des années 1990, des exclusivités Walmart recherchées, des sculptures McFarlane haut de gamme et des figurines en métal moulé de la série Titanium, cette collection offre une réelle valeur, que vous cherchiez à compléter une collection personnelle, à commencer la revente à la pièce, ou simplement à obtenir un immense lot de départ de collectibles DC et Marvel à une fraction du prix qu'auraient ces pièces achetées individuellement. La grande pièce Iron Man représente à elle seule une part importante de la valeur de ce lot, même en tenant compte de la réparation à la jambe. Les questions sérieuses sont bienvenues — n'hésitez pas à poser des questions sur des pièces spécifiques avant l'achat. Livraison combinée possible, ou cueillette locale — veuillez me contacter pour un estimé d'envoi compte tenu de la taille et du poids du lot. Je peux vendre à l’unité 2$ pouvant monter beaucoup plus que ça par figurine dépend lesquels. Mais ça ne sera pas avantageux pour l’acheteur","in stock","new","50 CAD","https://collectiblethang.vercel.app/product/ed965e4d-cd5f-45e3-b53d-38e5eab6d3e3","https://i.ebayimg.com/images/g/2tIAAeSwXeFqh7B6/s-l1600.jpg","The Shelf Cartel Toys","Toys & Games"
"SCT-0027","Lot Figurines DC & Marvel Neuves en Boîte – Batman, Aquaman, McFarlane, NECA","Superbe lot de figurines de collection DC Comics et Marvel, toutes neuves et encore dans leur emballage d'origine (NIB). Idéal pour les collectionneurs ou en revente. Prix diminuer en raison que le lot ne comprend plus la • Marvel Legends – Coffret Spider-Gwen vs Doctor Doom vendu Le lot comprend : • DC Direct – The Flash Heat Wave (figurine articulée) • McFarlane Toys DC Multiverse – Black Adam • The New Batman Adventures – Batgirl (figurine + accessoires) • The New Batman Adventures – Bane (figurine + accessoires) • Batmobile The New Batman Adventures (véhicule) • Super Powers – Darkseid (blister carte) • McFarlane DCeased – Aquaman • Marvel Classic – Loki (Disney+) • Figurine Superman (blister) NECA","in stock","used_good","25 CAD","https://collectiblethang.vercel.app/product/d6e8aeff-0628-49bd-a34b-536529e089e3","https://i.ebayimg.com/images/g/k9MAAeSwA9FqfgbJ/s-l1600.jpg","The Shelf Cartel Toys","Toys & Games"
"SCT-0028","LOT de Jouets neuf Barbie, Royale High, Little people, Pokémon, Dora, Nightmare Before Christmas","Ensemble de jouets neuf et usagés – Barbie, Royale High, Little People, Pokémon, Dora & Nightmare Before Christmas valeur au détails de 450$ + le tout pour 90$ Lot varié comprenant 9 jouets neufs, accompagnés de plusieurs figurines et accessoires usagés provenant de différentes collections populaires. Le lot comprend notamment des articles associés à : * Barbie
* Royale High
* Fisher-Price Little People
* Pokémon
* Dora
* The Nightmare Before Christmas Les 9 jouets neufs sont encore dans leur emballage d’origine. Le lot comprend également plusieurs figurines usagées, idéales pour compléter des collections, remplacer des personnages manquants ou simplement pour jouer. État : mélange de neuf et d’usagé. Les articles usagés peuvent présenter des signes d’utilisation, d’usure ou de manipulation normale . Tout est en bonne état ! Les jouets neufs sont en parfaite condition ! 📦 Le lot est vendu tel que présenté sur les photos. Aucun élément supplémentaire n’est inclus au-delà de ce qui est montré. Un ensemble intéressant pour les amateurs de jouets collectionneurs brocanteurs etc d","in stock","used_good","16.8 CAD","https://collectiblethang.vercel.app/product/a0c26e42-385b-4151-bdae-80c63c10e77e","https://i.ebayimg.com/images/g/ye8AAeSwLFFo1C28/s-l1600.jpg","The Shelf Cartel Toys","Toys & Games"
"SCT-0029","Lot de cartes de Football NFL ~200 +- Panini Illusions Score Rising Stars Hurts Herbert Chubb RC","Immense collection de cartes de football (NFL) regroupant plusieurs marques et types d'inserts. Ce lot comprend de nombreuses cartes Score « Rising Stars » à bordure verte, ainsi que des cartes à bordure orange à thème Halloween. La collection contient aussi diverses cartes holographiques et refractor de marques comme Panini Chronicles et Illusions. Parmi les joueurs vedettes : Mike Alstott, Alvin Kamara, Derek Carr et Jalen Hurts.","in stock","used_good","40.00 CAD","","https://scontent.fyhu2-1.fna.fbcdn.net/v/t45.5328-4/808317004_1742986670328920_7943210405121905063_n.jpg?stp=c43.0.260.260a_dst-jpg_p261x260_tt6&_nc_cat=111&ccb=1-7&_nc_sid=247b10&_nc_ohc=lfDChbrE0xwQ7kNvwEm5yvX&_nc_oc=AdqEbwIk-NuRvYd_8oiNP7oidrtzSUh6RXv4fxRJPidLj7Sl2jN-elHrjaEsa-Y4z1JDkvsvY6DE-U3zuuHLPI0e&_nc_zt=23&_nc_ht=scontent.fyhu2-1.fna&_nc_gid=3gjgsXXahMz5Z0NskT7QCw&_nc_ss=7b2a8&oh=00_AQKL8fgoFQgrIIGpY9RYMdNAdRvHXe_Rneunr1eePPU5hw&oe=6ABC58E7","The Shelf Cartel Toys","Collectibles"
"SCT-0030","Kawasaki Die-Cast Model ATV","Detailed die-cast Kawasaki ATV model is dark green with black racks and seat. This scale model has silver wheels and realistic handlebar controls.","in stock","used_good","48 CAD","https://collectiblethang.vercel.app/product/5d2ab0a9-11ce-44ba-9831-3a36164e3fd9","https://i.ebayimg.com/images/g/~44AAeSw9LVoYJ3t/s-l1600.jpg","The Shelf Cartel Toys","Toys & Games"
"SCT-0031","Voiture Mater Disney Pixar Cars Color Changers 2-en-1 – Neuve","Voiture Mater de la collection Disney Pixar Cars Color Changers, modèle 2-en-1 à l'échelle 1:55. Couleur mauve distinctive inspirée du personnage Mater. Neuve, jamais sortie de l'emballage. Pièce de collection en édition spéciale, idéale pour les amateurs de la série Cars.","in stock","used_good","19.95 CAD","https://collectiblethang.vercel.app/product/938cd456-78c1-4378-bcbf-70f955a9f25d","https://i.ebayimg.com/images/g/xGgAAeSwV8lpq4MF/s-l1600.jpg","The Shelf Cartel Toys","Toys & Games"
"SCT-0032","Diecast Remorqueuse avec son et lumière","Detailed plastic and metal tow truck toy is white and red. It has a multi-stage extendable boom arm with a functional winch mechanism. The vehicle is a three-axle design with chrome-finished wheels and emergency light bars on the cab roof. Le son et les lumières nécessite des petites batteries que je n’ai pas à la maison.","in stock","used_fair","10.00 CAD","","https://scontent.fymq3-1.fna.fbcdn.net/v/t45.5328-4/808044311_1007465855639103_8729208805599999877_n.jpg?stp=c43.0.260.260a_dst-jpg_p261x260_tt6&_nc_cat=102&ccb=1-7&_nc_sid=247b10&_nc_ohc=dZs6GCew05gQ7kNvwFqJGAd&_nc_oc=AdqzCjnfr5E1SJfz3lyWFWawinNdUInYgQ8OnKlei4x-vKtO7GYcDDr1xvTDwNGOk-tPN6JOAwvpl9RE8s-SEZyn&_nc_zt=23&_nc_ht=scontent.fymq3-1.fna&_nc_gid=3gjgsXXahMz5Z0NskT7QCw&_nc_ss=7b2a8&oh=00_AQIsfAcAYdhfkEafsYndvx3IbJ3TunjOybUAka1KebwGTw&oe=6ABC2DD3","The Shelf Cartel Toys","Toys & Games"
"SCT-0033","Tracteur Barbie avec Remorque et Poupée Incluse","Tracteur Barbie en plastique rouge avec remorque rose et jaune détachable. Cet ensemble comprend une poupée Barbie blonde portant un débardeur rose, un short à motif de marguerites et des bottes jaunes. La remorque contient de petits accessoires, dont une brosse mauve et des morceaux de tissu colorés.","in stock","used_good","20.00 CAD","","https://scontent.fyhu2-1.fna.fbcdn.net/v/t45.5328-4/808102813_2081281623264616_8290168704013577962_n.jpg?stp=c43.0.260.260a_dst-jpg_p261x260_tt6&_nc_cat=107&ccb=1-7&_nc_sid=247b10&_nc_ohc=m1zvI3EXykQQ7kNvwGNyDla&_nc_oc=AdqAlfAh01Y0Xfo4lWqocY3vTjZPmQ87vcKF3-yyo-ztax8-1EXHpypxaHIEwWJhYl3IQcc6hAUQnK0q5h6nkeF3&_nc_zt=23&_nc_ht=scontent.fyhu2-1.fna&_nc_gid=jPswg0zI7uYtuU5LeaM5mw&_nc_ss=7b2a8&oh=00_AQJJirl5igdNU9ud-mRiBYF7x5hICTWw_DsgYpQB52WLvQ&oe=6ABC3E0D","The Shelf Cartel Toys","Toys & Games"
"SCT-0034","Matchbox Dodge Charger Pursuit 2023 et Camion Blaze Buster II – Diecast 1:64","Véhicules Matchbox en métal moulé, neufs. Cet ensemble comprend une Dodge Charger Pursuit 2023 vert pâle (Park Ranger, National Parks) et un camion de pompier Blaze Buster II blanc (Fire Dept). Les deux pièces sont dans leur emballage blister d'origine.","in stock","used_good","16.49 CAD","https://collectiblethang.vercel.app/product/911112ed-c28d-4c0b-92dd-16b1ab6359cc","https://i.ebayimg.com/images/g/u3IAAeSwSZxqGLAR/s-l1600.jpg","The Shelf Cartel Toys","Toys & Games"
"SCT-0035","Matchbox Camion de Livraison UPS – Diecast 1:64","Camion de livraison UPS Matchbox, neuf, en métal moulé et plastique. Ce camion brun fait partie de la série 98/125 et est présenté dans son emballage blister d'origine.","in stock","used_good","7.5 CAD","https://collectiblethang.vercel.app/product/218d892b-c1c0-4a8b-af44-bf383592e83b","https://i.ebayimg.com/images/g/wYQAAeSwTatqnF6u/s-l1600.jpg","The Shelf Cartel Toys","Toys & Games"
"SCT-0036","Peluche Grogu (Bébé Yoda) NEUVE en boîte – Mattel, Star Wars The Mandalorian","Ne parle pas. Nouvelle peluche Grogu (Bébé Yoda) de Mattel, au corps souple et à la tête verte sculptée. Cet article de collection provient de la série The Mandalorian et porte une robe en tissu beige avec un col en fausse fourrure. Le jouet est dans son emballage d'origine, ouvert. Voir mes autres annonces – possibilité d'expédition aux frais de l'acheteur.","in stock","used_good","21.6 CAD","https://collectiblethang.vercel.app/product/8206c336-c581-4cc3-b952-6c12b28bef9b","https://i.ebayimg.com/images/g/PUYAAOSw9wpneYiV/s-l1600.jpg","The Shelf Cartel Toys","Toys & Games"
"SCT-0037","Figurine Harry Potter Wizarding World (McFarlane Toys), neuve en boîte","Figurine Harry Potter Wizarding World neuve, encore en boîte. Cette figurine en plastique porte un manteau brun, un jean bleu, et est accompagnée d'un accessoire Patronus bleu translucide. Fabriquée par McFarlane Toys. À noter que la partie du haut de l'emballage en plastique ne tient plus bien en place – cela ne paraît pas, sauf si on pousse sur le plastique. Sinon, la boîte est en bon état.","in stock","used_good","149 CAD","https://collectiblethang.vercel.app/product/9ac2bdf7-0c73-4721-b194-35c1758df076","https://i.ebayimg.com/images/g/D34AAeSwk0Zo1zY6/s-l1600.jpg","The Shelf Cartel Toys","Toys & Games"
"SCT-0038","Ensemble de construction Mattel Brick Shop Masters of the Universe – Clash at Snake Mountain","Ensemble de construction officiel Mattel Masters of the Universe. Combinaison audacieuse de couleurs noir et rouge, avec figurines Nanoworld détaillées incluses. Diorama captivant qui donne vie aux personnages iconiques de Masters of the Universe. Idéal pour les collectionneurs et les enfants qui aiment le jeu imaginatif riche en action.","in stock","used_good","29 CAD","https://collectiblethang.vercel.app/product/6526ab00-685a-4b4e-9111-83d82554920a","https://i.ebayimg.com/images/g/NN8AAeSw0Kxqfec3/s-l1600.jpg","The Shelf Cartel Toys","Toys & Games"
"SCT-0039","Paire de sabots en bois sculptés vintage (souvenir)","Jolie paire de petits sabots en bois massif, sculptés à la main avec des détails soignés (lignes gravées sur le dessus, semelle bien formée). Inscription visible à l'intérieur d'un des sabots, semblant indiquer une origine ou provenance particulière. Belle patine naturelle du bois témoignant de leur authenticité et de leur âge. Probablement français ou belge. Idéal comme pièce de collection, objet décoratif sur une étagère, ou souvenir folklorique. Bon état général avec quelques marques d'usure normales pour l'âge 7.5 pouces de long x 2 po x 2 po Je peux shipper a vos frais voir autres annonces","in stock","used_good","15.00 CAD","","https://scontent.fyhu2-1.fna.fbcdn.net/v/t45.5328-4/803406381_1049307707956318_3951228312060933606_n.jpg?stp=c43.0.260.260a_dst-jpg_p261x260_tt6&_nc_cat=105&ccb=1-7&_nc_sid=247b10&_nc_ohc=-UykDJyQEucQ7kNvwEwbIS7&_nc_oc=AdqQtWDfe6Bav7rQQsS30KN-EXDgQZxqV-25yoc52I0KsNfiVm1DHlSmMHVhtjlNg4IC5UQxgtTucIc7c3XX_o1t&_nc_zt=23&_nc_ht=scontent.fyhu2-1.fna&_nc_gid=jPswg0zI7uYtuU5LeaM5mw&_nc_ss=7b2a8&oh=00_AQIPmWb_wpcS-2BfnhLRFsS3rGmt9EwoCCurTbeTAY7Lfw&oe=6ABC3058","The Shelf Cartel Toys","Toys & Games"
"SCT-0040","Buste Diamond Select Rachel Grey Marvel Girl X-Men – Édition Limitée LE 600 (2007), NEUF","Extrêmement rare ! Seulement 600 exemplaires dans le monde. Possibilité d'expédition aux frais de l'acheteur. Voici le mini-buste Rachel Grey en Marvel Girl, une édition limitée exclusive ActionFigureXpress (ShopAFX.com) de Diamond Select Toys, faisant partie de la collection Marvel Universe Exclusive mini bust. Limité à seulement 600 exemplaires produits dans le monde, ce buste en résine de 6 pouces représente la mutante de niveau Oméga Rachel Grey, perchée sur une pierre tombale sculptée de la famille Grey. Sculpté par Sam Greenwell, le buste comprend une base numérotée à la main, une boîte numérotée correspondante et un certificat d'authenticité. Réellement difficile à trouver : aucune annonce active ni vente récente n'a été repérée en ligne pour cette exclusivité précise. La boîte présente une usure normale d'étagère liée à l'âge (voir photos). Expédié avec un rembourrage supplémentaire étant donné la construction en résine et la valeur de collection. Rachel Grey est née dans le monde effrayant entrevu dans la célèbre histoire Days of Future Past. Possédant des capacités télékinétiques et télépathiques semblables à celles de sa mère, elle a repris à cœur les noms de code de cette dernière et a utilisé à la fois Phoenix et Marvel Girl comme membre des X-Men. Ce buste de six pouces représente la mutante de niveau Oméga avec une tête variante « Deathmark », posée sur une pierre tombale de la famille Grey – résultat d'une attaque dévastatrice contre tout le génome des Grey par l'empire Shi'ar. Certificat d'authenticité signé, très difficile à obtenir, rare puisque seulement 600 exemplaires ont été fabriqués — celui-ci porte le numéro 337. La première photo est indicative, car la boîte est scellée et neuve.","in stock","used_good","179 CAD","https://collectiblethang.vercel.app/product/c87e55d9-da2b-4e62-9de2-13530d1990a3","https://i.ebayimg.com/images/g/A~kAAeSwIDpqof-K/s-l1600.jpg","The Shelf Cartel Toys","Toys & Games"
"SCT-0041","Vintage Canadian National & Union Pacific Model Train Lot with Tracks and Accessories","HUGE lot of vintage model train items — more than 100 pieces total! This massive collection combines HO scale Bachmann rolling stock with a vintage Goldlok “Continental Star Express” battery/track-powered train set, plus a large assortment of track, scenery, and accessories. Perfect for collectors, hobbyists, model railroad enthusiasts, or resellers looking to restore or expand a layout. Bachmann HO Scale Collection: Featuring a 1995 Bachmann “Thunderbolt” Canadian National CN 5075 diesel locomotive, plus multiple Canadian National branded freight cars including boxcars (CN 201422, CN 795048), a hopper car, a caboose (CN 76386), a Cyanamid tank car, and a bonus Union Pacific boxcar (“We Can Handle It”). A vintage cattle/stock car is also included. Several pieces feature weighted die-cast metal chassis for authentic feel and improved rail traction — great for anyone building out their Canadian National or Union Pacific roster. Goldlok “Continental Star Express” Set: Vintage Goldlok Toys train set (Item No. 9668, Made in China), Spirit of Steam series, including steam-style locomotive, coal tender, “Comfort Rider” passenger coach, red boxcar, and a construction loader accessory station. Powered via external battery pack connected through a special powered track section (included). Track & Accessories: Large quantity of HO scale curved and straight track pieces, telephone pole sprues, railroad crossing signs, “Men Working,” “Danger,” and “RR Property Keep Out” signage, small figures, and scenery accessories. Condition: Sold AS-IS, untested. This is a used, vintage mixed lot — general play and storage wear present, completeness not guaranteed. Please review all photos carefully, as they form part of the listing description. No original boxes included unless pictured. Pieces might are missing I don’t know I don’t have time to test this!","in stock","new","4.8 CAD","https://collectiblethang.vercel.app/product/eb504212-297f-4deb-b51f-6d2cdf6a5e4a","https://i.ebayimg.com/images/g/9FMAAeSwf6loYFWZ/s-l1600.jpg","The Shelf Cartel Toys","Toys & Games"
"SCT-0042","Hot wheels Mainline au choix à partir de 4$ ou prix pour le lot","Extensive collection of Hot Wheels die-cast metal toy cars. Each vehicle is in its original individual blister pack packaging. The lot includes a variety of models from different series, including standard mainlines and themed sets. The primary materials are die-cast metal and plastic.
Some of the model I Have ’16 Cadillac ATS-V R Orange
’16 Cadillac ATS-V R Grey
’18 Camaro SS White - Case L
’19 Mercedes-Benz A-Class Black
’33 Ford Lo Boy White - Case L
’66 Corvette Gas Monkey Garage Gold - Case L
’68 Mercury Cougar
’71 Lamborghini Miura SV Purple
’71 Lamborghini Miura SV Black
’89 Mercedes-Benz 560 SEC AMG #186/250 - Case C 2025
‘90 Acura NSX White #175/250 - HW The 90’s
’94 Toyota Supra Black - Case L
’96 Dodge Viper GTS - Case L
‘96 Porsche Carrera White #174/250 - HW The 90’s
‘98 Subaru Impreza 22B-STi White & Red #244/250 - The 90’s
’17 Ford F-150 Raptor Blue #178/250 - HW Dirt (2x)
1963 Ford Galaxie Blue
1970 Pontiac Firebird Blue - Case L
1972 Datsun Sunny Coupe Orange - Case L
2019 Audi TT Safari
2024 Aston Martin Vantage GT3 - Case L
BMW M4 GT3
Bugatti Bolide White & Red - Case L
Buick Riviera ’66 Brown
Datsun 240Z
Deora Tooned - Case L
Ferrari 12Cilindri Blue
Ferrari 365 GTB4 Competizione - Case L
Ford Bronco White & Red - Case L
Ford Performance Supervan 4 #17/250 - Treasure Hunt
H.W K.I.T.T Concept Black
Hyper Rocker Green - Case L
Mazda RX-7
Nissan Maxima Drift Car Black - Case M
Polestar TRX
Shelby Daytona Blue #122/250 - HW Race Day
Snoopy
Tesla CyberSquad Grey
The Dark Knight Batman - Case M
Toyota AE86 Sprinter Trueno Purple - Case I
Toyota Prius Custom White
Toyota Prius Custom Green
Volvo 240 Drift T Wagon - Case M","in stock","used_good","5.5 CAD","https://collectiblethang.vercel.app/product/9cd326a9-b48e-4f59-be51-4d1b399e51fe","https://i.ebayimg.com/images/g/G~sAAeSwu-xoPjA2/s-l1600.jpg","The Shelf Cartel Toys","Toys & Games"
"SCT-0043","Matchbox et Matchbox collector au choix à partir de 4$","Matchbox et Matchbox collector 4$ les régulière 15$ les collectors Non dispo Porsche Cayenne Germany
UPS delivery truck
Toyota Supra the movie Prix pour le lot sur demande! Voici la liste des produits : 2023 Toyota GR Supra Yellow - Mainline 43-125
2023 Toyota GR Supra Grey - Mainline 121-125
2023 Toyota RAV4 TRD Dark Green - Mainline
2017 Toyota Land Cruiser 78 White Red - Mainline
1997 Toyota RAV4 Off Road Blue - Mainline 68-125
1980 Jeep J10 Stepside Red - Mainline 34-125
Porsche 911 Carrera Cabriolet Grey - Mainline
1985 Porsche 911 Rally Grey - Mainline
Porsche Cayenne Turbo Black Germany Edition
Express Delivery UPS Van Brown - Mainline 68-125
2023 Chevy Corvette Z06 Convertible Orange - 48-125
1969 Camaro SS 396 White Orange - Mainline 56-125
Porsche 918 Spyder Blue - Mainline 109-125
1997 McLaren F1 GT Green - Mainline 32-125 NEW MODEL
1968 Ford Mustang Fastback Green - The Movie 1-12
1969 Ford Mustang GT Green - The Movie 7-12
2020 Nissan GT-R Nismo Grey - The Movie 3-12 (Out of stock)
2024 Triumph Scrambler Black - The Movie 4-12
2019 Ram Ambulance White EMS - The Movie 5-12
Chevy Stock Car Black 35 - The Movie 6-12
1969 Chevrolet Camaro SS Blue - The Movie 2-12
Land Rover Defender 110 Beige - The Movie 10-12
1973 Volkswagen T2B Bus Orange - The Movie
1968 Ford Mustang Fastback Green - Movie Collector 04-04
1969 Chevrolet Camaro Blue - Movie Collector
Land Rover 6x6 Beige - Movie Collector 03-04
1972 Datsun 240Z Rally Yellow 11 - Collector 07-20
2023 Audi RS6 Avant White 63 - Collector 13-20
1984 Toyota MR2 Red 8 - Collector 09-20
1986 Volkswagen Golf Country Red 38 - Collector 02-20
Lamborghini LM002 White - Mainline 61-125
Radical SR33 XXR Yellow 71/125
Mazda RX7 Spirit R Titanium Grey #45
Porsche Targa Green Carrera
MBX Showroom Push N Puller Blue 53/100 70th Annive
2023 Chevy Corvette Z06 Convertible Orange #48","in stock","used_good","17.8 CAD","https://collectiblethang.vercel.app/product/a28fd93f-6259-4f48-aa86-96b0196df4f0","https://i.ebayimg.com/images/g/tI0AAeSwpFJpipq-/s-l1600.jpg","The Shelf Cartel Toys","Toys & Games"
"SCT-0044","Hot Wheels Premium Fast & Furious Lexus LFA","New Hot Wheels Premium Lexus LFA die-cast car. This metal-on-metal model has Real Riders tires and is part of the Fast & Furious collection.","in stock","used_good","71 CAD","https://collectiblethang.vercel.app/product/c5df1710-f3b9-4b25-adda-49ea964b909b","https://i.ebayimg.com/images/g/Fb4AAeSw-qlqnc3N/s-l1600.jpg","The Shelf Cartel Toys","Toys & Games"
"SCT-0045","Hot Wheels Premium Fast & Furious Nissan 350Z Custom","New Hot Wheels Premium die-cast car from the Fast & Furious series. This 1:64 scale Nissan 350Z Custom has a metal body and chassis with Real Riders rubber tires. The vehicle is dark gray with black graphics.","in stock","used_good","17 CAD","https://collectiblethang.vercel.app/product/345e9cb2-96e3-4744-b81f-06a8748b2dc3","https://i.ebayimg.com/images/g/-DQAAeSw0HxqnW20/s-l1600.jpg","The Shelf Cartel Toys","Toys & Games"
"SCT-0046","Hot Wheels Premium Fast & Furious McLaren 720S","New Hot Wheels Premium die-cast car is a 1:64 scale model. This McLaren 720S has a blue exterior with black wheels. It is part of the Fast & Furious series and features Real Riders tires and a metal body and chassis.","in stock","used_good","71 CAD","https://collectiblethang.vercel.app/product/c5df1710-f3b9-4b25-adda-49ea964b909b","https://i.ebayimg.com/images/g/Fb4AAeSw-qlqnc3N/s-l1600.jpg","The Shelf Cartel Toys","Toys & Games"
"SCT-0047","Hot Wheels Fast & Furious Premium Mercedes-Benz SLS AMG Coup  Black Series","New Hot Wheels Fast & Furious Premium die-cast car. This 1/64 scale Mercedes-Benz SLS AMG Coup  Black Series is white with black wheels. It has a metal body and chassis with Real Riders rubber tires.","in stock","used_good","6.5 CAD","https://collectiblethang.vercel.app/product/d5d464df-0e9e-4410-8892-a00fde8c3552","https://i.ebayimg.com/images/g/rUIAAeSw3GFnujAs/s-l1600.jpg","The Shelf Cartel Toys","Toys & Games"
"SCT-0048","Hot Wheels Premium Fast & Furious 4-Car Set: Lexus LFA, Nissan 350Z, McLaren 720S, Mercedes-Benz SLS AMG","New Hot Wheels Premium Fast & Furious die-cast car set. This collection includes the Lexus LFA, Nissan 350Z Custom, McLaren 720S, and Mercedes-Benz SLS AMG Coupe Black Series. Each vehicle has a metal body and chassis with Real Riders rubber tires. The cars are part of the 25th-anniversary series and come in their original individual blister packs.","in stock","used_good","17 CAD","https://collectiblethang.vercel.app/product/345e9cb2-96e3-4744-b81f-06a8748b2dc3","https://i.ebayimg.com/images/g/-DQAAeSw0HxqnW20/s-l1600.jpg","The Shelf Cartel Toys","Toys & Games"
"SCT-0049","LEGO Minecraft Movie 21272 Woodland Mansion Fighting Ring","New LEGO Minecraft Movie set 21272. This 491-piece building toy is for ages 10 and up. It has a Woodland Mansion Fighting Ring theme and includes minifigures of Henry, Garrett, Steve, a Chicken Jockey, and a Great Hog.","in stock","used_good","60 CAD","https://collectiblethang.vercel.app/product/33d41465-5d33-420c-b455-683bd55ac3bd","https://i.ebayimg.com/images/g/2dMAAeSwrd5qmc7T/s-l1600.jpg","The Shelf Cartel Toys","Toys & Games"
"SCT-0050","Voiture Mater Disney Pixar Cars 2026 (Mattel, Die-Cast 1:64) – Collection Race to Celebrate, Neuve","Nouvelle dépanneuse miniature en métal moulé (die-cast) aux couleurs turquoise, jaune et orange. Ce véhicule Mater de la collection Disney Pixar Cars par Mattel est doté d'un crochet de remorquage en plastique et de roues jaunes. L'article est dans son emballage d'origine (blister).","in stock","used_good","21.84 CAD","https://collectiblethang.vercel.app/product/db5dbdd3-38b4-4b1d-af15-b9a66ac246cd","https://i.ebayimg.com/images/g/DTcAAeSwK8xqXoeE/s-l1600.jpg","The Shelf Cartel Toys","Toys & Games"
"SCT-0051","Lot de Maisto Special Edition 1:24 Die-Cast Cars Toyota Supra Porsche 911 et van samba","New set of three Maisto Special Edition die-cast metal model cars. This collection includes a grey 1:24 Toyota GR Supra, a red and white 1:25 Volkswagen Van Samba, and a yellow 1:24 Porsche 911 GT2 RS. Each vehicle is housed in its original blue and black display packaging. 55 pour les 3 ou 20$ chaque","in stock","used_good","20 CAD","https://collectiblethang.vercel.app/product/ae6181f5-f249-499e-8c8b-ef6bdfd859a5","https://i.ebayimg.com/images/g/5lIAAeSw0F5p6ASH/s-l1600.jpg","The Shelf Cartel Toys","Toys & Games"
"SCT-0052","Figurines - Marvel Legends Spider-Boy, Kaine, Banshee, Ultimate Iron Man X-Men + Spiderman","New Marvel Legends action figure lot. This set includes four individually packaged figures: Spider-Boy, Marvel's Kaine, Marvel's Banshee from Giant-Size X-Men, and Ultimate Iron Man. Each figure is part of the Hasbro Marvel Legends Series and comes with character-specific accessories. The figures are in their original retro-style and comic-inspired cardback packaging.","in stock","used_good","25 CAD","https://collectiblethang.vercel.app/product/97b98c47-afb6-4fd4-9e46-def3e4b96729","https://i.ebayimg.com/images/g/VKwAAeSwQe1ql28q/s-l1600.jpg","The Shelf Cartel Toys","Toys & Games"
"SCT-0053","Matchbox Pierce Volterra EV camion de pompier diecast 1:64","Matchbox Pierce Volterra EV – Camion de pompier électrique Diecast 1:64 Découvrez ce superbe Matchbox Pierce Volterra EV, un camion de pompier électrique miniature à l’échelle 1:64. Un modèle original pour les collectionneurs de Matchbox, véhicules d’urgence, camions de pompiers et diecast. 🚒 Marque : Matchbox
⚡ Modèle : Pierce Volterra EV
🔥 Type : Camion de pompier / véhicule d’urgence
📏 Échelle : 1:64
🏷️ Matière : Diecast / métal
⭐ Idéal pour : collection, exposition et amateurs de véhicules d’urgence Un modèle intéressant et original à ajouter à une collection Matchbox ou de véhicules de secours miniatures. Emballage soigneux et expédition sécurisée depuis le Canada.","in stock","used_good","5.49 CAD","https://collectiblethang.vercel.app/product/fe042cee-9238-40bd-b6db-ef72c55fd1b8","https://i.ebayimg.com/images/g/mHsAAeSw61hqnF4y/s-l1600.jpg","The Shelf Cartel Toys","Toys & Games"
"SCT-0054","Burago 1:43 Formula One Alpine F1 team","Bburago 1:43 Formula One Alpine F1 Team – Voiture miniature de collection Découvrez cette superbe voiture miniature Bburago à l’échelle 1:43, inspirée de l’écurie Alpine F1 Team de Formula One. Un modèle idéal pour les passionnés de F1, Alpine, sport automobile et voitures miniatures. 🏎️ Marque : Bburago
🏁 Équipe : Alpine F1 Team
📏 Échelle : 1:43
🏆 Catégorie : Formula One / Formule 1
⭐ Idéal pour : collection, décoration, passionnés de F1 et modèles réduits Un excellent ajout à toute collection de voitures de Formule 1 miniatures, particulièrement pour les amateurs de l’équipe Alpine F1 et de Bburago. Emballage soigneux et expédition sécurisée depuis le Canada.","in stock","used_good","7.85 CAD","https://collectiblethang.vercel.app/product/0cc043ad-9090-4910-84f8-51a3bcb5b899","https://i.ebayimg.com/images/g/XRsAAeSwFNhqOwGd/s-l1600.jpg","The Shelf Cartel Toys","Toys & Games"
"SCT-0055","Matchbox 2024 Toyota Tacoma Diecast 1:64","Matchbox 2024 Toyota Tacoma – Diecast 1:64 – Camion Pickup Découvrez le Matchbox 2024 Toyota Tacoma, une superbe reproduction miniature du célèbre pickup Toyota Tacoma, à l’échelle 1:64. Un modèle idéal pour les collectionneurs de Matchbox, Toyota, pickups, véhicules tout-terrain et voitures miniatures diecast. 🚙 Marque : Matchbox
🇯🇵 Modèle : 2024 Toyota Tacoma
📏 Échelle : 1:64
🔩 Type : Pickup / camionnette
🏷️ Matériau : Diecast / métal
⭐ Collection : Matchbox Parfait pour compléter une collection de véhicules Matchbox 1:64, de Toyota Tacoma ou de véhicules modernes miniatures. Emballage soigneux et expédition sécurisée depuis le Canada.","in stock","used_good","7.5 CAD","https://collectiblethang.vercel.app/product/218d892b-c1c0-4a8b-af44-bf383592e83b","https://i.ebayimg.com/images/g/wYQAAeSwTatqnF6u/s-l1600.jpg","The Shelf Cartel Toys","Toys & Games"
"SCT-0056","Microsoft Xbox One Kinect Sensor Model 1520","Black Microsoft Xbox One Kinect sensor is made of plastic. This motion-sensing device has a built-in camera and microphone array. The unit includes the proprietary connection cable.","in stock","new","21 CAD","https://collectiblethang.vercel.app/product/f2b7019e-8ee5-4845-a0be-0eee0008dbdb","https://i.ebayimg.com/images/g/FPYAAeSwpfhqmy2j/s-l1600.jpg","The Shelf Cartel Toys","Toys & Games > Video Games"
"SCT-0057","Hot Wheels Premium Horizon Hauler Set 2024 Porsche 934.5 , Toyota Supra, 240Z","Collectible Hot Wheels Premium set 4 paq includes a red and black Horizon Hauler truck, a grey 2020 Toyota GR Supra, an orange Porsche 934.5, and a white Custom Datsun 240Z. The set is in its original display box with a clear plastic window. Peux shipper a vos frais il y a une legere imperfection dans le plastique à l’avant tres mineure","in stock","used_good","47 CAD","https://collectiblethang.vercel.app/product/c661e6a2-b339-4195-84d7-7612479d4054","https://i.ebayimg.com/images/g/NPsAAeSw9IdqjMuT/s-l1600.jpg","The Shelf Cartel Toys","Toys & Games"
"SCT-0058","Transformers Optimus Prime Cyberverse Ultimate Class E7112 9” - Complet 2020","Figurine Optimus Prime, série Transformers Bumblebee Cyberverse Adventures, Ultimate Class, modèle Hasbro E7112, 9 pouces. Transformation truck-to-robot, inclut l’armure Energon et l’accessoire hache Energon Axe. Fonction Energon Armor-Up. État usagé, correct - voir les photos pour l’état exact avant d’acheter. Provenant d’un environnement sans fumée. Envoi rapide et soigné. Questions bienvenues avant l’achat - je réponds rapidement. Merci de regarder mes autres annonces pour plus de figurines et jouets collector à prix raisonnable!","in stock","new","41 CAD","https://collectiblethang.vercel.app/product/73f89fc5-e305-46cd-b1b2-1d29763c281e","https://i.ebayimg.com/images/g/ip0AAeSwkC1pEiVG/s-l1600.jpg","The Shelf Cartel Toys","Toys & Games"
"SCT-0059","Souliers Primus Rose Gris Noir Taille 4 + Sketchers Rose Noir","Une paire de souliers Primus pour enfant, rose/gris/noir, taille 4. État correct - usure normale visible, voir les photos pour l’état exact avant d’acheter. Provenant d’un environnement sans fumée. Merci de regarder mes autres annonces pour plus de vêtements et chaussures enfant à prix raisonnable! Aurais besoin d’un nettoyage extérieur et paraitrait tres bien!","in stock","new","10 CAD","https://collectiblethang.vercel.app/product/32242922-26c5-425d-bab8-2098dd96e333","https://i.ebayimg.com/images/g/umAAAeSw8rhqkDtM/s-l1600.jpg","The Shelf Cartel Toys","Toys & Games"
"SCT-0060","Souliers sketchers enfant taille 3 rose et noir",": Une paire de souliers Sketchers pour enfant, rose/noir, taille 3. État correct - usure normale visible, voir les photos pour l’état exact avant d’acheter. Provenant d’un environnement sans fumée. Questions bienvenues avant l’achat - je réponds rapidement. Merci de regarder mes autres annonces pour plus de vêtements et chaussures enfant à prix raisonnable!","in stock","used_fair","5.00 CAD","","https://scontent.fyhu2-1.fna.fbcdn.net/v/t45.5328-4/789506551_1084401577277973_2670020017943870622_n.jpg?stp=c0.43.261.261a_dst-jpg_p261x260_tt6&_nc_cat=111&ccb=1-7&_nc_sid=247b10&_nc_ohc=o8zYnkDOv3EQ7kNvwE_zx_2&_nc_oc=AdqYYVJOyPWLABllF0E42jjINx5iy3bbQ6nYIgXTdqiOu3hhbHgOFn4IHCUqkGVtJEqQlAKICaiI0HNPfX0Q0Wi9&_nc_zt=23&_nc_ht=scontent.fyhu2-1.fna&_nc_gid=nQ3sXtqdnZD0ceZlA0mZcw&_nc_ss=7b2a8&oh=00_AQKIo4mNNsPL1-NgaSs0fFNr11KTui3Q5rROn35ZVpuCbQ&oe=6ABC512A","The Shelf Cartel Toys","Toys & Games"
"SCT-0061","Jeux video PS3 EA Sports NHL 15 - Sony PlayStation 3","Complete EA Sports NHL 15 for the PlayStation 3 console. This physical copy includes the original game disc, plastic case, and manual. The game is rated E10+ by the ESRB and features Patrice Bergeron on the cover art.","in stock","new","6.42 CAD","https://collectiblethang.vercel.app/product/e97827d4-18fd-4b69-bd13-615097cf7139","https://i.ebayimg.com/images/g/7cwAAeSwskFqkDo9/s-l1600.jpg","The Shelf Cartel Toys","Toys & Games > Video Games"
"SCT-0062","Disney Pixar Cars 3 Blu-ray + DVD + Numérique - Multilingue avec Scènes Bonus","Ensemble complet Cars 3 de Disney Pixar, incluant le Blu-ray, le DVD et une copie numérique. Parfait pour toute la famille, avec pistes multilingues et scènes bonus exclusives non disponibles en salle. Contenu inclus : • Disque Blu-ray • Disque DVD • Code de copie numérique • Scènes bonus et contenu supplémentaire • Pistes audio multilingues (anglais, français, espagnol selon l’édition) Pourquoi ce combo est apprécié : • Flexibilité de visionnement — Blu-ray haute définition ou DVD standard selon vos appareils • Copie numérique pour regarder sur tablette, téléphone ou en voiture • Scènes bonus et contenu behind-the-scenes appréciés des jeunes fans • Parfait pour les familles multilingues grâce aux pistes audio incluses Un incontournable pour les amateurs de la franchise Cars et les collections familiales Disney Pixar. Mots-clés : Cars 3 Blu-ray, Disney Pixar Cars 3, Cars 3 DVD numérique, Cars 3 multilingue, film famille Disney","in stock","used_good","16.15 CAD","https://collectiblethang.vercel.app/product/ab10089b-e472-4ff6-8d74-534321824d91","https://scontent.fymq3-1.fna.fbcdn.net/v/t45.5328-4/788779427_1546137990037522_8773728168741465829_n.jpg?stp=c0.43.261.261a_dst-jpg_p261x260_tt6&_nc_cat=101&ccb=1-7&_nc_sid=247b10&_nc_ohc=HO28Ht0G_pcQ7kNvwFxBRJl&_nc_oc=Adp0zwyukRLsLa8_mcnZIaxi3cHkvruR2wE8MerEO2WMnepx_aOMZ0pliUVnXTxf_lEO6vykcNhclqVTwUQjg5gB&_nc_zt=23&_nc_ht=scontent.fymq3-1.fna&_nc_gid=nQ3sXtqdnZD0ceZlA0mZcw&_nc_ss=7b2a8&oh=00_AQIYDxdtlTxcwPsIQqswD7ydEfoKoKJAD7Vi2AtcP93Ogw&oe=6ABC3EC1","The Shelf Cartel Toys","Media > Books, Movies, Music"
"SCT-0063","Madame Alexander Kick It Boy Doll Vintage - Neuf avec Étiquette - Joueur de Soccer","Poupée vintage Madame Alexander, thème joueur de soccer, distribuée exclusivement par McDonald’s en 2005 dans le cadre de leur collection Happy Meal. Cette pièce de collection est neuve, jamais ouverte, avec étiquette d’origine intacte (NIB - New In Box). Caractéristiques : • Poupée de 4,5 à 5 pouces, style joueur de soccer • Visière verte, cheveux brun foncé, maillot de soccer en tissu polyester • Chandail vert avec bande orange, bas blancs jusqu’aux genoux • Yeux ouvrants/fermants avec cils, yeux en verre brun • Étiquette d’origine toujours attachée • État neuf, jamais retiré de son emballage Pourquoi cette pièce est recherchée : • Édition exclusive McDonald’s 2005, désormais introuvable en magasin • État NIB (neuf avec étiquette) — rare de trouver un exemplaire jamais ouvert • Pièce de collection appréciée des amateurs de poupées vintage et de mémorabilia McDonald’s Mots-clés : Madame Alexander vintage, Kick It Boy, poupée soccer, McDonald’s 2005 collection, poupée neuve étiquette, mémorabilia football","in stock","used_good","8 CAD","https://collectiblethang.vercel.app/product/a2e89868-313c-438c-ad28-fab3c8708da4","https://i.ebayimg.com/images/g/89AAAeSwRvdqkDqe/s-l1600.jpg","The Shelf Cartel Toys","Toys & Games"
"SCT-0064","Clint Eastwood Dirty Harry Ultimate Collector’s Edition - Coffret DVD 7 Disques","Coffret complet de la légendaire série Dirty Harry, mettant en vedette Clint Eastwood dans son rôle emblématique de l’inspecteur Harry Callahan. Cette édition ultime du collectionneur inclut les cinq films de la série, accompagnés d’un ensemble impressionnant d’accessoires exclusifs. Contenu inclus : • Les 5 films complets de la saga Dirty Harry • Toutes les fonctionnalités spéciales des éditions Special et Deluxe • Contenu exclusif additionnel propre à l’édition Ultimate Collector’s • Livre relié rigide de plus de 40 pages • Portefeuille avec insigne métallique et carte d’identité laminée amovible Pourquoi ce coffret est recherché : • Édition rare, désormais difficile à trouver (hors production) • Pièce de choix pour tout admirateur de Clint Eastwood ou du cinéma policier des années 70-80 • Objet de collection avec accessoires exclusifs, pas seulement des disques Mots-clés : Dirty Harry DVD, Clint Eastwood coffret, Dirty Harry collection, DVD collector édition ultime, Inspecteur Harry Callahan","in stock","used_good","34 CAD","https://collectiblethang.vercel.app/product/602e128d-d519-443c-9c3e-68bb296da77c","https://i.ebayimg.com/images/g/vwYAAeSwPdNqkDyI/s-l1600.jpg","The Shelf Cartel Toys","Media > Books, Movies, Music"
"SCT-0065","Royale High School Spirit Fashion Pack Cheerleader Jazwares - AVEC Code Promo Roblox","Figurine officielle Royale High de 3 pouces, collection School Spirit Cheerleader, fabriquée par Jazwares sous licence officielle. Inclut un code virtuel Roblox exclusif pour débloquer l’accessoire “Cheer Hair” ainsi que l’insigne “Fashion Pack Cheerleader Doll!” dans le jeu. Contenu inclus : • Figurine de 3 pouces, thème pom-pom girl (cheerleader) • 15 accessoires interchangeables : tenues, chaussures, perruques, accessoires de pom-pom girl • Ailes de fée transformables en bague portable • Code virtuel Roblox non utilisé — débloque l’accessoire Cheer Hair, l’uniforme Queen Bee Cheer et le nœud Queen Bee Cheer Bow Pourquoi cet article est recherché : • Produit officiellement autorisé par Royale High, très populaire auprès des jeunes joueurs Roblox • Le code virtuel non réclamé ajoute une valeur significative — les collectionneurs et joueurs recherchent activement ces codes • Accessoires interchangeables avec le reste de la collection Royale High Mots-clés : Royale High, Roblox code, Jazwares cheerleader, Royale High fashion pack, figurine Roblox, code virtuel Roblox","in stock","used_good","21 CAD","https://collectiblethang.vercel.app/product/4596b950-dc90-4c0a-a799-ae44543e8f7f","https://i.ebayimg.com/images/g/Dn4AAeSwks5qoYPN/s-l1600.jpg","The Shelf Cartel Toys","Toys & Games"
"SCT-0066","Autobus Playmobil Vintage Geobra 2011 - Lumières Avant/Arrière Fonctionnelles incomplet","• Lumières avant et arrière fonctionnelles — testées • Fabriqué par Geobra, le fabricant officiel Playmobil • Pièce vintage de 2011 — recherchée par les collectionneurs • Idéal pour collection, réparation avec pièces de rechange, ou jeu Parfait pour un collectionneur qui a déjà les pièces manquantes, ou pour quelqu’un qui recherche un autobus fonctionnel à prix réduit et qui n’a pas besoin de l’ensemble complet. Mots-clés : Playmobil vintage, autobus Playmobil, Geobra 2011, pièces Playmobil, Playmobil incomplet, Playmobil lumière fonctionnelle","in stock","new","29.99 CAD","https://collectiblethang.vercel.app/product/88b4a349-1cf0-4e6e-b476-e2ecaa295a71","https://i.ebayimg.com/images/g/RlUAAeSwEphqj4SW/s-l1600.jpg","The Shelf Cartel Toys","Toys & Games"
"SCT-0067","Vintage KO Super Charioteer Super Sentai Megazord Shogun Warrior Godaikin - Mini Figurine","Mini figurine vintage de style Super Sentai Megazord, inspirée des Shogun Warriors/Godaikin. Pièce de collection nostalgique pour les amateurs de Power Rangers, Super Sentai et de figurines japonaises vintage des années 80-90. Mots-clés : Super Sentai vintage, Shogun Warrior, Godaikin, Megazord KO, Power Rangers vintage collection","in stock","used_good","34 CAD","https://collectiblethang.vercel.app/product/1848a6d0-2c77-4b68-a55c-9db9aa113104","https://i.ebayimg.com/images/g/BXsAAeSw-dlqj4fh/s-l1600.jpg","The Shelf Cartel Toys","Toys & Games"
"SCT-0068","Autobus Playmobil Vintage Geobra 2011 complète lumière avant et arrière fonctionnel","Autobus Playmobil #5490 Vintage - Geobra 2011 - Ensemble Complet avec Éclairage Fonctionnel Magnifique autobus Playmobil vintage de la marque Geobra, datant de 2011. Cette pièce de collection est complète et en excellent état, prête à rejoindre votre collection ou à faire le bonheur d’un jeune passionné. Caractéristiques principales : • Lumières avant et arrière fonctionnelles — testées et opérationnelles • Toutes les pièces d’origine incluses (véhicule complet) • Fabriqué par Geobra, le fabricant officiel Playmobil • Pièce vintage de 2011 — recherchée par les collectionneurs Playmobil • Idéal pour collection, jeu ou cadeau nostalgique Ce véhicule s’adresse autant aux collectionneurs de jouets vintage qu’aux familles à la recherche d’un jouet Playmobil authentique et durable. Les autobus Playmobil de cette époque sont de plus en plus difficiles à trouver complets et fonctionnels — une belle occasion pour les amateurs de la marque. Mots-clés : Playmobil vintage, autobus Playmobil, Geobra 2011, Playmobil collection, jouet vintage complet, Playmobil lumière fonctionnelle","in stock","used_good","29.99 CAD","https://collectiblethang.vercel.app/product/88b4a349-1cf0-4e6e-b476-e2ecaa295a71","https://i.ebayimg.com/images/g/RlUAAeSwEphqj4SW/s-l1600.jpg","The Shelf Cartel Toys","Toys & Games"
"SCT-0069","Iron Man War Machine 2011 McDonald’s Marvel Happy Meal Toy","Iron Man War Machine 2011 McDonald’s Marvel Happy Meal Toy - Figurine Collection Description SEO :
Figurine officielle War Machine (Iron Man) de la collection Marvel McDonald’s Happy Meal 2011. Petite figurine de collection idéale pour les amateurs de Marvel et de mémorabilia McDonald’s vintage. Mots-clés : Iron Man McDonald’s, War Machine figurine, Marvel Happy Meal 2011, jouet Marvel vintage","in stock","used_good","7.99 CAD","https://collectiblethang.vercel.app/product/8275713d-15c0-4206-b687-07b9b66d805f","https://i.ebayimg.com/images/g/o3oAAeSw-8lqkDv0/s-l1600.jpg","The Shelf Cartel Toys","Toys & Games"
"SCT-0070","GPS Garmin Fonctionnel avec étuit et fil de recharge pour automobile","GPS Garmin Fonctionnel - Complet avec Étui de Protection et Câble de Recharge pour Voiture GPS de marque Garmin, entièrement fonctionnel et testé. Idéal pour la navigation routière, les déplacements quotidiens ou les voyages, sans dépendre des données cellulaires de votre téléphone. Inclus : • GPS Garmin fonctionnel • Étui de protection • Fil de recharge pour auto (allume-cigare) Pourquoi choisir un GPS dédié : • Aucune consommation de données cellulaires • Grand écran facile à lire, contrairement à un petit téléphone • Fiable même dans les zones sans réseau cellulaire • Idéal comme appareil de secours ou pour un véhicule secondaire Parfait pour quelqu’un qui cherche un GPS simple, fiable et prêt à l’emploi dès la sortie de la boîte. Mots-clés : GPS Garmin, GPS auto, GPS voiture, navigation GPS, Garmin fonctionnel, GPS avec étui","in stock","used_good","25.00 CAD","","https://scontent.fymq3-1.fna.fbcdn.net/v/t45.5328-4/788779428_3145942102271941_3824034954005966580_n.jpg?stp=c0.152.261.261a_dst-jpg_p261x260_tt6&_nc_cat=103&ccb=1-7&_nc_sid=247b10&_nc_ohc=i3myAiJF9vIQ7kNvwE-mNM4&_nc_oc=Adrz79aUv7z435mBStx3nUqb2HjNJodOQyIF5r0O4sj2gbn_wCkX0D9b9CTb1XZEBH-kebhKmVPMFeIhx_BJzmqp&_nc_zt=23&_nc_ht=scontent.fymq3-1.fna&_nc_gid=JGHXQXh_0n2gH8YlP_tkQg&_nc_ss=7b2a8&oh=00_AQJylSTwDcPzp5cACPKQ40KQoLCubCVP9k5Tecd4MvYzPg&oe=6ABC484B","The Shelf Cartel Toys","Electronics"
"SCT-0071","Vintage Doctor Doom 2005 Burger King Marvel Fantastic Four - Figurine Promotionnelle Rare","Figurine promotionnelle Doctor Doom de la collection Fantastic Four, distribuée exclusivement par Burger King en 2005. Environ 4-5 pouces, avec bouton d’activation lumineuse (si fonctionnel). Pièce de collection nostalgique pour les amateurs de Marvel et de mémorabilia de restauration rapide. Mots-clés : Doctor Doom Burger King, Fantastic Four figurine, Marvel promo 2005, jouet vintage Marvel","in stock","used_good","19 CAD","https://collectiblethang.vercel.app/product/2f1aef16-9783-4625-a776-08e515ebebff","https://i.ebayimg.com/images/g/J6MAAeSwau1qj4WA/s-l1600.jpg","The Shelf Cartel Toys","Toys & Games"
"SCT-0072","Hot Wheels Premium Car Culture Aero Styles 2008 Audi A4 Touring Car","New Hot Wheels Premium 2008 Audi A4 Touring Car from the Aero Styles collection. This 1/64 scale model has a metal body and chassis with Real Riders rubber tires. The primary color is black with authentic racing livery.","in stock","used_good","11.99 CAD","https://collectiblethang.vercel.app/product/40eafac9-4cdd-43cd-beee-40ba50fdc9ee","https://i.ebayimg.com/images/g/IUMAAeSwLuxqYoFt/s-l1600.jpg","The Shelf Cartel Toys","Toys & Games"
"SCT-0073","Matchbox Superfast Volvo V60 Wagon Metal diecast 1:64","New Matchbox Superfast Volvo V60 Wagon is a white metal die-cast vehicle. It has a detailed racing livery with blue and yellow accents and features rubber tires.","in stock","used_good","13.99 CAD","https://collectiblethang.vercel.app/product/52e831c0-30db-4e82-b99d-0ce7f0ddbe0a","https://i.ebayimg.com/images/g/hbkAAeSw5B5qjNSK/s-l1600.jpg","The Shelf Cartel Toys","Toys & Games"
"SCT-0074","Hot Wheels Premium Formula 1 Die-Cast Cars lot de 4 Mercedes Petronas, Hass, Kick Sauber, Redbull","New-in-box Hot Wheels Premium die-cast metal cars with Real Riders tires. This set includes four Formula 1 models: Mercedes-AMG Petronas, MoneyGram Haas, KICK Sauber, and Oracle Red Bull Racing. Each car is in its original individual blister packaging.","in stock","used_good","59 CAD","https://collectiblethang.vercel.app/product/c95a4f02-3c13-474f-b133-d857d50ea496","https://i.ebayimg.com/images/g/OaEAAeSwHQBqjfcc/s-l1600.jpg","The Shelf Cartel Toys","Toys & Games"
"SCT-0075","Hot Wheels Premium Car Culture Terra Trek Hummer H1 #1/5","New Hot Wheels Hummer H1 die-cast metal vehicle in silver. This 1/64 scale model is part of the Car Culture Terra Trek series and features Real Riders rubber tires and a metal chassis.","in stock","used_good","9 CAD","https://collectiblethang.vercel.app/product/cc93e3e7-1d3a-49f7-9de2-d57236bcb947","https://i.ebayimg.com/images/g/1ycAAeSwHOFpXE8G/s-l1600.jpg","The Shelf Cartel Toys","Toys & Games"
"SCT-0076","Pokémon Select 4-Pack Figure Set - Bulbasaur, Squirtle, Pikachu, Charmander","New Pokémon Select figure set includes four vinyl figures. This collection features Bulbasaur, Squirtle, Pikachu, and Charmander in their original packaging. The figures are made of plastic and are part of the Select series. Prix ferme","in stock","used_good","50 CAD","https://collectiblethang.vercel.app/product/a88c0dda-fa47-4d08-baeb-1c48c136bc2b","https://i.ebayimg.com/images/g/IqcAAeSwRvdqje5R/s-l1600.jpg","The Shelf Cartel Toys","Toys & Games"
"SCT-0077","Hot Wheels Premium Pop Culture Custom '71 Datsun 240Z ""Rotsun""","New Hot Wheels Premium Pop Culture series die-cast car. This Custom '71 Datsun 240Z ""Rotsun"" is from the Roadkill MotorTrend collection. It has a metal body and chassis with Real Riders rubber tires. The car is black with a weathered rust-effect finish and white lettering.","in stock","used_good","15.99 CAD","https://collectiblethang.vercel.app/product/6fb359d4-e08d-463e-90fe-ae8565897a82","https://i.ebayimg.com/images/g/FHcAAeSwi0pqjfga/s-l1600.jpg","The Shelf Cartel Toys","Toys & Games"
"SCT-0078","Matchbox 2005 Ford GT #93/125 Jaune 1:64 diecast","New Matchbox 2005 Ford GT die-cast metal car. This yellow vehicle is part of the 93/125 series and is in its original blister pack.","in stock","used_good","5 CAD","https://collectiblethang.vercel.app/product/8a6c6181-6adb-4470-8e46-cc107af40e12","https://i.ebayimg.com/images/g/PlwAAeSwWaNqjfet/s-l1600.jpg","The Shelf Cartel Toys","Toys & Games"
"SCT-0079","Matchbox The Movie Chevy Stock-Car Apple TV die cast 1:64","New Matchbox The Movie Chevy Stock-Car is a black metal die-cast vehicle. This Mattel product is part of a 12-car series and features authentic racing decals.","in stock","used_good","6 CAD","https://collectiblethang.vercel.app/product/00a19a55-0398-44a6-9917-55133e857284","https://i.ebayimg.com/images/g/UxUAAeSwW6dqjf26/s-l1600.jpg","The Shelf Cartel Toys","Toys & Games"
"SCT-0080","Hot Wheels Premium Car Culture Dragstrip Demons '65 Dodge Coronet","Collectible Hot Wheels Premium '65 Dodge Coronet is white with red and black graphics. This 1/64 scale die-cast vehicle has a metal body and chassis with Real Riders rubber tires. It is part of the Car Culture Dragstrip Demons series.","in stock","used_good","9 CAD","https://collectiblethang.vercel.app/product/cc93e3e7-1d3a-49f7-9de2-d57236bcb947","https://i.ebayimg.com/images/g/1ycAAeSwHOFpXE8G/s-l1600.jpg","The Shelf Cartel Toys","Toys & Games"
"SCT-0081","Matchbox BMW i4 Police Die-Cast Car #74/125","New Matchbox BMW i4 Police die-cast car in red with yellow and white accents. This 1:64 scale model is made of metal and plastic.","in stock","used_good","6.65 CAD","https://collectiblethang.vercel.app/product/24e55ecb-e5e5-4934-8277-ae72682dd9f7","https://i.ebayimg.com/images/g/1P8AAeSwqn9qjfiS/s-l1600.jpg","The Shelf Cartel Toys","Toys & Games"
"SCT-0082","Figurine Amiboo Shovel Knight Rare 3-Pack: Specter Knight, Plague Knight, King Knight - Nintendo","New Nintendo amiibo Shovel Knight Treasure Trove 3-pack. This set includes Specter Knight, Plague Knight, and King Knight figures. The product is an official Nintendo licensed product from Yacht Club Games.","in stock","used_good","75 CAD","https://collectiblethang.vercel.app/product/752aff94-ce1e-4368-9b50-bf92af4b232f","https://i.ebayimg.com/images/g/xNoAAeSwi0pqje9J/s-l1600.jpg","The Shelf Cartel Toys","Toys & Games"
"SCT-0083","Banpresto Son Goku The 20th Film Limited Dragon Ball Super Broly Figure","Collectible Banpresto Son Goku PVC figure from the Dragon Ball Super: Broly movie line. This orange and blue figure is part of the 20th film limited edition series and comes in its original Japanese packaging.","in stock","used_good","47 CAD","https://collectiblethang.vercel.app/product/6253a73c-6ffe-457b-9fba-a13ed883b349","https://i.ebayimg.com/images/g/~1UAAeSwWOBqjfEC/s-l1600.jpg","The Shelf Cartel Toys","Toys & Games"
"SCT-0084","Funko Pop! Teen Titans Go! Robin as Batman #334 Toys R Us Exclusive avec protecteur","Collectible vinyl figure of Robin as Batman from the Teen Titans Go! series. This Funko Pop! is made of vinyl and features a blue, grey, and yellow color scheme. The item is in its original packaging and includes a clear protective case.","in stock","used_good","29.99 CAD","https://collectiblethang.vercel.app/product/012f3565-11da-4bac-8590-077ba3d5a8a1","https://i.ebayimg.com/images/g/BWIAAeSwIMRqje7f/s-l1600.jpg","The Shelf Cartel Toys","Toys & Games"
"SCT-0085","Funko Pop! Masters of the Universe He-Man #991","Collectible vinyl figure from the Funko Pop! Television line. This Masters of the Universe He-Man figure is primarily tan and orange with a grey and red chest piece. It comes in its original window display box featuring character artwork and a list of other figures in the series on the back.","in stock","used_good","23.99 CAD","https://collectiblethang.vercel.app/product/3a6866fd-0299-48c6-bf2b-0d5230deed03","https://i.ebayimg.com/images/g/RAsAAeSwWIxqje3T/s-l1600.jpg","The Shelf Cartel Toys","Toys & Games"
"SCT-0086","Gentle Giant Star Wars The Mandalorian Premier Collection 1:7 Scale Statue 2770/3000","Detailed 1:7 scale resin statue of The Mandalorian from the Star Wars Premier Collection. This hand-painted collectible is produced by Gentle Giant Ltd. and Diamond Select Toys. It has a rocky base with a stormtrooper helmet and includes the original box. The figure is depicted in his original battle-worn armor holding an Amban phase-pulse blaster.","in stock","used_good","21.6 CAD","https://collectiblethang.vercel.app/product/8206c336-c581-4cc3-b952-6c12b28bef9b","https://i.ebayimg.com/images/g/PUYAAOSw9wpneYiV/s-l1600.jpg","The Shelf Cartel Toys","Toys & Games"
"SCT-0087","Ensemble Collection NHL Panthers Floride Polo Reebok Center Ice et Aaron Ekblad Bobblehead","Authentic navy blue Reebok Florida Panthers polo shirt in size L/G. This polyester mesh shirt has an embroidered team logo on the chest and red accents on the shoulders. Included is a new-in-box Aaron Ekblad bobblehead from the Florida Panthers collection.","in stock","used_good","21 CAD","https://collectiblethang.vercel.app/product/7cc6bcad-e5f9-48c6-b7b4-97f3a6f40b6c","https://i.ebayimg.com/images/g/-coAAeSwy0VqfQ-i/s-l1600.jpg","The Shelf Cartel Toys","Sporting Goods"
"SCT-0088","LEGO Marvel The Infinity Saga I Am Groot 76217 476pc Set - Factory Seal RETIRED","New LEGO Marvel Infinity Saga building set features a 476-piece buildable Groot figure. This tan plastic model includes a buildable cassette tape and a display plaque. The set is part of the Marvel Studios Infinity Saga collection.","in stock","used_good","56.58 CAD","https://collectiblethang.vercel.app/product/35da2e73-e844-4f75-91fe-0986db511a99","https://i.ebayimg.com/images/g/A38AAeSwxKZqi26P/s-l1600.jpg","The Shelf Cartel Toys","Toys & Games"
"SCT-0089","Blade II Microsoft Xbox Game jeux vidéo","Original Blade II video game for the Microsoft Xbox console. This title is published by Activision and Marvel, featuring a Mature ESRB rating. The game case is green plastic with the original cover art and back description intact.","in stock","used_good","33 CAD","https://collectiblethang.vercel.app/product/8616e02d-76ef-4a17-8047-66dfb93fc851","https://i.ebayimg.com/images/g/yM0AAeSwrj5qi0-b/s-l1600.jpg","The Shelf Cartel Toys","Toys & Games > Video Games"
"SCT-0090","Robinet Cuisine Moen Pull-Out avec Adaptateur Anti-Fuite Tête Spray et Boyau","Robinet de Cuisine Moen Pull-Out — Tête Spray, Boyau et Adaptateur Anti-Fuite Robinet de cuisine Moen de style pull-out (tête d’arrosage rétractable), incluant la tête spray, le boyau flexible et l’adaptateur anti-fuite pour un raccordement étanche. Il manque la poignée de contrôle (handle). L’item est donc vendu pour pièces ou réparation. Cependant, le robinet fonctionne très bien sans la poignée — l’eau peut être contrôlée directement à la tête/bec du robinet. Idéal si tu as déjà une poignée compatible, ou si tu veux juste récupérer les pièces (tête spray, boyau, adaptateur) pour réparer un autre robinet Moen. Ce qui est inclus : •	Tête spray pull-out •	Boyau flexible •	Adaptateur anti-fuite État : Fonctionnel, vendu tel quel (as-is). Signes d’usure normaux d’un item d’occasion — voir photos pour l’état exact.","in stock","used_fair","5.00 CAD","","https://scontent.fymq3-1.fna.fbcdn.net/v/t45.5328-4/784694388_2103182520275753_2856700366089321044_n.jpg?stp=c43.0.260.260a_dst-jpg_p261x260_tt6&_nc_cat=101&ccb=1-7&_nc_sid=247b10&_nc_ohc=gCapksbM_jEQ7kNvwF-9L-g&_nc_oc=Adq8F5LgDkTCTWpBMpAYTjmnnKMr9vaNWA9jiQnocl9OLajJILBYO5Dv6zQppBWQGXpI2CJ6UYjgAan6u_XYluE-&_nc_zt=23&_nc_ht=scontent.fymq3-1.fna&_nc_gid=GqxVAf77cunATlveN4Ve2g&_nc_ss=7b2a8&oh=00_AQKieiXyr6VzhQMPJcAce2RTDxGpNfQzs_MyRpPVQB9jeQ&oe=6ABC2AE5","The Shelf Cartel Toys","Hardware > Tools"
"SCT-0091","Microsoft Xbox NBA Ballers Phenom","Classic basketball video game for the original Xbox console. This copy of NBA Ballers Phenom includes the original green plastic case, cover art, and instruction manual. The game disc is present inside the case.","in stock","new","10 CAD","https://collectiblethang.vercel.app/product/0920aab9-0d81-420e-ab7b-02ad6052bc6a","https://i.ebayimg.com/images/g/G~QAAeSwRHNqi1Dw/s-l1600.jpg","The Shelf Cartel Toys","Toys & Games > Video Games"
"SCT-0092","Star Trek V: The Final Frontier VHS","Vintage Star Trek V: The Final Frontier VHS tape in its original slipcover. This black plastic cassette is a Paramount Pictures release from 1989. The cardboard sleeve has a black, red, and white color scheme with a personalized sticker on the front.","in stock","used_good","9 CAD","https://collectiblethang.vercel.app/product/9052aac7-f36f-49d6-9b6e-d3d8e58932ec","https://i.ebayimg.com/images/g/kk8AAeSwpyFqi0tm/s-l1600.jpg","The Shelf Cartel Toys","Media > Books, Movies, Music"
"SCT-0093","Vintage marteau à panne fendue “Forged” – Manche en bois – Bon état fonctionnel","Marteau à panne fendue (claw hammer) vintage, tête en acier estampillée “Forged”, manche en bois d’origine. Un outil classique et robuste pour l’atelier, la maison, ou une collection d’outils anciens. État : Bon état, fonctionnel. Prêt à l’usage. Vendu tel que vu sur les photos.","in stock","used_fair","10.00 CAD","","https://scontent.fyhu2-1.fna.fbcdn.net/v/t45.5328-4/785993331_2115126086064687_5532181772155357770_n.jpg?stp=c0.43.261.261a_dst-jpg_p261x260_tt6&_nc_cat=105&ccb=1-7&_nc_sid=247b10&_nc_ohc=ZVw-PDywQIAQ7kNvwEXCWz1&_nc_oc=AdrBQDNNdCsQLmyoMWdZtieULXDnX4euJdkXDZpLHbCfp4deRqLgzMjFlM3zG8HfquSH8CnyGNjoWh8netnzP8mj&_nc_zt=23&_nc_ht=scontent.fyhu2-1.fna&_nc_gid=GqxVAf77cunATlveN4Ve2g&_nc_ss=7b2a8&oh=00_AQI6sjJxLURomd0ca03W0WvxKaq4dY5fiJvIBcXHXb7mQg&oe=6ABC2BD4","The Shelf Cartel Toys","Hardware > Tools"
"SCT-0094","Simonds Iroquois Simaloy Hand Saw Scie à Main Vintage avec manche en bois","Scie à main vintage Simonds, ligne “Iroquois” fabriquée en acier Simaloy. Cette ligne faisait partie des scies à main de qualité secondaire de Simonds Saw, vendues sous des noms de tribus autochtones (Iroquois, Mohawk, Sioux, Pontiac), une pratique courante des grands fabricants américains de l’époque. Belle pièce pour les collectionneurs d’outils anciens ou pour l’usage pratique en atelier. Vendu tel que vu sur les photos État : Bon état, utilisable. L’estampillage/logo sur la lame est encore tres lisible","in stock","new","19 CAD","https://collectiblethang.vercel.app/product/84e353c5-7493-49e4-afa8-2358204d0d94","https://i.ebayimg.com/images/g/mj0AAeSwBhJowHjF/s-l1600.jpg","The Shelf Cartel Toys","Hardware > Tools"
"SCT-0095","Vintage Steelmaster Classeur métallique 2 tiroirs – 17.5 x 16 x 5 1/4","Classeur de rangement vintage Steelmaster en métal, 2 tiroirs. Construction robuste tout métal, typique des classeurs industriels/de bureau d’époque. Excellente pièce fonctionnelle ou décorative pour un bureau à domicile, un atelier ou un espace de style industriel/rétro. État : Bon état général avec quelques marques d’usure normales pour l’âge (visible sur les photos) Verrouillage : Le classeur possède un mécanisme de verrouillage, mais les clés ne sont pas incluses. 20 $","in stock","used_fair","20.00 CAD","","https://scontent.fyhu2-1.fna.fbcdn.net/v/t45.5328-4/784619486_2331755574292490_1751839696585238956_n.jpg?stp=c43.0.260.260a_dst-jpg_p261x260_tt6&_nc_cat=111&ccb=1-7&_nc_sid=247b10&_nc_ohc=E3k0_ILU5scQ7kNvwEn4U3f&_nc_oc=Adr-ulUAc20QqFx48M8ZJPYXQ9PZq89x5Yai6ogwqkUhZoCHKa9YEJhmtIYbtCLlZtQrYMl8iyUkAZhZwV7VXRT1&_nc_zt=23&_nc_ht=scontent.fyhu2-1.fna&_nc_gid=GqxVAf77cunATlveN4Ve2g&_nc_ss=7b2a8&oh=00_AQLF8cgjgng2WbxdiBJjzdZ5Leo1LnjHXIm3LYeXdwTxnQ&oe=6ABC55F6","The Shelf Cartel Toys","Toys & Games"
"SCT-0096","Kenwood DP-R3080 Natural Sound Lecteur CD 5 disques – Changeur carrousel – S’allume correctement","Lecteur de disques compacts Kenwood DP-R3080, changeur carrousel à 5 disques, fabriqué en 1996. Format compact (440 x 123 x 396 mm), sorties audio stéréo RCA gauche/droite. Testé pour vérifier que l’appareil s’allume — s’allume correctement. N’a pas été testé pour la lecture complète de disques. Un modèle fiable de la gamme Kenwood, parfait pour compléter une chaîne stéréo vintage ou pour les amateurs d’audio qui apprécient le format carrousel à 5 disques. Vendu tel que vu sur les photos.","in stock","new","25 CAD","https://collectiblethang.vercel.app/product/7387db8c-0db1-4e37-bb31-9d89fb2b1beb","https://i.ebayimg.com/images/g/-e0AAeSwjspqi6oP/s-l1600.jpg","The Shelf Cartel Toys","Electronics"
"SCT-0097","pommeau de douche chromé avec tuyau avec braquette installation","Pommeau de douche chromé avec tuyau flexible et support mural inclus. Retiré d’une salle de bain lors d’un changement de douche — remplacé simplement par choix esthétique, pas pour un défaut de fonctionnement. État : Usagé, fonctionnel. Présente quelques légères marques de calcaire sur le pommeau (visible sur les photos), typique d’un usage normal — se nettoie facilement avec un produit anticalcaire ou du vinaigre. Le tuyau et le raccord de fixation sont en bon état, sans fuite connue. En raison des marques de calcaire, le prix est fixé bas pour une vente rapide. Excellente option pour remplacer une douche brisée ou pour un projet de rénovation à petit budget. Vendu tel que vu sur les photos. Aucun retour accepté sauf item non conforme à la description.","in stock","used_fair","5.00 CAD","","https://scontent.fyhu2-1.fna.fbcdn.net/v/t45.5328-4/784428075_28975384878752349_5219775078425747430_n.jpg?stp=c43.0.260.260a_dst-jpg_p261x260_tt6&_nc_cat=111&ccb=1-7&_nc_sid=247b10&_nc_ohc=yhXj-r8p6IMQ7kNvwEZ-G1O&_nc_oc=Adpz2-wRMBfuMpXPfNzj5-6OdKU1G8yEoonA0mTKV_LBuDwjWMoq0P_lLW4LKWIj1jJPENdQJQxrxRjSFF-PdOL5&_nc_zt=23&_nc_ht=scontent.fyhu2-1.fna&_nc_gid=khPGviDuB1ZnYaKaMbP2xw&_nc_ss=7b2a8&oh=00_AQI65vLKDNbiAd_GHfXppDZUBIzW7xZDErE6HTyzLR-WQA&oe=6ABC29ED","The Shelf Cartel Toys","Home & Garden"
"SCT-0098","McFarlane Toys DC Multiverse The Penguin The Batman Movie Action Figure","New McFarlane Toys DC Multiverse action figure is a 7-inch scale plastic model of The Penguin from The Batman. This collectible has 22 points of articulation and includes a base and a collectible art card. The figure is primarily black with a purple shirt and comes in its original window box packaging. Je peux shipper a vos frais voir autres annonces","in stock","used_good","19 CAD","https://collectiblethang.vercel.app/product/f9660508-1e2b-4611-a154-f5f06658799d","https://i.ebayimg.com/images/g/wAIAAeSw-3lphq0E/s-l1600.jpg","The Shelf Cartel Toys","Toys & Games"
"SCT-0099","McFarlane Toys DC Multiverse Harley Quinn The Suicide Squad Action Figure BAF King Shark neuf","New McFarlane Toys DC Multiverse Harley Quinn action figure from The Suicide Squad. This 7-inch scale figure is red and has 22 moving parts for posing. It includes a collectible art card and the lower torso piece for the King Shark Build-A-Fig. Je peux shipper a vos frais voir autres annonces","in stock","used_good","23 CAD","https://collectiblethang.vercel.app/product/8527529e-8456-4efc-a91e-c2ec5d69f8b3","https://i.ebayimg.com/images/g/C~MAAeSw9SVqiPjb/s-l1600.jpg","The Shelf Cartel Toys","Toys & Games"
"SCT-0100","Maisto 1:24 Toyota GR Supra diecast neuf","Modele réduit Maisto 1:24 Toyota GR Supra voiture diecast neuve voir autres annonces je peux shipper a vos frais! Pour collectionneur ou jouet","in stock","used_good","20 CAD","https://collectiblethang.vercel.app/product/ae6181f5-f249-499e-8c8b-ef6bdfd859a5","https://i.ebayimg.com/images/g/5lIAAeSw0F5p6ASH/s-l1600.jpg","The Shelf Cartel Toys","Toys & Games"
"SCT-0101","Hallmark Star Wars Boba Fett","Figurine Boba Fett Star wars- Hallmark Ornement neuf.
Allez voir mes autrez annonces je peux shipper a vos frais","in stock","used_good","60 CAD","https://collectiblethang.vercel.app/product/69cdf12d-64b6-4052-96b7-1cb3a4cded71","https://i.ebayimg.com/images/g/u0UAAeSwS6xpAWtA/s-l1600.jpg","The Shelf Cartel Toys","Toys & Games"
"SCT-0102","Voiture Nissan Skyline GT-R R35 Kinsmart 5' Toy Car Rouge - 1/36 scale diecast","Bright red die-cast sports car toy with realistic details. Smooth rolling wheels for easy play. Durable finish designed for everyday fun. Ideal for kids who love cars and imaginative play.","in stock","used_good","11 CAD","https://collectiblethang.vercel.app/product/eafe95da-5f9a-48bd-a871-0f8f0025f4b2","https://i.ebayimg.com/images/g/vskAAeSwhthqh2id/s-l1600.jpg","The Shelf Cartel Toys","Toys & Games"
"SCT-0103","Maisto 1970 Ford Mustang Mach 1 Orange grandeur 1/18 Neuf","Maisto special edition 1:18 1970 Ford Mustang Mach 1 Orange - le platique sur le deçus est légèrement décoller affaisser mais le tout est neuf dans son emballage et celui n’a aucun default idéal pour collectionneur diecast","in stock","used_good","8 CAD","https://collectiblethang.vercel.app/product/51c43211-9159-483a-8224-b2f9e7d9759f","https://i.ebayimg.com/images/g/FQEAAeSwOKhqZ7Nw/s-l1600.jpg","The Shelf Cartel Toys","Toys & Games"
"SCT-0104","Figurines Star Wars Black Series Neuves AT-RT AT-AT Drivers first edition","Figurines Star Wars Black Series Neuves AT-RT AT-AT Drivers first edition neuves de 6 pouces 45 pour les deux ou 25$ chacun","in stock","used_good","28.9 CAD","https://collectiblethang.vercel.app/product/3f13e5c8-d6c7-4287-a011-37bb17c78ea3","https://i.ebayimg.com/images/g/MPoAAeSw7T5p4O5G/s-l1600.jpg","The Shelf Cartel Toys","Home & Garden"
"SCT-0105","Figurine McFarlane Collector Edition - DC Multiverse - GRID","Figurine McFarlane Collector Edition - DC Multiverse - GRID emballage en parfaite condition flambant neuf - idéal pour collectionneur dc comics","in stock","used_good","22 CAD","https://collectiblethang.vercel.app/product/3fa0bb3a-4e92-4306-803c-87b63af61043","https://i.ebayimg.com/images/g/~A4AAeSwHQBqjfB7/s-l1600.jpg","The Shelf Cartel Toys","Toys & Games"
"SCT-0106","Voiture KinSmart - 1:36 Scale Model Toyota GR Supra Racing Concept White (BBKT5421DW)","Detailed white die-cast sports car toy with functioning opening doors. Realistic styling and durable construction for imaginative play. Lightweight and easy for kids to handle. Bright white finish adds a sleek, modern look.","in stock","used_good","16.99 CAD","https://collectiblethang.vercel.app/product/1ed21d07-4898-42b8-91ff-2e33f623aba5","https://i.ebayimg.com/images/g/3MsAAeSwvM9qY~yG/s-l1600.jpg","The Shelf Cartel Toys","Toys & Games"
"SCT-0107","Hot Wheels Silver Series Fast and Furious Mitsubishi Eclipse diecast 1:64","Hot Wheels Silver Series Fast and Furious Mitsubishi Eclipse edition Zamac diecast 1:64 flambant neuve 9$","in stock","used_good","24 CAD","https://collectiblethang.vercel.app/product/b9b51376-cb65-4a59-ad79-934c0f3ae9e9","https://i.ebayimg.com/images/g/EZEAAeSwih9pOIwS/s-l1600.jpg","The Shelf Cartel Toys","Toys & Games"
"SCT-0108","Lot de 4 figurines de 6 pouces neuves star wars Black series","Lot de 4 figurines de 6 pouces neuves star wars Black series 75$ pour les 4 ou 20$ chacune voir autres annonces","in stock","used_good","28.9 CAD","https://collectiblethang.vercel.app/product/3f13e5c8-d6c7-4287-a011-37bb17c78ea3","https://i.ebayimg.com/images/g/MPoAAeSw7T5p4O5G/s-l1600.jpg","The Shelf Cartel Toys","Toys & Games"
"SCT-0109","Matchbox Collectors 2020 Firestone Chevy Corvette C8 #04/20 - New Red & Yellow","Official Match 2020 Chevy Corvette collectible toy car in red with yellow accents. Durable die-cast construction for play and display. Eye-catching red and yellow racing livery with detailed decals. Great gift for kids and collectors who love race cars.","in stock","used_good","17 CAD","https://collectiblethang.vercel.app/product/19889dc2-9f1b-42db-91e1-9e146c3f32ae","https://i.ebayimg.com/images/g/J8cAAeSweY5qh2Ok/s-l1600.jpg","The Shelf Cartel Toys","Toys & Games"
"SCT-0110","Soulier sneakers pour fille grandeur 9 rose fleural de marque Yellow","Grandeur 9 fille fleural rose noir Marque yellow
Aurais besoin d’un nettoyage à l’intérieur mais bon état général","in stock","new","5.00 CAD","","https://scontent.fyhu2-1.fna.fbcdn.net/v/t45.5328-4/782346730_1050065007935234_2845305865729287505_n.jpg?stp=c0.43.261.261a_dst-jpg_p261x260_tt6&_nc_cat=107&ccb=1-7&_nc_sid=247b10&_nc_ohc=tHKSWc5EzfQQ7kNvwHuK7As&_nc_oc=Ado_ZLsdi6nZBvc44A-QD0WMlmLzag5A8iK0B-y_FXzRTHoEpkfT8etCO1J4I9nxIi137EUKqduvb-8gqiy5zeyj&_nc_zt=23&_nc_ht=scontent.fyhu2-1.fna&_nc_gid=Q4d01YNP6JZEy_ZjxpjHfw&_nc_ss=7b2a8&oh=00_AQKDNbd97kHt9CjVH7cmlN5Zu-t6M09fctf77ujeyy88Dw&oe=6ABC4B5A","The Shelf Cartel Toys","Toys & Games"
"SCT-0111","Jada Star Wars The Mandalorian Imperial Remnant AT-AT R/C téléguidé","Nouveau jouet radiocommandé Jada Star Wars Imperial Remnant AT-AT. Ce marcheur en plastique gris est doté d'une télécommande 2,4 GHz et propose une marche dynamique, des lumières et des sons. Cet ensemble fait partie de la collection The Mandalorian and Grogu et comprend une trappe de rangement pour la télécommande.","in stock","used_good","49.98 CAD","https://collectiblethang.vercel.app/product/900f3238-31ed-4a36-a870-63ebcc39a74b","https://i.ebayimg.com/images/g/HOUAAeSw4GNp89EE/s-l1600.jpg","The Shelf Cartel Toys","Toys & Games"
"SCT-0112","Vintage Fisher-Price Great Adventures 1994 Pirates et Chevaliers lot de Figurines","Durable plastic action figure set includes five characters from the Fisher-Price Imaginext line. The lot features two pirates, a black knight, a dark armored warrior, and a gold-armored king. Each figure has articulated arms and legs and comes with integrated or handheld accessories like swords, shields, and a mace.","in stock","new","15 CAD","https://collectiblethang.vercel.app/product/c92aea63-c6a5-439c-b7c7-271c7a5040f9","https://i.ebayimg.com/images/g/3J4AAeSww-hoTbjd/s-l1600.jpg","The Shelf Cartel Toys","Toys & Games"
"SCT-0113","Star Wars The Black Series - Andor ISB Tactical Agent Figurine 6 pouces neuve Hasbro","Figurine neuve - New Star Wars The Black Series ISB Tactical Agent action figure. This 6-inch scale collectible is from the Star Wars: Andor series and has a white and black color scheme. It includes a blaster accessory and is manufactured by Hasbro. Je peux shipper a vos frais voir autres annonces","in stock","used_good","14 CAD","https://collectiblethang.vercel.app/product/146ce21d-3782-4534-b65e-4596e607058d","https://i.ebayimg.com/images/g/fMEAAeSwlyZqhf7-/s-l1600.jpg","The Shelf Cartel Toys","Toys & Games"
"SCT-0114","Figurines vintage Disney Mickey Mouse, Goofy et Donald Duck en pompiers – années 1980","Magnifiques figurines de collection Disney vintage représentant Mickey Mouse, Goofy et Donald Duck en pompiers. Ces figurines en PVC/plastique seraient datées des années 1980 et sont parfaites pour les collectionneurs de Disney, Mickey Mouse, jouets vintage et figurines de pompiers. 🔹 Personnages : Mickey Mouse, Goofy et Donald Duck
🔹 Thème : Pompiers / Firefighter / Fireman
🔹 Marque : Disney
🔹 Époque : Vintage, circa années 1980
🔹 Matériau : PVC / plastique
🔹 Idéal pour : Collection Disney, jouets vintage, figurines et objets nostalgiques","in stock","used_fair","21.99 CAD","https://collectiblethang.vercel.app/product/f86774d4-ed79-4058-b7b7-8382da73e999","https://i.ebayimg.com/images/g/x9MAAeSwXeFqhgDf/s-l1600.jpg","The Shelf Cartel Toys","Toys & Games"
"SCT-0115","Hot Wheels Boulevard Premium Die-Cast Cars Datsun King Cab Baja CC850 toyota alphard jeep","New Hot Wheels Boulevard Premium die-cast metal vehicles with Real Riders tires. This set includes a 1967 Jeepster Commando, Datsun King Cab Baja Custom, 2015 Toyota Alphard, and Koenigsegg CC850. Each 1:64 scale model is in its original blister pack.","in stock","used_good","46 CAD","https://collectiblethang.vercel.app/product/28e983e3-01de-466a-81e0-a401e0c7221e","https://i.ebayimg.com/images/g/fhUAAeSw0FZqg70n/s-l1600.jpg","The Shelf Cartel Toys","Toys & Games"
"SCT-0116","Figurines Star Wars Black Series & Big-Figs Collection lot de 16 figurines","Extensive collection of Star Wars action figures from Hasbro and Jakks Pacific. This lot includes various 6-inch Black Series figures such as The Stranger (Qimir), Rey (Jakku) & BB-8, Sandtrooper, Clone Lieutenant Galle, and Imperial Remnant drivers. Also featured are two gold-tone commemorative figure sets and a large-scale Rey Big-Fig. All items are plastic and remain in their original retail boxes. Je peux aussi vendre a l’unité à partir de 10$ ch tout dependant du personnage.","in stock","used_good","28.9 CAD","https://collectiblethang.vercel.app/product/3f13e5c8-d6c7-4287-a011-37bb17c78ea3","https://i.ebayimg.com/images/g/MPoAAeSw7T5p4O5G/s-l1600.jpg","The Shelf Cartel Toys","Toys & Games"
"SCT-0117","Hot Wheels Superstar Speeders lot de 5 buzz woody hulk spider man grogu","New Hot Wheels Superstar Speeders die-cast vehicle set. This collection includes five individually packaged cars featuring characters from Toy Story, Marvel, and Star Wars. The set contains Buzz Lightyear, Woody, Hulk, Grogu, and Spider-Man themed vehicles. Each car is made of metal and plastic components with character-specific colors and designs.","in stock","used_good","34 CAD","https://collectiblethang.vercel.app/product/d7bb70ab-e5fd-4899-9fc4-1448f208e131","https://i.ebayimg.com/images/g/2BkAAeSwtWFqbgnI/s-l1600.jpg","The Shelf Cartel Toys","Toys & Games"
"SCT-0118","Hot Wheels Character Cars DC The Flash Batman","New Hot Wheels Character Car from the DC The Flash series. This die-cast metal vehicle is a Batman themed model with a black and gold color scheme. It is in its original blister pack packaging.","in stock","used_good","21 CAD","https://collectiblethang.vercel.app/product/11dbd450-ff28-4169-9a26-01475aac548d","https://i.ebayimg.com/images/g/pooAAeSwUZFqgJ30/s-l1600.jpg","The Shelf Cartel Toys","Toys & Games"
"SCT-0119","Ouvre-porte de garage à chaîne Linear LD050 1/2 HP","Découvrez l'ouvre-porte de garage à chaîne Linear LD050 (1/2 HP), un modèle robuste doté d'une unité de moteur grise et d'un couvercle de lumière blanc. Cet appareil fiable comprend un long rail en métal et une chaîne d'entraînement durable, avec un boîtier de moteur hybride conçu en métal et en plastique de haute qualité. Parfait pour le remplacement de pièces ou pour identifier votre système d'ouverture de porte de garage résidentiel. Fonctionne tres bien vient avec telecommande et tout le kit prêt à etre installé contactez andré par telephone seulement 8193836924 je ne répond a aucun message concernant cet article il faut appeler ! Merci","in stock","used_good","75.00 CAD","","https://scontent.fyhu2-1.fna.fbcdn.net/v/t45.5328-4/776324652_1781303913217644_1612161295801826166_n.jpg?stp=c0.43.261.261a_dst-jpg_p261x260_tt6&_nc_cat=110&ccb=1-7&_nc_sid=247b10&_nc_ohc=aOENE2Ss8PEQ7kNvwG_xo1h&_nc_oc=Adq4KIimDZx1pgyZCYX_wr_0YVUYoV0HnjkN_33N4yStq5o7wvayYz588yRzJCBVmRDCI53N0pENwPtaqhXrWQ52&_nc_zt=23&_nc_ht=scontent.fyhu2-1.fna&_nc_gid=7scSYfLL1BInHc-PePtRUA&_nc_ss=7b2a8&oh=00_AQKHkcWl6LEG0KwqMGVYwVKliwBkVokikwlIBF5r1_Vmzg&oe=6ABC45A2","The Shelf Cartel Toys","Hardware > Tools"
"SCT-0120","Voltron Lion Force Vintage 1984 Voltron I & Vehicule Team Lionbot Robots Japan","Vintage plastic and die-cast metal Voltron lion figures. This set includes multiple green lions, one red lion, one yellow lion with its back attachment, and one blue lion. The figures have a mix of primary colors with silver-toned metallic legs. Each lion has articulated joints and numbered decals.","in stock","new","64 CAD","https://collectiblethang.vercel.app/product/c4013993-ab41-4705-bdfb-e3e61a3e105c","https://i.ebayimg.com/images/g/K8sAAeSwrd5qg0AH/s-l1600.jpg","The Shelf Cartel Toys","Toys & Games"
"SCT-0121","Maisto 1/18 1957 Chevrolet Bel Air Convertible Diecast Model","Detailed 1/18 scale diecast metal model of a 1957 Chevrolet Bel Air Convertible. This red vehicle has a white interior and features opening doors, hood, and trunk. It is part of the Maisto Special Edition series and includes a detailed engine compartment and interior.","in stock","used_good","21 CAD","https://collectiblethang.vercel.app/product/1a71c425-c888-484f-bf76-86d6091035da","https://i.ebayimg.com/images/g/veIAAeSwhhhpzbE3/s-l1600.jpg","The Shelf Cartel Toys","Toys & Games"
"SCT-0122","Vis à Gypse Neuve (4000) - #6 x 1 1/4"" Noir The Hardware by the Pound Screws","Bulk container of 4000 black drywall screws. This set has a net weight of 13.5 pounds. The screws are #6 x 1 1/4"" with a fine thread, bugle head, and Phillips drive. The hardware is made of steel.","in stock","used_good","25.00 CAD","","https://scontent.fymq2-1.fna.fbcdn.net/v/t45.5328-4/776324647_2115628008987667_7709172998687326915_n.jpg?stp=c0.17.261.261a_dst-jpg_p261x260_tt6&_nc_cat=108&ccb=1-7&_nc_sid=247b10&_nc_ohc=rnxxAJ2qu6gQ7kNvwG83PUo&_nc_oc=Adq1-AkVORr0wCxkBin4A0z_cfmc9KuGinBaz8NtuXrWEzmMsNvnTkSsssgxXEjwht-WuI9v4te9-7mvVE_GJXaP&_nc_zt=23&_nc_ht=scontent.fymq2-1.fna&_nc_gid=r9-GkQyoWqMsgcBpJNZ9CQ&_nc_ss=7b2a8&oh=00_AQKbnqjQqgmmTH4f9M7BCcBiOt9eraW0sQgOP8-jWtKLeg&oe=6ABC4218","The Shelf Cartel Toys","Hardware > Tools"
"SCT-0123","1991 Power Rangers Mighty Morphin MMPR – Zord Tyrannosaure Rouge T-Rex Megazord Vintage Bandai","Revivez la nostalgie des années 90 avec ce Zord Tyrannosaure Rouge (T-Rex) des Mighty Morphin Power Rangers (MMPR). Cette figurine vintage de 1991 est une pièce incontournable pour les collectionneurs de Power Rangers, de Bandai et des jouets rétro. Caractéristiques : * Power Rangers Mighty Morphin (MMPR)
* Zord Tyrannosaure Rouge (Red Tyrannosaurus / T-Rex Zord)
* Année : 1991
* Figurine / Véhicule Megazord vintage
* Fabrication Bandai
* Jouet de collection
* Idéal pour les collectionneurs et amateurs de jouets des années 90. Mots-clés SEO : Power Rangers, Mighty Morphin Power Rangers, MMPR, Zord Tyrannosaure Rouge, Red Tyrannosaurus, T-Rex Zord, Megazord, Bandai 1991, Figurine Power Rangers, Jouet Vintage, Collection Power Rangers, Jouet Années 90, Zord Vintage, Dinozord, Power Rangers Bandai.","in stock","used_good","22.8 CAD","https://collectiblethang.vercel.app/product/f6666eb6-9a22-4fab-891f-fdca5fe78216","https://i.ebayimg.com/images/g/07sAAeSwtYRqPn6h/s-l1600.jpg","The Shelf Cartel Toys","Toys & Games"
"SCT-0124","Figurine Star Wars 6 pouces- Luke Skywalker Power of the Force 50th The Black Series carte impécable","Non negociable Luke Skywalker Power of the Force 50th 6"" STAR WARS The Black Series A1 - MINT F3267 6 pouces
Je peux shipper a vos frais voir autres annonces","in stock","used_good","32 CAD","https://collectiblethang.vercel.app/product/dea46f01-443a-429f-ae7f-54b85b5abf1f","https://i.ebayimg.com/images/g/0roAAeSwBxloKP48/s-l1600.jpg","The Shelf Cartel Toys","Toys & Games"
"SCT-0125","Hot Wheels Treasure Hunt 1978 Dodge Li’L Red Express Truck (green)","Hot Wheels treasure hunt Voir aussi mes autres annonces","in stock","used_good","15.99 CAD","https://collectiblethang.vercel.app/product/5dbc3b15-aeee-4cad-a4ea-4584ed292880","https://i.ebayimg.com/images/g/vigAAeSw8cpoM3n0/s-l1600.jpg","The Shelf Cartel Toys","Toys & Games"
"SCT-0126","Casque full face moto vtt skidoo","Casque avec vitre moto vtt skidoo a vendre 25$","in stock","new","25.00 CAD","","https://scontent.fyhu2-1.fna.fbcdn.net/v/t45.5328-4/774906161_1540139567247755_517812237079592088_n.jpg?stp=c0.151.261.261a_dst-jpg_p261x260_tt6&_nc_cat=111&ccb=1-7&_nc_sid=247b10&_nc_ohc=azQtyJE1eDUQ7kNvwEIGNT0&_nc_oc=AdpnpH20mbr3AKuL1dm336yv3yO7lZTD4Rq39_UFLQErUvJHeLkI5I1BJl-m9whzT5KYriusOMcafj1ty2M1eu3X&_nc_zt=23&_nc_ht=scontent.fyhu2-1.fna&_nc_gid=r9-GkQyoWqMsgcBpJNZ9CQ&_nc_ss=7b2a8&oh=00_AQLYjwQa6KFHRf8OYHm2awYFr6YncoSxHNBLJOeEPwVwgg&oe=6ABC31DF","The Shelf Cartel Toys","Sporting Goods"
"SCT-0127","Lot de figurines Batman DC, TinyTAN BTS, Playmobil, LOL Surprise, Princesse Peach, Soldat","Ajoutez un lot de figurines variées à votre collection! Ce lot comprend un mélange de personnages populaires provenant de différentes franchises. Idéal pour les collectionneurs, les revendeurs ou pour compléter une collection. Le lot comprend notamment : * Batman DC Multiverse McFarlane Toys (figurine articulée)
* 2 figurines TinyTAN BTS (style Q Posket)
* Figurine pilote / motocross rouge et noir
* LOL Surprise Doll
* Princesse Peach (Super Mario)
* Petit soldat vert style Army Men
* 3 figurines Playmobil
* Figurine enfant style Playmobil
* Figurine fillette blonde
* Figurine cartoon sur base bleue
* Figurine femme vintage
* Petite figurine blonde couchée
* Petite figurine orange État : Bon état d’occasion. Veuillez examiner attentivement les photos pour connaître l’état exact et le contenu du lot. Mots-clés SEO : Batman McFarlane, DC Multiverse, TinyTAN BTS, BTS Figure, Playmobil, LOL Surprise, Princess Peach, Super Mario, Army Men, Mixed Toy Lot, Action Figures, Collectibles, Toy Bundle.","in stock","used_good","5.7 CAD","https://collectiblethang.vercel.app/product/bdd75898-5ca2-457e-929f-2cae63b18847","https://i.ebayimg.com/images/g/55IAAeSw6tJqPoEB/s-l1600.jpg","The Shelf Cartel Toys","Toys & Games"
"SCT-0128","Vintage Tonka 1991 camion dépanneuse remorqueur towing truck Iguana 24h","Camion remorqueur Tonka Vintage 1991 – Iguana 24 Heures Camion remorqueur Tonka original de 1991, modèle Iguana 24 Heures, un classique recherché des collectionneurs de jouets vintage. Fabriqué en plastique robuste avec les couleurs emblématiques Tonka, ce towing truck possède un bras de remorquage fonctionnel. Idéal autant pour un collectionneur que pour un enfant qui veut jouer avec un jouet solide à l’ancienne. ✔ Marque : Tonka
✔ Année : 1991
✔ Modèle : Iguana 24 Heures
✔ Type : Camion remorqueur (towing truck)
✔ État : (à ajuster – ex : très bon état / quelques traces d’usure normales pour son âge)
✔ Fonctionnel Parfait pour collection, décoration ou jeu. Difficile à trouver dans cet état!","in stock","used_good","33.25 CAD","https://collectiblethang.vercel.app/product/41b02f0a-a9f0-427a-adf7-2b692767f460","https://i.ebayimg.com/images/g/k5QAAeSwLGtpDlRT/s-l1600.jpg","The Shelf Cartel Toys","Toys & Games"
"SCT-0129","Lot de 8 figurines Star Wars the force awakens","Star Wars : Le Réveil de la Force – Lot de 8 figurines (NEUVES / Scellées) Figurines officielles Hasbro de la série Star Wars: Le Réveil de la Force.
Toutes les figurines sont neuves, scellées en usine, jamais ouvertes. Personnages inclus : • Luke Skywalker • Rey (Jakku) • Kylo Ren • Stormtrooper du Premier Ordre • Flametrooper du Premier Ordre • Snowtrooper du Premier Ordre • Officier Snowtrooper • Quiggold (Jakku – Premier Maître / Second Capitaine)
Chewbacca et plus Certaines figurines proviennent de packs de 2 ou multipacks (voir photos).
Idéal pour collectionneurs ou exposition. Je peux expedier a vos frais 📦 État : Neuf / Scellé / presque tous parfaite
🏠 Maison sans fumée
📸 Vous recevrez exactement lesu articles montrés sur les photos","in stock","used_good","50 CAD","https://collectiblethang.vercel.app/product/9992c18b-da75-490e-a3cd-881a8b8a0c26","https://i.ebayimg.com/images/g/g7YAAeSwmnZpSGK3/s-l1600.jpg","The Shelf Cartel Toys","Toys & Games"
"SCT-0130","Maisto Volkswagen VW Samba Bus Années 1960 1:25 7 po Modèle Die-Cast Rouge Neuf","Revivez l’âge d’or du célèbre Volkswagen Samba Bus avec ce magnifique modèle réduit Maisto à l’échelle 1:25. Inspiré du légendaire VW Samba Bus des années 1960, ce véhicule en métal moulé sous pression (die-cast) reproduit fidèlement les lignes emblématiques du célèbre minibus Volkswagen, avec une finition rouge et blanc classique. Les modèles Maisto de cette série comprennent des détails réalistes, un habitacle soigné et des éléments ouvrants, ce qui en fait une excellente pièce de collection. Parfait pour les collectionneurs de modèles réduits, les passionnés de Volkswagen, de véhicules classiques et de die-cast de qualité. Caractéristiques : * ✔️ Marque : Maisto
* ✔️ Volkswagen Samba Bus des années 1960
* ✔️ Échelle 1:25
* ✔️ Longueur d’environ 7 pouces
* ✔️ Construction en métal moulé sous pression (Die-Cast)
* ✔️ Couleur rouge et blanc
* ✔️ Détails réalistes avec éléments ouvrants
* ✔️ Neuf en boîte
* ✔️ Produit sous licence officielle Volkswagen Mots-clés : Volkswagen Samba Bus, VW Bus, Volkswagen Type 2, Combi Volkswagen, Maisto, die-cast, modèle réduit, véhicule miniature, années 1960, 1:25, collection Volkswagen, minibus Volkswagen, Samba Bus rouge, véhicule classique, neuf en boîte","in stock","used_good","6.99 CAD","https://collectiblethang.vercel.app/product/af23e047-d365-4faf-abc3-135e05661158","https://i.ebayimg.com/images/g/XWEAAeSwn8tp~SFB/s-l1600.jpg","The Shelf Cartel Toys","Toys & Games"
"SCT-0131","ToyBiz Batman & Robin 1989 DC Comics Super Heroes NIB Scellé Vintage","Ajoutez une véritable pièce de collection à votre univers DC avec ce Batman & Robin ToyBiz 1989, neuf en boîte (NIB) et scellé d’origine. Issu de la célèbre gamme DC Comics Super Heroes, cet ensemble de figurines d’action vintage est un incontournable pour les collectionneurs de Batman et les amateurs de jouets des années 1980. Fabriqué par ToyBiz en 1989, ce coffret met en vedette Batman et Robin dans leur style classique inspiré des comics DC. Grâce à son emballage d’origine scellé, il constitue une excellente pièce de collection ou un cadeau idéal pour tout passionné de super-héros. Caractéristiques : * ✔️ Batman & Robin
* ✔️ ToyBiz original de 1989
* ✔️ Neuf en boîte (NIB)
* ✔️ Emballage scellé d’origine
* ✔️ Collection DC Comics Super Heroes
* ✔️ Figurines d’action vintage
* ✔️ Idéal pour les collectionneurs et les fans de Batman Mots-clés SEO : Batman ToyBiz 1989, Robin vintage, DC Comics Super Heroes, figurines Batman, jouets vintage, NIB, neuf scellé, collection Batman, figurines DC Comics, ToyBiz vintage, Batman collection.","in stock","used_good","150 CAD","https://collectiblethang.vercel.app/product/2f94378a-033e-4c6b-bd62-3c53b2133df6","https://i.ebayimg.com/images/g/TnsAAeSwBsFqPm04/s-l1600.jpg","The Shelf Cartel Toys","Toys & Games"
"SCT-0132","Figurine Hallmark - Ironman","Figurine Hallmark Ornement - Ironman Allez voir mes autres annonces Je peux shipper a vos frais","in stock","used_good","16.8 CAD","https://collectiblethang.vercel.app/product/eeadfb86-e06e-4f79-a57b-3a8d90cbc9d5","https://i.ebayimg.com/images/g/0XsAAeSwIMFo1Cz-/s-l1600.jpg","The Shelf Cartel Toys","Home & Garden"
"SCT-0133","Lot Hot Wheels Star Wars Lot de 3 N-1 Starfighter Snowspeeder Sandcrawler neuf","Lot de hot wheels star wars vaisseaux
N1 Starfighter snowspeeder sandcrawler Peux vendre a l’unité 25$ chaque si unitaire Non negociable Je peux shipper a vos frais
Voir autres annonces","in stock","used_good","52.25 CAD","https://collectiblethang.vercel.app/product/6340fecd-e33b-496d-87ab-92886d409d02","https://i.ebayimg.com/images/g/~40AAeSwItloetS7/s-l1600.jpg","The Shelf Cartel Toys","Toys & Games"
"SCT-0134","Star Wars Black Series Lot 4 figurines neuve Scellés – Luke Kylo Ren Rey SDCC 2017 Exclusif","À vendre : lot de 4 figurines Star Wars The Black Series 6 pouces par Hasbro, toutes 100% scellées en usine dans leur emballage d’origine — jamais ouvertes.
Contenu du lot : • Luke Skywalker (Maître Jedi) – version standard • Luke Skywalker (Maître Jedi) – Île d’Ahch-To (Exclusivité Target) • Kylo Ren – Salle du Trône (Exclusivité Walmart) • Rey (Entraînement Jedi) + Luke Skywalker – Exclusivité SDCC 2017 (San Diego Comic Con)
Toutes les figurines proviennent du film Star Wars : Les Derniers Jedi (2017). Conservées dans un environnement sans fumée.
Le 2-pack Rey + Luke SDCC 2017 scellé est la pièce maîtresse du lot — extrêmement rare à trouver encore dans son plastique d’origine.
Opportunité rare pour tout collectionneur de mettre la main sur 4 exclusivités en un seul achat.
Mots-clés : Star Wars, Black Series, 6 pouces, Hasbro, Luke Skywalker, Kylo Ren, Rey, SDCC 2017, exclusivité Comic Con, Les Derniers Jedi, scellé, neuf, MISB, lot, collectionneur, rare, figurine.​​​​​​​​​​​​​​​​","in stock","used_good","130 CAD","https://collectiblethang.vercel.app/product/6d2f3047-ecb1-4cdf-b957-cfd00dbde6ba","https://i.ebayimg.com/images/g/ZHMAAeSwi0Vp2Er6/s-l1600.jpg","The Shelf Cartel Toys","Toys & Games"
"SCT-0135","Hot Wheels Monster Trucks Série Batman Classic TV VS Batman - Neuf scellé MOC","Hot Wheels monster trucks Batman Batman MONSTER TRUCKS Batman VS Batman Classic TV Demolition Double Hot Wheels
JCC80-la10 Rare","in stock","used_good","8.39 CAD","https://collectiblethang.vercel.app/product/6f2cb627-a6f2-4215-8f4e-44fd6a22d253","https://i.ebayimg.com/images/g/wh8AAeSwG~Foxxyv/s-l1600.jpg","The Shelf Cartel Toys","Toys & Games"
"SCT-0136","Figurine Darth vader 10 pouces","Figurine the mandalorian star wars darth vader 10","in stock","new","40 CAD","https://collectiblethang.vercel.app/product/e7e57b43-884c-40e0-992b-613c04edcaa9","https://i.ebayimg.com/images/g/9CkAAeSwKnpp3TYx/s-l1600.jpg","The Shelf Cartel Toys","Home & Garden"
"SCT-0137","Figurine Star Wars - L’empereur 3.75 pouces- Retro collection","Figurines Hasbro Star Wars Kenner Retro Collection L’empreur - Plusieurs de disponible voir autres annonces
9$","in stock","used_good","13.57 CAD","https://collectiblethang.vercel.app/product/2b2f94f7-fedc-4da2-8810-058bfa172986","https://i.ebayimg.com/images/g/67kAAeSwZfBpd7M8/s-l1600.jpg","The Shelf Cartel Toys","Toys & Games"
"SCT-0138","Conseil : Améliorez la description","Conseil : Améliorez la description","in stock","used_good","5.00 CAD","","https://scontent.fyhu2-1.fna.fbcdn.net/v/t45.5328-4/777902319_2995273370811562_195206396700994104_n.jpg?stp=c0.43.261.261a_dst-jpg_p261x260_tt6&_nc_cat=105&ccb=1-7&_nc_sid=247b10&_nc_ohc=bfdgZPYTPlkQ7kNvwFZ7Lr0&_nc_oc=AdocCaVowHJY7Kx8RYRfRUgKwcoCusW6v2eRnD5_14HLBNRn61fy8oWQXOBB6oz_9poiNRshJ375pK3L9Kv8iRkC&_nc_zt=23&_nc_ht=scontent.fyhu2-1.fna&_nc_gid=TQm3LRL5mNNg3WAibosqfw&_nc_ss=7b2a8&oh=00_AQKZyVmmajymJxQHjaHcbFQ2LMVTpNHh2q2q7SENpln8Jg&oe=6ABC2C1C","The Shelf Cartel Toys","Toys & Games"
"SCT-0139","Figurine Pompier Chap Mei Fireman Fire Fighter Rescue Squad 4.5 inch Figure Vintage","Chap Mei Fireman Fire Fighter Action Figure Rescue Squad 4.5 Figure Vintage
Vintage figure","in stock","new","44.65 CAD","https://collectiblethang.vercel.app/product/c7b80cbe-3efb-42c0-920d-2a924eb35af4","https://i.ebayimg.com/images/g/qrIAAeSwkshptOJm/s-l1600.jpg","The Shelf Cartel Toys","Toys & Games"
"SCT-0140","Hot wheels premium car culture mazda 787B noir 5/5 diecast","Hot wheels de course Car Culture de la ligne hot wheels premium mazda 787B noir magnifique voiture diecast premium","in stock","used_good","13.3 CAD","https://collectiblethang.vercel.app/product/cac988c2-2cb1-496b-b626-030e0f8625b0","https://i.ebayimg.com/images/g/6foAAeSwAupo879N/s-l1600.jpg","The Shelf Cartel Toys","Toys & Games"
"SCT-0141","Lots de mini figurine et vaisseaux 2 pouces star wars 2014-2015 AT-AT walker x-wing fighter","Lots de mini figurines et vaisseaux 2 pouces star wars 2014-2015 AT-AT walker x-wing fighter Voir aussi mes autres annonces
Je peux shipper a vos frais","in stock","used_good","65 CAD","https://collectiblethang.vercel.app/product/5a2e96f9-bdfa-4f1a-8618-89e64e7451d3","https://i.ebayimg.com/images/g/ekEAAeSwcyxpO42-/s-l1600.jpg","The Shelf Cartel Toys","Toys & Games"
"SCT-0142","Marchandise Vintage Officielle Bar Honda de Formule 1 Japan 5xPolos, 4xcasquettes, 1xKeychain Neuf","Authentique merchandise officielle BAR Honda Formula 1, produite à l’origine pour l’équipe des écuries de course Honda F1 au début des années 2000. Importée directement du Japon, jamais portée ni distribuée au public. ✅ Lot inclus : • 4x Polos officiels Small (NEUF) • 1x Polo officiel Medium (NEUF) • 4x Casquettes Honda F1 Team – Taille unique (NEUF) • 1x Porte-clés officiel Honda (NEUF, emballage d’origine) Tous les articles sont 100% authentiques, avec le logo barhondaf1.com et les sponsors officiels de l’équipe. Un des polos a été sortie du sac par moi, pour la prise de photo uniquement. Le sac est encore disponible . ⸻ État : • Neuf / jamais utilisé / authentique • Idéal pour collectionneurs F1, fans de Honda Racing, ou pour une vitrine de memorabilia motorsport. official polo pit shirt HRC official polo certifié Honda. ⸻ Valeur estimée (par article) : J’ai mis un listing d’un POLO Honda ebay dans les photos . Prix de vente par POLO environ 116$ CAD par contre il n’est pas neuf VS les miens. • Polo officiel équipe (NEUF, import Japon) : ≈ 100 - 150 $ chacun USD • Casquette officielle (NEUF) : ≈ 60–80 USD chacune • Porte-clés officiel : ≈ 40 USD
🔹 Valeur totale estimée du lot : ≈ 700 - 800 USD Je peux shipper partout au monde pour faciliter une transaction ( au frais de l’acheteur )","in stock","used_good","8.6 CAD","https://collectiblethang.vercel.app/product/f19bf5ae-a002-4b3c-ab08-0a51cfc257c1","https://i.ebayimg.com/images/g/zQsAAeSwo4NqUjjF/s-l1600.jpg","The Shelf Cartel Toys","Collectibles"
"SCT-0143","Planche à laver ancienne en bois avec surface métallique ondulée Fabriquée par McFarlane Mfg Company","Objet utilitaire traditionnel utilisé autrefois pour le lavage du linge à la main.
La surface ondulée en métal permettait de frotter efficacement les vêtements, tandis que le cadre en bois assurait solidité et durabilité. Détails : • Cadre en bois d’origine • Surface de lavage en métal ondulé • Fabricant : McFarlane Mfg Co Ltd, Toronto • Objet utilitaire ancien / décor rustique • Idéal pour collectionneur, décor champêtre ou style farmhouse Présente des traces d’usure normales liées à l’âge et à l’utilisation, ce qui ajoute à son authenticité.
Veuillez examiner attentivement les photos pour l’état général. ⸻ 🔹 Datation 👉 Début du XXe siècle (environ 1900–1930) Voir autres annonces 📣","in stock","used_fair","50.00 CAD","","https://scontent.fymq2-1.fna.fbcdn.net/v/t45.5328-4/777867994_904925032235738_8602527714106427053_n.jpg?stp=c0.43.261.261a_dst-jpg_p261x260_tt6&_nc_cat=108&ccb=1-7&_nc_sid=247b10&_nc_ohc=vuxQ9zH2neMQ7kNvwGZFphe&_nc_oc=Ado5rgig34KIwTUv7MLT9dP3yLNYe-ffzEYX07ldMBP67XLTIkkrRVj0td11rL6ROrGdohH3Cdy3zcT4fbeeHa3i&_nc_zt=23&_nc_ht=scontent.fymq2-1.fna&_nc_gid=TQm3LRL5mNNg3WAibosqfw&_nc_ss=7b2a8&oh=00_AQJeBimrXMRCTEh457V4u0HUyvTr6ZHyDWBmTOv0EmScPQ&oe=6ABC2607","The Shelf Cartel Toys","Collectibles"
"SCT-0144","Film VHS Le titanic 1999 (2 tapes)","Film en vhs 2 casette Titanic Leonardo Dicaprio Kate Winslet","in stock","new","15.39 CAD","https://collectiblethang.vercel.app/product/5f17e22e-93cb-4e94-8321-848b71c386f2","https://i.ebayimg.com/images/g/LgYAAeSwbvhqC39U/s-l1600.jpg","The Shelf Cartel Toys","Media > Books, Movies, Music"
"SCT-0145","Lot de dinosaures et d’animaux marins quelques figurines Schleich 50+","Gros lot d’aimaux marins et de dinosaures certaines figurines sont de la marque Schleich si certain collectionneur peuvent s’y intéresser sinon parfait pour le jeux! 50+ Pour Vente rapide","in stock","used_good","35.00 CAD","","https://scontent.fymq3-1.fna.fbcdn.net/v/t45.5328-4/776222675_1060014739760737_269709761037316168_n.jpg?stp=c43.0.260.260a_dst-jpg_p261x260_tt6&_nc_cat=102&ccb=1-7&_nc_sid=247b10&_nc_ohc=OjoxJMUAzfAQ7kNvwGAIu4Q&_nc_oc=AdooP8NPcOp-cNpD3U-ZWO02KeZF9yZQPecOZJi_KBV2vGr2c5jLR6Zkw9ROzdlSv31tlY5b-6Set63p4jQPAym7&_nc_zt=23&_nc_ht=scontent.fymq3-1.fna&_nc_gid=faWkPWw67woJZqraWFxKyQ&_nc_ss=7b2a8&oh=00_AQKj7GW3C2FmUX0fXkHTewi_13uXxvDQbp8L3-y2b936jw&oe=6ABC593D","The Shelf Cartel Toys","Toys & Games"
"SCT-0146","Mcfarlane DC Multiverse Black Adam figurines 7 pouces","Neuf voir mes autres annonces je peux shipper a vos frais Figurine de McFarlane Black ADAMS dc multiverse dwayne Johnson the rock neuve 7 pouces","in stock","used_good","67 CAD","https://collectiblethang.vercel.app/product/fa2f6829-a2fa-4fc3-a16a-2d42f8cbdd27","https://i.ebayimg.com/images/g/z5gAAeSw-ctpRgPw/s-l1600.jpg","The Shelf Cartel Toys","Toys & Games"
"SCT-0147","Hot wheels 63 studebaker champ truck HW","Hot wheels studebacker champ truck Je peux shipper a vos frais
Voir aussi mes autres annonces","in stock","used_good","7 CAD","https://collectiblethang.vercel.app/product/81d6c5af-68f8-4fb6-b1d0-9f1fcb129445","https://i.ebayimg.com/images/g/wmwAAeSwoOxoM3SA/s-l1600.jpg","The Shelf Cartel Toys","Toys & Games"
"SCT-0148","Mattel Masters of the Universe Revelation King Grayskull figurine neuve motu","New-in-box Mattel Masters of the Universe Revelation King Grayskull action figure. This plastic figure has 30 points of articulation and includes a removable cape, an alternate head, two extra hands, a sword, and a shield. The character is depicted with brown skin and long dark hair, wearing a fur-lined harness and loincloth.","in stock","used_good","22.99 CAD","https://collectiblethang.vercel.app/product/89502040-3b31-40c8-b553-988c83b7cf5c","https://i.ebayimg.com/images/g/qGgAAeSwWXtqgLUE/s-l1600.jpg","The Shelf Cartel Toys","Toys & Games"
"SCT-0149","G.I. Joe Ninja Commando 4x4 and Cobra H.I.S.S. Construction blocs ensemble de 2","Ensemble de blocs de construction G.l. Joe Cobra
H.I.S.S. neuf, comprenant 100 pièces et une figurine.
Cette trousse de construction de marque Forever Clever est compatible avec les autres grandes marques de blocs de construction.
L'ensemble comprend une feuille d'instructions et une planche de décalcomanies dans la boîte d'origine et Ensemble de construction G.l. Joe Skystriker de 100 pièces, neuf. Cette trousse de construction Forever Clever comprend une figurine de pilote, une feuille d'instructions et une planche de décalcomanies.
L'ensemble est compatible avec les autres grandes marques de blocs de construction et est sous licence hasbro","in stock","used_good","19.99 CAD","https://collectiblethang.vercel.app/product/aa88ed4a-0863-4d00-9056-a318122819a1","https://i.ebayimg.com/images/g/SQUAAeSw6fRqgOJk/s-l1600.jpg","The Shelf Cartel Toys","Toys & Games"
"SCT-0150","Hot Wheels Premium Car Culture Aero Styles Série complete 5/5","New Hot Wheels Premium Car Culture Aero Styles set of five die-cast vehicles. This collection includes the LB-Kaido Works Nissan R32 Skyline GT-R in white, the 2008 Audi A4 Touring Car in black, the LB Super Silhouette Nissan Silvia (S15) in white, the Lexus RC F GT3 in blue, and the '70 Chevy Nova in olive green. Each vehicle has metal bodies and Real Riders rubber tires. Peut vendre à l’unité 15$ chaque","in stock","used_good","9 CAD","https://collectiblethang.vercel.app/product/cc93e3e7-1d3a-49f7-9de2-d57236bcb947","https://i.ebayimg.com/images/g/1ycAAeSwHOFpXE8G/s-l1600.jpg","The Shelf Cartel Toys","Toys & Games"
"SCT-0151","M2 Machines 1958 Chevrolet Impala rose - diecast 1:64 Chase","New M2 Machines 1958 Chevrolet Impala is a 1:64 scale die-cast car. This pink model has a metallic finish and is part of the Chevrolet Performance series. The car is mounted on a black display base inside a clear plastic protective case.","in stock","used_good","23 CAD","https://collectiblethang.vercel.app/product/f5ee77f5-08f8-4f0c-a0d0-ef93891d3866","https://i.ebayimg.com/images/g/j6kAAeSwX0ZqffPj/s-l1600.jpg","The Shelf Cartel Toys","Toys & Games"
"SCT-0152","Lot de 15 VHS NEUVES de type SCREENING COPY / COPIE PROMOTIONNELLE Ultra Rare","Ces cassettes n’étaient pas destinées à la vente au public ni à la location. Elles étaient distribuées uniquement à : • Clubs vidéo • Maisons d’édition • Distributeurs de films • Critiques et médias Elles portent des mentions comme « Screening Copy », « Promotional Use Only », « Not for Rental or Sale » ou « Demo Tape ». 🎞️ POUR COLLECTIONNEURS
Certaines VHS possèdent une pochette différente de celle finalement commercialisée, ce qui les rend extrêmement rares et recherchées. Films inclus : • Normal Life – Copie promotionnelle • One Against the Wind – Usage promotionnel seulement • The Promise – Cassette de projection intégrale • My New Gun – Screening Copy • The List – Copie de projection • Project A2 (Jackie Chan) – Demo Tape • Red Letters – Screening Copy Et plus … État : neuf tous scellés jamais ouvert dans les plastiques d’origines sauf un film the promise , qui a été ouverte par le bas doucement (encore dans le plastique)
Possible de vendre à l’unité. Je peux shipper a vos frais
Voir autres annonces vu","in stock","used_good","14 CAD","https://collectiblethang.vercel.app/product/c1c77113-fcbb-414b-a541-968651f30d90","https://i.ebayimg.com/images/g/CFkAAeSwWhZqFkn5/s-l1600.jpg","The Shelf Cartel Toys","Collectibles"
"SCT-0153","Star wars Kylo Ren Bobble Head 2015 no saber","Star wars
Figurine Kylo ren Bobble head no lightsaber
Voir autres annonces
Je peux shipper a vos frais partout au quebec","in stock","new","159 CAD","https://collectiblethang.vercel.app/product/d3bf79f0-d246-4159-a436-4d250772b393","https://i.ebayimg.com/images/g/UQQAAeSwtLJpCUnZ/s-l1600.jpg","The Shelf Cartel Toys","Toys & Games"
"SCT-0154","Welly 1:43 HI STORY Subaru Impreza WRX STI V8 2002 JDM Diecast","Mauvaise état voir photo aileron manquant . Voir autres annonces
Je peux shippe a vos frais Superbe voiture miniature échelle 1:43 de la Subaru Impreza WRX STI 2002, version V8 JDM. Modèle détaillé idéal pour collectionneur. * Marque : Welly / HI STORY HS433WH
* Modèle : Subaru Impreza WRX STI V8
* Année : 2002
* Échelle : 1:43
* Style : JDM (Japanese Domestic Market)
* Matériau : Die-cast (métal)
* État : Voir photos pour les détails Parfait pour les passionnés de voitures japonaises, de Subaru ou de modèles réduits de collection. Belle pièce à exposer. 📸 Voir photos pour l’état exact ⸻ Mots-clés (SEO) :
Welly, Subaru Impreza, WRX STI, 2002, V8, JDM, 1:43, diecast, voiture miniature, collection, HI STORY, HS433WH, modèle réduit, auto japonaise, collectible un","in stock","used_fair","4.99 CAD","https://collectiblethang.vercel.app/product/7c4e39c6-cd3c-4b20-8948-7e52deee8339","https://i.ebayimg.com/images/g/aQMAAeSw7x5paqmS/s-l1600.jpg","The Shelf Cartel Toys","Toys & Games"
"SCT-0155","Hot wheels Mainline P & Q Case 2025 Bentley Porsche Bmw Viper Mclaren","Hot wheels Minimum de 3 acheté pour avoir 4$ chaque Si tu en veux juste une ou deux c’est 5$ chaque","in stock","used_good","6.65 CAD","https://collectiblethang.vercel.app/product/c56b4b59-b0c5-4905-9297-4ad0053c3dc7","https://i.ebayimg.com/images/g/jjEAAeSwy2Zo~5rP/s-l1600.jpg","The Shelf Cartel Toys","Toys & Games"
"SCT-0156","Disney pixar cars rey reverham 2026 diecast","Disney pixar cars rey reverham 2026 diecast chase Voir autres annonces","in stock","used_good","18.04 CAD","https://collectiblethang.vercel.app/product/90c6aff4-188e-4d20-89ff-6904bdff8cde","https://i.ebayimg.com/images/g/vHEAAeSwkt9ptN9x/s-l1600.jpg","The Shelf Cartel Toys","Toys & Games"
"SCT-0157","Film VHS - vintage It’s a wonderful Life James Stewart collector’s edition 45th Anniversary","Voir aussi mes autres annonces
En anglais","in stock","used_good","48 CAD","https://collectiblethang.vercel.app/product/7f9681ed-015a-494d-937e-8ab344bea3d6","https://i.ebayimg.com/images/g/Nz4AAeSwMK1obEEJ/s-l1600.jpg","The Shelf Cartel Toys","Media > Books, Movies, Music"
"SCT-0158","Lot d’outils anciens de ferme et forge Maréchal ferrant Début des années 1900","Lot d’outils anciens provenant d’une succession, datant du début au milieu des années 1900, provenant probablement d’un atelier de forgeron, maréchal-ferrant, cordonnier ou d’une ferme. Comprend un cordeau à craie STRAIT-LINE, deux compas de mesure, deux pinces à sabots, un arrache-clous, une serpe avec scie, deux crochets à foin, un poinçon sur support, des cisailles à tôle et deux couteaux à lame courbe. Tous les outils présentent une belle patine et une usure authentique liées à leur âge. Vendus tels quels comme lot de collection, de décoration, de restauration ou pour pièces. Consultez les photos pour l’état et les marques de fabricant. Idéal pour les collectionneurs, forgerons, amateurs d’outils anciens ou de décoration rustique.","in stock","used_good","120.00 CAD","","https://scontent.fyhu2-1.fna.fbcdn.net/v/t45.5328-4/775544569_1715153569603401_7710976180730566805_n.jpg?stp=c0.152.261.261a_dst-jpg_p261x260_tt6&_nc_cat=105&ccb=1-7&_nc_sid=247b10&_nc_ohc=5fuuf-_qf_YQ7kNvwH_Cfln&_nc_oc=AdroyAt9JMXLVrljLPmB6DouXFtHS6-J-9SkVBodyEkA_aLccRq_xd4JfagVDH0ND54tAoShSgK0TQnB4-UCdrlE&_nc_zt=23&_nc_ht=scontent.fyhu2-1.fna&_nc_gid=y1BZi_haGtUpND-JMnPjig&_nc_ss=7b2a8&oh=00_AQL5XHDMhEH5E1yjqEJAPl4Az39z-ZHZsKS-dT5QppRU4g&oe=6ABC3527","The Shelf Cartel Toys","Collectibles"
"SCT-0159","Rare Jouet Die Cast Disney Pixar Buzz LightYear metal moulé sous pression Disney Park Disney World","Rare Jouet Die Cast Disney Pixar Buzz LightYear metal moulé sous pression Disney Park Disney World sur roue
Jouet provenant du disney store Voir autre annonce
Je peux shipper a vos frais","in stock","new","46 CAD","https://collectiblethang.vercel.app/product/eb429433-1a87-4731-b27d-5b95b62ade79","https://i.ebayimg.com/images/g/85wAAeSwBGxqYqhd/s-l1600.jpg","The Shelf Cartel Toys","Toys & Games"
"SCT-0160","Figurine NECA The Last Ronin Lost Years Nightwatcher Donatello Figurine TMNT","Figurine de collection NECA inspirée de l’univers Teenage Mutant Ninja Turtles, version The Last Ronin – Lost Years mettant en vedette Nightwatcher Donatello. * Marque : NECA
* Série : The Last Ronin – Lost Years
* Personnage : Donatello (Nightwatcher)
* Univers : TMNT
* État : Voir photos pour détails
* Type : Figurine de collection (détails réalistes) Pièce idéale pour collectionneur de TMNT ou amateur de figurines haut de gamme. Parfaite pour exposition. ⸻ Mots-clés (SEO) :
NECA, TMNT, Ninja Turtles, The Last Ronin, Lost Years, Donatello, Nightwatcher, figurine, collection, collectible, tortues ninja, action figure, détaillée, fan TMNT","in stock","used_good","25 CAD","https://collectiblethang.vercel.app/product/526f6438-d016-4b6a-9a14-51d7a2dbf6c1","https://i.ebayimg.com/images/g/afAAAeSwxgFoB~U8/s-l1600.jpg","The Shelf Cartel Toys","Toys & Games"
"SCT-0161","Vintage Moisturizer / Humidificateur à Timbre Porcelaine – Ideal Moistener, Sengbusch","Vintage Moisturizer / Humidificateur à timbres et enveloppes en porcelaine de la Sengbusch Self‑Closing Inkstand Co., Milwaukee – États‑Unis.
Marque Ideal Moistener.
Conçu pour humidifier facilement les timbres et les enveloppes sans les lécher.
Pièce de bureau mid‑20ᵉ siècle (probablement années 1920‑1950).
Condition vintage, voir photos pour détails et usure normale liée à l’âge.
Idéal pour collection de bureau rétro, décor vintage ou collection d’accessoires d’écriture. ￼","in stock","used_good","35 CAD","https://collectiblethang.vercel.app/product/a6318121-4d89-4487-b006-a91d752bab5e","https://i.ebayimg.com/images/g/39oAAeSwkzVpWW3s/s-l1600.jpg","The Shelf Cartel Toys","Collectibles"
"SCT-0162","Lot de 26 figurines Star Wars 12 pouces avec armes et accessoires / électronique fonctionnel","Lot de 26 figurines star wars 12 pouces de haut avec armes tout fonctionne bien peut être des batteries à changer . Chacune des figurines ou presque a son arme
Quelques armes sont customs mais la grande majorité sont les armes originales.
200$ ferme Voir mes autres annonces
Environ 25 000 $ en inventaire star wars
Pas tout de lister","in stock","used_good","53 CAD","https://collectiblethang.vercel.app/product/de8e8a1d-982f-43c2-8d2b-f852205dfd17","https://i.ebayimg.com/images/g/GIwAAeSwrYpo~30Z/s-l1600.jpg","The Shelf Cartel Toys","Toys & Games"
"SCT-0163","Figurine Mcfarlane Neo - The Matrix (la matrice) movie maniacs pour collectionneurs 1/8500 unités","Figurine Mcfarlane Neo - The Matrix (la matrice) movie maniacs pour collectionneurs 1/8500 unités Vient avec le certificat d’authenticité Je peux shipper a vos frais partout au quebec
Voir mes autres annonces","in stock","used_good","41.5 CAD","https://collectiblethang.vercel.app/product/4cb491d6-9d8e-4160-8ed5-848654701daa","https://i.ebayimg.com/images/g/6BwAAeSwSZFpF72E/s-l1600.jpg","The Shelf Cartel Toys","Toys & Games"
"SCT-0164","Figurine Epic Games Fortnite Beastmode Jackal 7"" Action Figure McFarlane Toys Loose","Figurine de qualité Epic Games Fortnite Beastmode Jackal 7"" Action Figure McFarlane Toys Loose","in stock","used_good","13.99 CAD","https://collectiblethang.vercel.app/product/2b44cec0-b84d-4e41-9fa3-51bb7373b7e5","https://i.ebayimg.com/images/g/ZgsAAeSw3xhn7cXr/s-l1600.jpg","The Shelf Cartel Toys","Toys & Games"
"SCT-0165","Gros lot de Figurines Marvel & DC Comics Vintage / Récentes Disney Store & Collection Super-Héros","🦸‍♂️ Description : Lot de 36 figurines variées issues des univers Marvel et DC Comics, incluant des modèles vintage et plus récents provenant notamment du Disney Store et d’autres collections. 4$ chacun ✨ Détails : • 36 figurines au total (70$ pour le lot) • Mélange de personnages iconiques (super-héros et vilains) • Provenance variée (Disney Store, autres marques) • Époques mixtes : vintage et modernes • Idéal pour collectionneur ou revente à l’unité 📦 État :
Bon état général (voir photos pour détails – usure possible selon les pièces) ⸻ 💥 Pourquoi acheter ce lot ? • Excellent pour collectionneurs Marvel & DC • Possibilité de revendre à profit à l’unité • Belle variété de personnages en un seul achat ⸻ 👉 Voir mes autres annonces pour plus de figurines et lots !","in stock","used_good","45.5 CAD","https://collectiblethang.vercel.app/product/d5485d56-02e0-47f0-b200-9e5b45390296","https://i.ebayimg.com/images/g/9hEAAeSwLwhpc83f/s-l1600.jpg","The Shelf Cartel Toys","Toys & Games"
"SCT-0166","Figurine Star wars return of the jedi Biker Scout saga collection 3.75 inch","Jedi biker scout saga collection
Voir aussi autres annonces
Non negociable Je peux shipper a vos frais","in stock","used_good","13.57 CAD","https://collectiblethang.vercel.app/product/2b2f94f7-fedc-4da2-8810-058bfa172986","https://i.ebayimg.com/images/g/67kAAeSwZfBpd7M8/s-l1600.jpg","The Shelf Cartel Toys","Toys & Games"
"SCT-0167","Maisto TECH RC Ferrari SF23 Formula 1 Car Charles LeClerc 1:10 Scale téléguidé formula one","Maisto 1:10 formule 1 - modele de 2025 Ferrari Charles Leclerc voiture télécommandé neuve dans la boite jamais ouverte Voir autres annonces
Je peux shipper chez vous pour 40$ de plus","in stock","used_good","95 CAD","https://collectiblethang.vercel.app/product/b1b89625-637d-4b63-a7ac-06391bd003e1","https://i.ebayimg.com/images/g/GugAAeSwXWxoiqb7/s-l1600.jpg","The Shelf Cartel Toys","Toys & Games"
"SCT-0168","Livres Pokémon en français – Ma très grande aventure & Attrapez-les tous! Intéractif + autocollants","Lot de 2 livres Pokémon en français en excellente condition. Comprend « Pokémon – Ma très grande aventure à Galar » (Dragon d’Or), un grand livre cherche-et-trouve avec affiche, jeu de mémoire, quiz et ses 2 feuilles d’autocollants entièrement intactes et non utilisées, ainsi que « C’est toi le héros – Pokémon Attrapez-les tous ! » (Hachette Jeunesse), un livre interactif où le lecteur choisit son aventure. Les deux livres sont à couverture rigide, très propres et prêts à offrir. Parfaits pour les jeunes fans de Pokémon, les familles bilingues ou l’apprentissage du français. Les autocollants jamais utilisés ajoutent une valeur supplémentaire à cet ensemble. Pokémon, Pokemon, livres Pokémon, livre Pokémon français, livre jeunesse, Dragon d’Or, Hachette Jeunesse, cherche et trouve, autocollants Pokémon, Galar, Pikachu, Sacha, couverture rigide, livre d’activités, cadeau Pokémon, collection Pokémon, livres enfants, français, immersion française.","in stock","used_good","25.00 CAD","","https://scontent.fymq3-1.fna.fbcdn.net/v/t45.5328-4/775776070_1815988799812622_8511500858160288186_n.jpg?stp=c46.0.260.260a_dst-jpg_p261x260_tt6&_nc_cat=102&ccb=1-7&_nc_sid=247b10&_nc_ohc=lal_DAqjyAgQ7kNvwGULpZo&_nc_oc=AdrSMffNdNCaP_jORPM3FLAT6pKPx3yAIIByiNHfs2va_eudUUUTiRSUXXzuScKWCUUNd0r_i9aCkNxoQBgvWT8M&_nc_zt=23&_nc_ht=scontent.fymq3-1.fna&_nc_gid=vmKQI9HAOWXgv-i4xarl_w&_nc_ss=7b2a8&oh=00_AQLFwS5BGrFWaTWWy2_0OZKzCFez6p3t3lWxDD3QPscS6A&oe=6ABC45A5","The Shelf Cartel Toys","Media > Books, Movies, Music"
"SCT-0169","Hot Wheels Premium Barbie 65 ème Anniversaire Pop Culture Corvette C8.R","Hot Wheels Barbie 65th anniversary Pop Culture Corvette c8.R
Boite neuve sceller","in stock","used_good","25.65 CAD","https://collectiblethang.vercel.app/product/8997f036-221c-4cdc-9910-c428db323aa8","https://i.ebayimg.com/images/g/IV0AAOSw~mBneYxS/s-l1600.jpg","The Shelf Cartel Toys","Toys & Games"
"SCT-0170","Star wars - Anakin Skywalker hasbro - attaque des clones","Figurine star wars 2001 neuve état impeccable. Voir mes autres annonces
Je peux shipper a vos frais","in stock","used_good","59 CAD","https://collectiblethang.vercel.app/product/bbd5f1f8-e2bf-4c2b-afad-ce5725d71cdc","https://i.ebayimg.com/images/g/2~4AAeSwBEtqcQO9/s-l1600.jpg","The Shelf Cartel Toys","Toys & Games"
"SCT-0171","Star Wars figurine Jeremy Bulloch Boba FETT authographié avec certificat d’authenticité","Star Wars – Power of the Force (POTF) – Figurine Boba Fett 3.75” • Signée par Jeremy Bulloch (16 février 1945 – 17 décembre 2020), l’acteur britannique qui a incarné le mythique chasseur de primes Boba Fett dans L’Empire contre-attaque (1980) et Le Retour du Jedi (1983). • Autographe réalisé au Japon le 25 février 2000, lors d’un événement de fans. Red Mercury Exclusive • Signature apposée en [indiquer la couleur : noir, bleu…] directement sur le blister (ou la carte, selon ton exemplaire). • Figurine neuve en carte scellée, série Power of the Force (POTF) éditée par Kenner/Hasbro dans les années 1990. Intérêt collection : • Pièce unique combinant une figurine vintage POTF avec la signature authentique de l’acteur original de Boba Fett. • Jeremy Bulloch est décédé en 2020, ce qui rend ses autographes plus rares et recherchés, particulièrement sur des figurines officielles. • Excellent ajout pour tout collectionneur Star Wars recherchant une pièce emblématique et certifiable. Je peux shipper a vos frais","in stock","used_good","499.99 CAD","https://collectiblethang.vercel.app/product/920b870a-0d9c-46a2-82dd-cb79c4b03b19","https://i.ebayimg.com/images/g/66EAAeSwNNRpCUgX/s-l1600.jpg","The Shelf Cartel Toys","Toys & Games"
"SCT-0172","Lot cartes de Hockey assorties Upper Deck MVP SCORE (28)","Lot de 28 cartes de Hockey assorties Upper Deck 15$
Je peux shipper a vos frais","in stock","used_good","0.99 CAD","https://collectiblethang.vercel.app/product/3cec493c-8ba4-4508-8a7b-dac3169e0a85","https://i.ebayimg.com/images/g/gAkAAeSwAftpD2vU/s-l1600.jpg","The Shelf Cartel Toys","Toys & Games"
"SCT-0173","Ensemble de 4 rideaus moustiquaire pour gazebo (2 gros troues) voir photos","J’ai 4 rideau moustiquaire pour accrocher avec des anneaux
Deux sont intacts 1 troues dans les 2 autres de là le bas prix se repare facilement couleur brun","in stock","used_fair","25.00 CAD","","https://scontent.fyhu2-1.fna.fbcdn.net/v/t45.5328-4/775155015_1760286831762914_9026100840771236195_n.jpg?stp=c0.43.261.261a_dst-jpg_p261x260_tt6&_nc_cat=105&ccb=1-7&_nc_sid=247b10&_nc_ohc=iQISLgyI4-EQ7kNvwHAL7bR&_nc_oc=AdoviWGg1_hu2tsKgz5LqsMFDa6-vnbfbom3gFMzXjQzdL8Y6C2CKbUU_wBPtItguU6-AMlVC7PLa26vD6-4mbFA&_nc_zt=23&_nc_ht=scontent.fyhu2-1.fna&_nc_gid=4hFBe7mZCdcaotBySaaL_w&_nc_ss=7b2a8&oh=00_AQISXuAWtDpmw80-t8dMCkbfdg5TRdKsuECWxH_j1lLwNA&oe=6ABC36F2","The Shelf Cartel Toys","Toys & Games"
"SCT-0174","Star Wars Collection Commémorative Sortie Digitale 2014 24 figurines Épisodes I-VI Neuf","À vendre : collection complète et introuvable des 6 coffrets Star Wars Digital Release Commemorative Collection par Hasbro (2014). Tous les coffrets sont neufs, jamais ouverts, dans leur boîte d’origine.
Contenu du lot — 6 coffrets complets : • Épisode I – La Menace Fantôme • Épisode II – L’Attaque des Clones • Épisode III – La Revanche des Sith • Épisode IV – Un Nouvel Espoir • Épisode V – L’Empire Contre-Attaque • Épisode VI – Le Retour du Jedi
24 figurines au total | Échelle 3,75 pouces | Hasbro 2014
Chaque boîte présente l’artwork original de l’affiche du film. Ensemble, les 6 boîtes forment une œuvre d’art panoramique célébrant toute la saga Star Wars.
Extrêmement rare de trouver la collection complète encore neuve en 2025. Ces coffrets datent de 2014 et sont discontinués depuis longtemps. Parfait pour tout collectionneur Star Wars sérieux.
Mots-clés : Star Wars, Hasbro, figurines 3,75 pouces, collection complète, épisodes I à VI, 2014, neuf, discontinué, rare, lot, collectionneur, Luke Skywalker, Dark Vador, Boba Fett.​​​​​​​​​​​​​​​​ je peux expedier a cos fraish","in stock","used_good","39.99 CAD","https://collectiblethang.vercel.app/product/7ba92065-d28f-41e2-9f9d-4536aca0cfa7","https://i.ebayimg.com/images/g/RU4AAeSwQKZqLzKg/s-l1600.jpg","The Shelf Cartel Toys","Toys & Games"
"SCT-0175","Raquette Wilson Titanium Smash XS 3 7/8","Raquette Wilson Titanium Smash XS 3 7/8
Comme neuve","in stock","used_good","10.00 CAD","","https://scontent.fyhu2-1.fna.fbcdn.net/v/t45.5328-4/774168286_2335084120652312_6329210338507056694_n.jpg?stp=c0.92.261.261a_dst-jpg_p261x260_tt6&_nc_cat=110&ccb=1-7&_nc_sid=247b10&_nc_ohc=oi3y3f65tRsQ7kNvwH5ZdH1&_nc_oc=Adrhao_wzJC9iJJDWCtn1JuJTMamSb1jRhLuI4PuMZc2q1AZ1eQZThtL1qZyGpZelfLOJuTbKlzGaH1IGXVAIw85&_nc_zt=23&_nc_ht=scontent.fyhu2-1.fna&_nc_gid=4hFBe7mZCdcaotBySaaL_w&_nc_ss=7b2a8&oh=00_AQJx1l8HcBLSjFOPZvwP_5qVyO1n2kKLdbP-2g3jrZLolA&oe=6ABC35B4","The Shelf Cartel Toys","Sporting Goods"
"SCT-0176","Figurine Star wars Boba fett 1995 the power of the force (carte endommagée)","La carte est endommagé Plastique ouvert Je peux shipper a vos frais
Voir mes autres annonces","in stock","used_fair","11.9 CAD","https://collectiblethang.vercel.app/product/03df7bdc-516f-4670-9c22-73c5a5ebfa6a","https://i.ebayimg.com/images/g/xRAAAeSwCB9p87tT/s-l1600.jpg","The Shelf Cartel Toys","Toys & Games"
"SCT-0177","Film Western vintage Have Gun-Will travel the collector’s edition","Have gun will travel the collector’s edition Genesis
Hey boy’s revenge
Anglais original
VHS
Western
Voir mes autres annonces","in stock","used_good","43 CAD","https://collectiblethang.vercel.app/product/0c42ef93-5227-44b6-a9b8-a893c11c517e","https://i.ebayimg.com/images/g/UYUAAeSwfcBo6~bn/s-l1600.jpg","The Shelf Cartel Toys","Media > Books, Movies, Music"
"SCT-0178","Figurine Hallmark Teenage Mutant Ninja Turtles- Raphael","Figurine Hallmark ornement - Ninja Turtles
Raphael allez voir mes autres annonces Je peux shipper à vos frais","in stock","used_good","7.83 CAD","https://collectiblethang.vercel.app/product/12d50d06-da29-48c6-b4f3-b57a1bffd419","https://i.ebayimg.com/images/g/5~wAAeSwusNqVmaW/s-l1600.jpg","The Shelf Cartel Toys","Home & Garden"
"SCT-0179","Schtroumpfette Meneuse de Claque Vintage 1981 Schleich Peyo PL170 Figurine smurfette","Figurine originale de Schtroumpfette issue de l’univers des Les Schtroumpfs, créée par Peyo. * Marque : Schleich
* Année indiquée : 1991 (copyright 1981)
* Modèle : PL170
* Personnage : Schtroumpfette
* Matériau : PVC Belle pièce vintage pour collectionneur de Schtroumpfs ou amateurs de figurines rétro. Idéale pour compléter une collection ou pour décoration. 📸 Voir photos pour l’état exact et les détails.","in stock","used_fair","7 CAD","https://collectiblethang.vercel.app/product/d69ea7c8-ba21-44c3-a25a-fa3a05f2f7ba","https://i.ebayimg.com/images/g/tBgAAeSwXA1pYC2c/s-l1600.jpg","The Shelf Cartel Toys","Collectibles"
"SCT-0180","Figurine Marvel Legends Spider-Man The Lizard Walmart Exclusive 6” 2012","2012 Marvel Legends Spider-Man The Lizard Walmart Exclusive 6” Action Figure figurine rare . J’ai aussi d’autres figurines de super héros voir mes annonces ! Je peux shipper a vos frais partout au quebec","in stock","used_good","20.29 CAD","https://collectiblethang.vercel.app/product/784464e6-d72a-4a87-a90d-6cb124be1a56","https://i.ebayimg.com/images/g/jBQAAeSwxOFoxKPT/s-l1600.jpg","The Shelf Cartel Toys","Toys & Games"
"SCT-0181","Lot de 12 figurines vintage années 1980 1990 – Action, sci-fi, militaires et héros","Ce lot comprend 12 figurines d’action vintage des années 1990, avec un mélange de personnages science-fiction, fantasy, militaires et super-héros. Idéal pour les collectionneurs, l’exposition ou les amateurs de jouets rétro. Toutes les figurines sont vendues telles que montrées sur les photos, sans accessoires sauf si visibles. ⸻ 🔹 List of Figures Included (Left to Right) • Purple Skull Warrior – Skeletal-faced villain with armor and battle stance • Red Gauntlet Fighter – Brown-haired hero with red arm weapon • Green Tech Soldier – Military-style figure with futuristic armor • Blue Armored Champion – Large blue suit with helmet and chest emblem • Black Stealth Alien – Sleek dark figure with angular helmet design • Silver Ninja Fighter – Metallic ninja-style warrior • Orange Heavy Trooper – Bulky figure with visor helmet and red gloves • Dark Tactical Warrior – Black-and-brown combat figure with plated armor • Jungle Barbarian – Bare-chested warrior with sword • Red & Blue Power Hero – Athletic pose with raised arm • Yellow Battle Robot – Compact mech-style figure • Green Armored Soldier – Military sci-fi figure with helmet and gear ⸻ 🔹 Détails • Époque : Années 1990 • Quantité : 12 figurines • Accessoires : Aucun sauf si visible Parfait pour collectionneurs de jouets vintage, créateurs de figurines custom ou présentation rétro.","in stock","new","36 CAD","https://collectiblethang.vercel.app/product/c57f7f3e-58ef-49a1-9369-e9787bc14c68","https://i.ebayimg.com/images/g/aswAAeSwGYJp~elx/s-l1600.jpg","The Shelf Cartel Toys","Toys & Games"
"SCT-0182","🔥 Star Wars Collection complète / Lot gigantesque objets bien lire la description","Collection et objets Star Wars 1995 et plus pour revendeur ou collectionneur à vendre . Faites moi une offre pour le lot. Aucun prix ridicule plus de 15 000 $ de marchandise. Sinon je peux vendre à l’unité au prix internet le moins cher que vous me trouverez.","in stock","used_good","219 CAD","https://collectiblethang.vercel.app/product/27e7fae7-b89f-4323-8a6c-09ea41bb7ebb","https://i.ebayimg.com/images/g/H5QAAeSwZgVpvs~2/s-l1600.jpg","The Shelf Cartel Toys","Toys & Games"
"SCT-0183","🚗 Voiture Tumble 4x4 Vintage années 90 — Neuve dans la boîte","Jouet vintage 1980 1990 (pas inscrit) battery operated dans sa boîte originale. Tumbling action — la voiture fait des culbutes ! Idéal pour collectionneurs ou cadeau nostalgique.
📦 Boîte originale présente
✅ Jamais utilisé
🚚 Expédition disponible","in stock","used_good","33.59 CAD","https://collectiblethang.vercel.app/product/96bddc6c-bead-46fe-b345-b0b7ffd0dccd","https://i.ebayimg.com/images/g/U1MAAeSwsj1qAOKd/s-l1600.jpg","The Shelf Cartel Toys","Collectibles"
"SCT-0184","Hallmark Keepsake Ornament Mark McGwire At The Ballpark Collectors Series","Hallmark Keepsake Ornament Mark McGwire At The Ballpark Collectors Series boite neuve.
Vintage baseball player
Kardinals","in stock","used_good","36.1 CAD","https://collectiblethang.vercel.app/product/4acb6861-b925-4467-a4c9-25681b181f09","https://i.ebayimg.com/images/g/qD8AAeSwd4NpP07i/s-l1600.jpg","The Shelf Cartel Toys","Collectibles"
"SCT-0185","Lot d’électronique et accessoires audio/vidéo – VTech, Samsung, Apple","Lot varié d’appareils électroniques et d’accessoires audio/vidéo comprenant un système répondeur sans fil VTech CS6124-11 neuf et scellé, deux haut-parleurs Samsung, un mini haut-parleur Budweiser, un téléphone filaire avec afficheur, un lecteur de glycémie OneTouch, un adaptateur Apple Mini DisplayPort vers VGA, plusieurs adaptateurs HDMI, RCA et audio, une cassette TDK D60, un bloc d’alimentation LG, du fil de cuivre et divers connecteurs. La majorité des petits adaptateurs sont neufs dans leur emballage d’origine. Les appareils plus volumineux sont usagés et non testés, sauf indication contraire. Vendu tel quel. Consultez les photos pour connaître l’état exact et le contenu du lot. Idéal pour la revente, les réparations ou comme lot de pièces.","in stock","used_good","50.00 CAD","","https://scontent.fyhu2-1.fna.fbcdn.net/v/t45.5328-4/773896504_1554973256323313_880525681953496127_n.jpg?stp=c0.152.261.261a_dst-jpg_p261x260_tt6&_nc_cat=110&ccb=1-7&_nc_sid=247b10&_nc_ohc=WWM5nuSEmb8Q7kNvwESac3h&_nc_oc=AdqToYa77mq4qOMv2NHZKBt-1Xr4u2g1iQn3AL4L_YnBry7qE2sRA_vSELnDBjkpMjSVek3MF3eL8k_2F3P6ET3I&_nc_zt=23&_nc_ht=scontent.fyhu2-1.fna&_nc_gid=TE323w4oFpBrj5HbMETuMg&_nc_ss=7b2a8&oh=00_AQLJ9Ju5WaDPcPc2G5HEmbJ8iOI6NUG8hFsGII3TaJjLLg&oe=6ABC3081","The Shelf Cartel Toys","Electronics"
"SCT-0186","DVD - Buffy contre les vampires saison 3 complete neuve et scellé","Buffy contre les vampires
Saison 3 complete DVD
Jamais ouverte
10$
Voir autres annonces
Je peux shipper a vos frais partout","in stock","used_good","12.6 CAD","https://collectiblethang.vercel.app/product/28f6fb7d-66d0-4d22-85c5-17c5befbae8d","https://i.ebayimg.com/images/g/PmsAAeSwEPFp9-6W/s-l1600.jpg","The Shelf Cartel Toys","Media > Books, Movies, Music"
"SCT-0187","Lot de 13 Hallmark - Au choix ou en lot bien lire star wars stitch greta sonic harry potter iron man","8 chacun les normal 12 $ chacun les funko pop les bleu , le hallmark premium han solo est 25$ je peux shipper a vos frais partout au quebec voir autres annonces pour plus de hallmark","in stock","used_good","21.99 CAD","https://collectiblethang.vercel.app/product/85fffddc-eb54-4b71-9891-a06ba95a0cca","https://i.ebayimg.com/images/g/SLsAAOSw6P1nllBU/s-l1600.jpg","The Shelf Cartel Toys","Home & Garden"
"SCT-0188","VHS Pape Jean Paul II - documentaire HBO liturgie de la parole pâque et noël - rare","VHS Pape Jean Paul II - documentaire HBO liturgie de la parole pâque et noël - rare pour collectionneur ou amateur de religion catholique","in stock","used_good","25.9 CAD","https://collectiblethang.vercel.app/product/480a9f39-ab0f-4678-af06-28c68757e374","https://i.ebayimg.com/images/g/MbQAAeSwsj1p-2Ns/s-l1600.jpg","The Shelf Cartel Toys","Collectibles"
"SCT-0189","Vintage Majorette Rally Toyota Corolla voiture de course diecast","Vintage Majorette Rally Toyota Corolla voiture de course diecast jouet retiré
Modèle 1:57 diecast Voir autres annonces","in stock","used_fair","8 CAD","https://collectiblethang.vercel.app/product/1dce3ecf-e33a-40ff-8099-7edd8b442349","https://i.ebayimg.com/images/g/KrgAAeSwZB9qUjnT/s-l1600.jpg","The Shelf Cartel Toys","Toys & Games"
"SCT-0190","Little people collector Britney Spears Special Edition - limited - Back order !!! Fisher price","Little people collector’s - Britney Spears Special Edition - limited - Back order partout !!! Fait par Fisher price pour collectionneur ou fan de Musique! L’emballage est neuf vient dans la boite original jamais ouverte","in stock","used_good","79 CAD","https://collectiblethang.vercel.app/product/bb319e91-de69-4213-8b36-678cdc565516","https://i.ebayimg.com/images/g/lRIAAeSwdkFpOMLb/s-l1600.jpg","The Shelf Cartel Toys","Toys & Games"
"SCT-0191","Coton ouaté hoodie H&M Medium","Peut convenir pour une femme aussi qui aime la marque. 5$ le jaune est plus jaune moutarde que la couleur sur la photo. (Rayon de Soleil m’empeche d’obtenir le bon jaune en photo)
Voir mes autres annonces","in stock","used_good","15.99 CAD","https://collectiblethang.vercel.app/product/366aab4a-6c24-4ecd-b901-d367276b868b","https://i.ebayimg.com/images/g/JDIAAeSw-FBou4n2/s-l1600.jpg","The Shelf Cartel Toys","Apparel & Accessories > Men's Clothing"
"SCT-0192","Kotobukiya Marvel Now! Deadpool ""Black Suit"" ArtFX + Statue 1:10 Manque une main.","Figurine Kotobukiya Marvel Now! Deadpool ""Black Suit"" ArtFX + Statue 1:10 Scale Loose manque une main et un arme .
Voir autres annonces je peux shipper a vos frais","in stock","used_fair","51 CAD","https://collectiblethang.vercel.app/product/ba2b9298-666d-4d19-8320-f4763771d5d4","https://i.ebayimg.com/images/g/UYAAAeSwGuZpetYA/s-l1600.jpg","The Shelf Cartel Toys","Toys & Games"
"SCT-0193","Star Wars Black Series TIE Fighter avec boîte originale + X-Wing XTRA Large inclus","À vendre : superbe Star Wars The Black Series TIE Fighter en excellent état, idéal pour collectionneurs et fans de la saga. Ce modèle détaillé reproduit fidèlement le chasseur impérial emblématique vu dans les films Star Wars. Design authentique, finitions réalistes et qualité Black Series reconnue. ✔ Inclus : * TIE Fighter Black Series complet
* Boîte originale d’origine (présente, peut montrer de légers signes d’entreposage selon âge)
* BONUS : grand X-Wing inclus gratuitement (excellent ajout pour display ou diorama) ✔ État : * Très bon état général
* Utilisé uniquement pour exposition (display)
* Aucun bris, propre et bien conservé ✔ Idéal pour : * Collection Star Wars Black Series
* Fans de l’Empire et de la Rébellion
* Dioramas et présentations de collection
* Cadeau pour amateur Star Wars ✨ Pièce parfaite pour compléter une collection Star Wars ou créer une scène de bataille iconique entre l’Empire et l’Alliance rebelle. ⸻ Star Wars Black Series, TIE Fighter, X-Wing, Imperial Starfighter, Rebel Alliance, Hasbro Star Wars, collectible, action figure vehicle, display piece, diorama, vintage collection style, movie replica, space battle, Empire Strikes Back, Return of the Jedi .","in stock","used_good","65 CAD","https://collectiblethang.vercel.app/product/5a2e96f9-bdfa-4f1a-8618-89e64e7451d3","https://i.ebayimg.com/images/g/ekEAAeSwcyxpO42-/s-l1600.jpg","The Shelf Cartel Toys","Toys & Games"
"SCT-0194","Star Wars Collection de 4 ATAT The Force Awakens U-Command RC AT-AT Toys-R-US exclusif2016","⭐ Lot de 4 AT-AT Star Wars The Force Awakens U-Command – Télécommandés – Exclusivité Toys R Us (2016) À vendre, superbe lot de 4 AT-AT Star Wars U-Command télécommandés, issus de la collection The Force Awakens (2016), une exclusivité Toys R Us très recherchée par les collectionneurs Star Wars et les amateurs de véhicules électroniques. Ces modèles reproduisent fidèlement le mythique marcheur impérial AT-AT avec des fonctions interactives et une télécommande U-Command permettant le contrôle des mouvements et effets. ⸻ 📦 Items inclus : * 🤖 1 x Star Wars AT-AT U-Command Remote Control
* 📡 Télécommandes (selon modèles inclus / compatibles)
* 🔋 Compartiments batterie fonctionnels (à vérifier selon unité)
* 📦 Collection The Force Awakens – 2016
* 🏬 Exclusivité Toys R Us Et 3 x autres AT-AT complet dont un custom 3D print le plus petit ⸻ ⚙️ Fonctionnalités : * Marche contrôlée à distance (avant/arrière selon modèle)
* Effets sonores Star Wars
* Contrôle via système U-Command
* Détails inspirés des films Star Wars ⸻ 📊 État : * Complet (selon inspection)
* Très bon état général
* Utilisé uniquement pour display
* Aucune casse majeure visible (sauf mention contraire si applicable)
* Peut présenter de légers signes d’entreposage ⸻ 🎯 Idéal pour : * Collectionneurs Star Wars
* Fans de véhicules impériaux
* Dioramas et display Star Wars
* Collection Toys R Us exclusives
* Investissement collection Hasbro Star Wars ⸻ ✨ Points forts : * Lot de 4 AT-AT U-Command
* Exclusivité Toys R Us 2016
* Véhicules télécommandés interactifs
* Très recherché en collection Star Wars
* Parfait pour exposition ou collection complète ⸻ 🔎 Mots-clés SEO (FR) : Star Wars, AT-AT, U-Command, The Force Awakens, Toys R Us exclusif, véhicule télécommandé, Imperial Walker, Hasbro Star Wars, collection Star Wars, jouet électronique, diorama Star Wars, Empire galactique, figurine véhicule, Star Wars collector, 2016 Star Wars toy, marcheur impérial","in stock","used_good","50 CAD","https://collectiblethang.vercel.app/product/9992c18b-da75-490e-a3cd-881a8b8a0c26","https://i.ebayimg.com/images/g/g7YAAeSwmnZpSGK3/s-l1600.jpg","The Shelf Cartel Toys","Toys & Games"
"SCT-0195","2026 Matchbox collector - 2023 Audi Rs 6 Avant #17","Voir autres annonces
Je peux shipper a vos frais
Audi rs6 blanche #17","in stock","used_good","16.49 CAD","https://collectiblethang.vercel.app/product/911112ed-c28d-4c0b-92dd-16b1ab6359cc","https://i.ebayimg.com/images/g/u3IAAeSwSZxqGLAR/s-l1600.jpg","The Shelf Cartel Toys","Toys & Games"
"SCT-0196","Jeu TV Plug & Play Excalibur WSOP Texas Hold’Em VR39 – Poker Sans Fil 6 Joueurs – World Series of Po","Revivez l’ambiance des plus grands tournois de poker avec ce jeu Excalibur World Series of Poker (WSOP) Texas Hold’Em Plug & Play VR39. Branchez simplement l’unité à votre téléviseur grâce aux câbles AV et commencez à jouer – aucune console n’est nécessaire! Ce système permet à jusqu’à 6 joueurs de participer grâce à ses manettes sans fil, ou de jouer en solo contre l’ordinateur. Caractéristiques : * Marque : Excalibur Electronics
* Modèle : VR39
* Jeu officiel World Series of Poker (WSOP)
* Jusqu’à 6 joueurs
* Manettes sans fil
* Fonctionne directement sur un téléviseur (Plug & Play)
* Plusieurs modes de jeu Texas Hold’Em
* Effets sonores et interface de style arcade
* Aucune console requise Idéal pour les amateurs de poker, les collectionneurs de jeux rétro et les soirées entre amis. Mots-clés : Excalibur VR39, WSOP, World Series of Poker, Texas Hold’Em, jeu rétro, Plug & Play, jeu TV, poker électronique, console rétro, jeu de société électronique, collection vintage.","in stock","used_good","18.99 CAD","https://collectiblethang.vercel.app/product/bcd65a9b-6384-48f5-95b5-dc1e194cf8ed","https://i.ebayimg.com/images/g/ZQoAAeSwpx9qU54b/s-l1600.jpg","The Shelf Cartel Toys","Toys & Games > Video Games"
"SCT-0197","Power Rangers Red Ranger 31” Figurine Géante SCG 2013 LFL Action Figure XXL RARE","Impressionnante et rare figurine géante du Red Ranger Power Rangers, mesurant environ 31 pouces (79 cm). Produite en 2013 par SCG / LFL, cette grande figurine est une pièce de collection idéale pour les fans de Power Rangers. 🔥 Détails du produit : * Personnage : Red Ranger (Power Rangers)
* Taille : environ 31” / 79 cm
* Année : 2013
* Fabricant : SCG / LFL
* Type : Figurine d’action géante / oversized action figure
* Style : Figurine de présentation / display collector. 💥 Parfait pour : * Collection Power Rangers
* Figurines géantes / XXL
* Collectionneurs de jouets vintage modernes
* Décoration de chambre, salle de jeux ou vitrine
* Cadeau pour fan de Power Rangers Voir photos quelques default notables Power Rangers, Red Ranger, figurine géante, action figure, 31 pouces, 79 cm, SCG 2013, LFL, jouet collection, Power Rangers collector, figurine XXL, oversized figure, Mighty Morphin style, TV show collectible","in stock","new","94.99 CAD","https://collectiblethang.vercel.app/product/e9bdf5df-6f5c-4f48-95fa-b8c007a56704","https://i.ebayimg.com/images/g/c2cAAeSwPw9p9hoq/s-l1600.jpg","The Shelf Cartel Toys","Toys & Games"
"SCT-0198","Polo Florida Panthers NHL Reebok Center Ice PlayDry Bleu Marine Homme Large Hockey Sport","Polo officiel de l’équipe des Panthers de lA Floride, issu de la collection Reebok Center Ice NHL. Couleur bleu marine avec logo des Panthers brodé, style athlétique et finition sportive. Conçu par Reebok dans le cadre des produits officiels sous licence de la NHL. Tissu performance PlayDry offrant une gestion de l’humidité et une excellente respirabilité, idéal pour le sport, le golf, les journées de match ou un usage quotidien. Taille Homme Small Large
Mesures approximatives : 19,5” aisselle à aisselle, 32” longueur totale. État : excellent pré-usagé — peu porté Aucun défaut visible, aucune tache. Produit propre et bien conservé. Veuillez consulter les photos pour plus de détails. Je peux expedier a vos frais ⸻ polo Florida Panthers, Reebok NHL, polo hockey homme, Center Ice NHL, PlayDry Reebok, vêtement hockey NHL, chandail Panthers, polo sport homme, vêtement NHL officiel, fan gear hockey, polo golf sport, Reebok hockey, NHL bleu marine, Florida Panthers merch, polo performance respirant, hockey apparel homme Small, vêtement équipe NHL, polo casual sport, NHL licensed apparel","in stock","used_good","28.7 CAD","https://collectiblethang.vercel.app/product/51868ad4-46e8-4572-a40b-8e333b53083d","https://i.ebayimg.com/images/g/HV8AAeSwsI5qIDy8/s-l1600.jpg","The Shelf Cartel Toys","Apparel & Accessories > Men's Clothing"
"SCT-0199","Grande Statue Cobra Royal Bronze 18 po – Style Shelby GT500 – Décor Man Cave / Garage / Salon","Impressionnante statue cobra royal en finition bronze doré antique. Reconnue par les fans de Mustang Shelby GT500 dont c’est l’emblème emblématique — parfaite pour décorer un garage, man cave, bureau ou salon.
📏 Hauteur : 18 pouces (~46 cm)
⚖️ Poids : 4,39 kg — solide et lourde
🎨 Finition : bronze doré antique en résine
✅ Très bon état Cobra royal • statue cobra • figurine serpent • décor bronze • sculpture dorée • man cave • garage • Shelby • GT500 • Mustang • Ford • serpent doré • décoration salon • bureau • collectionneur • reptile • feng shui • porte-bonheur • cadeau unique • pièce rare • grande statue • lourd • antique • vintage","in stock","used_good","299.99 CAD","https://collectiblethang.vercel.app/product/f8813704-afdd-43eb-86ca-e8b906e6136c","https://i.ebayimg.com/images/g/waUAAeSwnxZp88bA/s-l1600.jpg","The Shelf Cartel Toys","Home & Garden"
"SCT-0200","Pokemon TCG Pitch Black Elite Trainer Box","Cartes Pokemon TCG Elite trainer Box Mega Evolution Pitch Black neuf scellé 130$ pas de taxes paiement comptant.
Voir autres annonces","in stock","used_good","129 CAD","https://collectiblethang.vercel.app/product/bd94b6b3-6aca-4673-94ba-bb3db223c445","https://i.ebayimg.com/images/g/HgEAAeSwSwhqWSu3/s-l1600.jpg","The Shelf Cartel Toys","Toys & Games"
"SCT-0201","Gondole/présentoir carte de souhaits usagé - slatwall + tubes métal incomplet","Présentoir cartes de souhaits - slatwall panneaux modulaires + crochets Présentoir de magasin pour cartes de souhaits (card display / gondole commerciale), démonté. Idéal pour boutique, dépanneur, pharmacie, kiosque, marché aux puces, salon d’artisan, ou pour organiser/exposer cartes, bijoux, produits de beauté, petits articles. Comprend : • Plusieurs panneaux slatwall (rainurés) en plastique beige et transparent, avec crochets d’exposition inclus • Panneaux identifiés par lettres et chiffres (système modulaire assemblable) • Panneaux triangulaires noirs (ailes/embouts déco) • Tubes et tiges en métal (structure/support) • Panneaux latéraux blancs Mots-clés : présentoir magasin, gondole commerciale, slatwall, tourniquet à cartes, étagère modulaire, fixture de magasin usagée, matériel commercial, crochets d’exposition, rack de présentation, display retail, équipement boutique. Lot partiel (récupéré, pas l’unité complète) — parfait pour quelqu’un qui veut compléter un présentoir similaire ou bricoler son propre système d’exposition. Vendu tel quel.","in stock","new","40.00 CAD","","https://scontent.fymq3-1.fna.fbcdn.net/v/t45.5328-4/774008776_1378933973782955_2822817496309778661_n.jpg?stp=c43.0.260.260a_dst-jpg_p261x260_tt6&_nc_cat=106&ccb=1-7&_nc_sid=247b10&_nc_ohc=XBgJkRGHl2YQ7kNvwHP7sSt&_nc_oc=Adr1G0QwUXcb0aJdEkQCGhJWKjGr34Y8kX-WsnIA-8NBXf4sE2JJUdaLzYdUuFVScA9T27ZQdWZ0cHyj6FHPvz8D&_nc_zt=23&_nc_ht=scontent.fymq3-1.fna&_nc_gid=5To6TkoGEYynXe8bbVBl3w&_nc_ss=7b2a8&oh=00_AQLlZBZgFOs6p5AQiKHYWSk3ZG84B56zOb3AoLJXtdtlDw&oe=6ABC4942","The Shelf Cartel Toys","Toys & Games"
"SCT-0202","Cartes Pokemon mega Evolution elite trainer Box Chaos rising","Pokemon mega Evolution elite trainer Box Chaos rising neuf scellé 130$ pas de taxes
Voir autres annonces
Je peux shipper a vos frais","in stock","used_good","140 CAD","https://collectiblethang.vercel.app/product/e1bdea1f-7495-4bc5-883f-07a52585146c","https://i.ebayimg.com/images/g/yTEAAeSwgglqJbK-/s-l1600.jpg","The Shelf Cartel Toys","Toys & Games"
"SCT-0203","Star Wars collection Droïdes R2-D2 BB-8 C-3PO R2-BHD R5-D4 Mouse Droid Astromech Droid Électronique","⭐ Star Wars Lot de Droïdes + Statue Gentle Giant C-3PO 1:6 Gold Plated (Édition Limitée 3000 unités) À vendre, superbe lot Star Wars de collection, comprenant plusieurs droïdes ainsi qu’une pièce maîtresse haut de gamme : la statue Gentle Giant C-3PO 1:6 Gold Plated, édition limitée à seulement 3000 exemplaires dans le monde. Une opportunité parfaite pour les collectionneurs Star Wars sérieux ou pour compléter une vitrine de collection. ⸻ 📦 Items inclus dans le lot : * 🤖 Statue Gentle Giant C-3PO 1:6 Gold Plated * Édition limitée 3000 unités seulement * Finition dorée haut de gamme (gold plated) * Format 1:6 détaillé et très réaliste * Pièce de collection premium
* 🤖 Lot de droïdes Star Wars * R2-D2 * BB-8 * D-O * (mix de figurines électroniques et non électroniques selon modèles) Pièces de collection haut de gamme – collectionneurs sérieux seulement. Offres dérisoires non considérées. Star Wars, C-3PO, Gentle Giant, statue 1:6, gold plated, édition limitée 3000, figurine de collection, droïdes Star Wars, R2-D2, BB-8, D-O, Hasbro Star Wars, collection premium, objet de collection, display Star Wars, figurine rare, collector Star Wars, diorama Star Wars, saga Star Wars, robot Star Wars","in stock","used_good","409 CAD","https://collectiblethang.vercel.app/product/e039edda-505a-485f-9296-ee23392193ab","https://i.ebayimg.com/images/g/pA8AAeSwYhhpwErH/s-l1600.jpg","The Shelf Cartel Toys","Toys & Games"
"SCT-0204","Lot de 4 Matchbox trucks Toyota et Jeep diecast 1:64","Matchbox Toyota et Jeep petit lot de 4 diecast 1:64 14$ pour les 4 Ou 4 $ chaque","in stock","used_good","7.5 CAD","https://collectiblethang.vercel.app/product/218d892b-c1c0-4a8b-af44-bf383592e83b","https://i.ebayimg.com/images/g/wYQAAeSwTatqnF6u/s-l1600.jpg","The Shelf Cartel Toys","Toys & Games"
"SCT-0205","Power Rangers Wild Force Red Ranger Cole Evans – Figurine 12 pouces Bandai 2001","Figurine officielle Power Rangers Wild Force Red Ranger (Cole Evans) de 12 pouces (30 cm) produite par Bandai (2001–2002). Une pièce de collection recherchée par les fans de Power Rangers et les collectionneurs de figurines vintage. 🔥 Détails : * Franchise : Power Rangers Wild Force
* Personnage : Red Ranger / Cole Evans
* Taille : 12” / environ 30 cm
* Fabricant : Bandai
* Années : 2001–2002
* Type : Action figure / figurine articulée
* Style : Collection vintage Power Rangers 💥 Parfait pour : * Collection Power Rangers
* Figurines vintage Bandai
* Fans Wild Force / Cole Evans
* Display / vitrine collection
* Jouet ou pièce de collection Power Rangers Wild Force, Red Ranger Cole Evans, Bandai 2001 2002, 12 inch action figure, Power Rangers figure vintage, collectible Power Rangers toy, Wild Force Ranger, articulated action figure","in stock","used_good","16.1 CAD","https://collectiblethang.vercel.app/product/ababbe40-77e5-4f88-92c6-33d530f69ae0","https://i.ebayimg.com/images/g/~rIAAeSwiY5p9i5L/s-l1600.jpg","The Shelf Cartel Toys","Toys & Games"
"SCT-0206","Hot Wheels Silver series Au Choix 3 pour 35","Plusieurs hot wheels silver series Summit, Pontiac Mustang Fast and furious etc… au choix a vendre au prix de 3 pour 35$ pas de transaction unitaire. 3 pour 35$
6 pour 60$
9 pour 90$","in stock","used_good","8.08 CAD","https://collectiblethang.vercel.app/product/795de569-0b26-4f2e-b516-ec1f8dfb12a0","https://i.ebayimg.com/images/g/XpgAAeSwOetpkimw/s-l1600.jpg","The Shelf Cartel Toys","Toys & Games"
"SCT-0207","Hot Wheels Japan Historics '77 Toyota Celica Premium Diecast Car Culture","Hot Wheels Japan Historics '77 Toyota Celica Premium Diecast Car Culture
Voir autres annonces je peux shipper a vos frais","in stock","used_good","13.25 CAD","https://collectiblethang.vercel.app/product/9d65c478-b3a3-4535-9952-fe8c64dd22a5","https://i.ebayimg.com/images/g/fKgAAeSwHjBqGEsv/s-l1600.jpg","The Shelf Cartel Toys","Toys & Games"
"SCT-0208","Suntone AM/FM Radio vintage en excellente condition fonctionne à batterie AA","Vintage Suntone AM/FM radio is black with a twin speaker system. It has a telescopic antenna and manual tuning dials. The unit is powered by four AA batteries.","in stock","new","15.00 CAD","","https://scontent.fymq3-1.fna.fbcdn.net/v/t45.5328-4/774582530_1426536662700988_3481342315005035975_n.jpg?stp=c1.0.260.260a_dst-jpg_p261x260_tt6&_nc_cat=103&ccb=1-7&_nc_sid=247b10&_nc_ohc=q5wxU3rQyB0Q7kNvwG8mYA1&_nc_oc=AdpgSGJyWZNaYdX1MD3wYXW9_r4LVTnM2zNGIE-ABkvPIx8EZvAUGtPA8JT6zNKrwF7I54P4n6mPSGkts6OMp7Gv&_nc_zt=23&_nc_ht=scontent.fymq3-1.fna&_nc_gid=cy23IJCXBTmDccDtUNgBYw&_nc_ss=7b2a8&oh=00_AQLnkoRTLsjLAMDSKOjeTJQGMUYuovXcJeFlDnLv03A1YQ&oe=6ABC3F0E","The Shelf Cartel Toys","Collectibles"
"SCT-0209","Anime Figure Lot - Hatsune Miku, Nezuko, Deadpool, and Taiga Kagami","Detailed PVC anime figure collection featuring four distinct characters. The set includes a Hatsune Miku figure in a white wedding dress with a pink bow, a Nezuko Kamado figure from Demon Slayer in a dynamic pose with a red flame base, a Deadpool figure in a black and red suit with a sword, and a Taiga Kagami figure from Kuroko no Basket in a white and red basketball uniform. Each figure is pre-posed and includes its respective base where applicable. Collectible figure and statue bundle featuring 4 highly sought-after characters, sold as a lot. This collection includes: Kagami Taiga in his Seirin High basketball uniform #10 (Kuroko's Basketball series), Hatsune Miku in her Wedding Dress version with signature teal twintails, a Kotobukiya ArtFX+ Deadpool X-Force PVC statue (1/10 scale, crouched pose drawing a katana, on magnetic display base — part of Kotobukiya's premium Marvel Now! ARTFX+ Japanese import line), and Nezuko Kamado in her Demon Form Advancing pose with flame-effect base from Demon Slayer: Kimetsu no Yaiba. This is a mixed lot spanning anime figures and a Japanese import Marvel statue, ideal for collectors of Kuroko no Basuke, Vocaloid, Demon Slayer, and Marvel Comics alike. All pieces are pre-owned display items — please review photos closely for paint wear or minor imperfections anime figure lot, PVC statue lot, Kuroko no Basuke, Seirin basketball figure, Kagami Taiga figure, Vocaloid Miku, Hatsune Miku wedding Demon Slayer Kimetsu no Yaiba, Nezuko demon form ver, FREEing figure, Kotobukiya ArtFX+, Deadpool X-Force statue, Marvel Now statue, Japanese import statue,, blood demon art figure, anime collectible bundle, otaku gift, display figure lot, japanese anime merch, Marvel statue collector","in stock","used_good","57 CAD","https://collectiblethang.vercel.app/product/4086048f-9eee-4281-8f08-7bf6a5913f6c","https://i.ebayimg.com/images/g/QYIAAeSw24RqU5qx/s-l1600.jpg","The Shelf Cartel Toys","Toys & Games"
"SCT-0210","Verres Publicitaires Vintage Dubonnet - Set de 3 - Art Cassandre - Collection Bar","Vintage set of three clear glass tumblers with colorful Dubonnet advertising artwork by Cassandre. Each glass has a different graphic illustration depicting figures enjoying the beverage. The set is made of transparent glass with multi-colored printed decals.","in stock","used_good","55 CAD","https://collectiblethang.vercel.app/product/19fead71-b5f6-4f5f-9be9-e547b3279a25","https://scontent.fymq2-1.fna.fbcdn.net/v/t45.5328-4/776402053_1363059762701159_2659009835649942370_n.jpg?stp=c81.0.260.260a_dst-jpg_p261x260_tt6&_nc_cat=109&ccb=1-7&_nc_sid=247b10&_nc_ohc=TIAnrrTxL-kQ7kNvwGkKO-g&_nc_oc=AdpaTEwz3XvbGCmzAtTdnzTs6DlcByPm7A1_UB2nkQig1rK_bkOu8mMX2kN0bm_CGBVvpUwuz1slIEb2dTJZKSEw&_nc_zt=23&_nc_ht=scontent.fymq2-1.fna&_nc_gid=ahgEMVRPK5EjIqNnyBmtTQ&_nc_ss=7b2a8&oh=00_AQIeDgWgUVWh3yS1Gn8aMQslnCSooIo-VXdN1XFElbhSvg&oe=6ABC33EB","The Shelf Cartel Toys","Home & Garden"
"SCT-0211","Borne Videotron Helix Wi Fi Gateway Modem Combo Internet 06CE","Black Videotron Helix Fi Gateway is a combined modem and Wi-Fi router. It has two telephone ports, two Ethernet ports, a coaxial cable connector, and a power input. The device features a matte black finish with a top-mounted button and indicator light.","in stock","new","16.8 CAD","https://collectiblethang.vercel.app/product/b8573145-afdc-4c85-897c-2868068527c3","https://i.ebayimg.com/images/g/28IAAeSwwilqAOv4/s-l1600.jpg","The Shelf Cartel Toys","Electronics"
"SCT-0212","Arris TM822G Cable Modem - fonctionnel","Functional Arris TM822G cable modem is black. It has a power cord included. The device has one Ethernet port and one coaxial connection on the back.","in stock","new","16.8 CAD","https://collectiblethang.vercel.app/product/51a542d7-a7bd-45b6-a5af-f1483633c0ae","https://i.ebayimg.com/images/g/GUgAAeSwC1ZqAOZo/s-l1600.jpg","The Shelf Cartel Toys","Electronics"
"SCT-0213","Puma Tie-Dye Backpack Sac à dos rose noir et blanc filles","Stylish pink and white tie-dye Puma backpack with a black mesh front pocket. This bag is made of polyester and has adjustable black shoulder straps. The front has a black Puma logo and the back has a stitched logo outline. It has a main zippered compartment and a side mesh pocket.","in stock","new","10.00 CAD","","https://scontent.fymq2-1.fna.fbcdn.net/v/t45.5328-4/774597588_2902742596754603_2257721262022608538_n.jpg?stp=c2.0.260.260a_dst-jpg_p261x260_tt6&_nc_cat=108&ccb=1-7&_nc_sid=247b10&_nc_ohc=G8gMV_4yYI8Q7kNvwHt1Jwr&_nc_oc=AdrpNwPYyM-DhO5xI71WfsZMheU86gvyaUUjD1t3gpVfXbaoAOJ6tc-ftJ_25EzGRfzDG_bndq3qqz7tRz8OwxzF&_nc_zt=23&_nc_ht=scontent.fymq2-1.fna&_nc_gid=ahgEMVRPK5EjIqNnyBmtTQ&_nc_ss=7b2a8&oh=00_AQJRHaHElsfYprvxksKMbE9TSyOmXg9hVOkcEVudxNf6HQ&oe=6ABC5A3E","The Shelf Cartel Toys","Toys & Games"
"SCT-0214","Nike Air Sweat-shirt court à demi-fermeture éclair pour fille — Taille XS","Sweat-shirt Nike Air court (cropped) à demi-fermeture éclair, parfait pour un look sport-chic au quotidien. Modèle taille XS pour fille, alliant confort et style avec le logo Nike Air emblématique. Caractéristiques : • Coupe courte (cropped) tendance • Col zippé quart de zip pour un ajustement facile • Logo Nike Air visible • Matière douce et confortable, idéale pour le sport ou le quotidien • Taille XS État : Très bon état, peu porté, sans tache ni défaut visible. Idéal pour : sport, école, loisirs, superposition avec un legging ou un jean. Envoi rapide et soigné. N’hésitez pas à poser vos questions avant achat !
.","in stock","used_good","20.00 CAD","","https://scontent.fyhu2-1.fna.fbcdn.net/v/t45.5328-4/774575475_1682468002838230_7314946298926124946_n.jpg?stp=c0.25.261.261a_dst-jpg_p261x260_tt6&_nc_cat=110&ccb=1-7&_nc_sid=247b10&_nc_ohc=lhxTO4vNwpkQ7kNvwH21ZvC&_nc_oc=Adq21xOUeFleGYq_BxiGBAWD4-a2O7-mZOT3eE19jSGh3d78b2SKOe4c25PUYQHU7ea6f0gF8M76IudnPC88Piyk&_nc_zt=23&_nc_ht=scontent.fyhu2-1.fna&_nc_gid=ahgEMVRPK5EjIqNnyBmtTQ&_nc_ss=7b2a8&oh=00_AQLFvD6iFz9v0_hH1CBjm--VLAqt8p5zVDhAxAdSj15BRA&oe=6ABC4124","The Shelf Cartel Toys","Apparel & Accessories > Women's Clothing"
"SCT-0215","Ford GT40 MK II 1966 M2 Machines Limited To 3250 Worldwide 1:64 diecast car","Limited edition 1:64 scale diecast model car. This M2 Machines 1966 Ford GT40 MK II has a blue and orange color scheme with white racing circles. The vehicle is mounted on a black display base inside a clear plastic protective case.","in stock","used_good","15 CAD","https://collectiblethang.vercel.app/product/48debdac-adae-474b-8a2f-7ac444551e70","https://i.ebayimg.com/images/g/VfIAAeSwsFZqZ98i/s-l1600.jpg","The Shelf Cartel Toys","Toys & Games"
"SCT-0216","Mattel DC Première série de la nouvelle Licence Mattel , The Joker and Robin 2026","New Mattel DC action figure set includes The Joker and Robin. These plastic figures are in their original blister pack packaging. The Joker figure comes with multiple interchangeable heads and a purple accessory. The Robin figure is in his classic green and red suit with a yellow cape.","in stock","used_good","34 CAD","https://collectiblethang.vercel.app/product/ece2788e-4b74-411c-92e6-56895d3c52da","https://i.ebayimg.com/images/g/2UoAAeSwvFJqiInx/s-l1600.jpg","The Shelf Cartel Toys","Toys & Games"
"SCT-0217","Hasbro Transformers lot de figurines- Optimus Prime, Bumblebee, Sideswipe","Diverse collection of Hasbro Transformers action figures in various sizes. This lot includes a large Optimus Prime figure with translucent blue wings, a yellow Bumblebee figure, a red Sideswipe figure, and three small BotBots figures in green, red, and orange. The figures are primarily made of plastic and feature the classic red, blue, and yellow color schemes associated with the franchise.","in stock","new","36 CAD","https://collectiblethang.vercel.app/product/85645a48-a18e-4cb9-a018-84a022b91fcb","https://i.ebayimg.com/images/g/ZAEAAeSwGfdpWXcJ/s-l1600.jpg","The Shelf Cartel Toys","Toys & Games"
"SCT-0218","Lot de 18 Hot Wheels films et Fantaisie (screentime)","Belle collection de 18 Hot Wheels incluant des designs fantaisistes, des personnages populaires et des éditions spéciales. Parfait pour les collectionneurs et les enfants amateurs de voitures miniatures. • Voitures à thème Star Wars (designs de l’univers galactique) • Voitures Batman (véhicules du Chevalier Noir et univers DC) • Voitures Barbie (designs rose et glamour) • Voitures Star Trek (espace et futuriste) • Voitures Chitchat et designs animaliers farfelus • Voitures Screentime (franchises populaires) • Et autres designs originaux et colorés Hot Wheels lot · Star Wars Hot Wheels · Batman Hot Wheels · Barbie Hot Wheels · Star Trek · collection miniature · voitures jouet · Hot Wheels personnalisées · éditions spéciales · nostalgie. 70$ le lot ou 5$ ch","in stock","used_good","9.35 CAD","https://collectiblethang.vercel.app/product/13c61071-3840-47d7-8f16-d3517d193604","https://i.ebayimg.com/images/g/vBgAAeSwBsFqNFu3/s-l1600.jpg","The Shelf Cartel Toys","Toys & Games"
"SCT-0219","Figurine League Of Legends Spin Master 1st Edition Collector - Darius","Figurine Spin Master - League Of Legends - Darius, voir aussi mes autres annonces Yasuo et Jinx Disponible. Jamais ouvert
Je peux shipper à vos frais","in stock","used_good","10.52 CAD","https://collectiblethang.vercel.app/product/2a381293-ae6e-4029-b4b4-056d0ce8be42","https://i.ebayimg.com/images/g/tr8AAOSwYc5ngWS~/s-l1600.jpg","The Shelf Cartel Toys","Toys & Games"
"SCT-0220","Lot de 4 Jeux Vidéo - Nintendo DS, Xbox 360, Xbox One - Golden Compass, LEGO Batman, Assassin’s Cree","Un des jeux n’a pas la bonne pochette voir photos Ce lot comprend 4 jeux vidéo en boîtier d’origine, idéal pour compléter votre collection ou pour toute la famille. Contenu du lot : 1. The Golden Compass (Nintendo DS) - Classé E (Everyone) 2. LEGO Batman: The Videogame (Nintendo DS) - Classé E10+ 3. Assassin’s Creed: The Americas Collection (Xbox 360) - Classé M (Mature) 4. Madden NFL 17 (Xbox One) - Classé E (Everyone) État : Jeux en boîtiers d’origine, voir photos pour l’état exact des jaquettes et cartouches/disques. Bon état général, usure normale liée à l’âge. Idéal pour : collectionneurs de jeux rétro, amateurs de Nintendo DS, fans d’Assassin’s Creed ou de football américain, cadeau pour joueur multi-plateformes.","in stock","used_good","12.6 CAD","https://collectiblethang.vercel.app/product/77ea209d-1e7d-404c-8268-20b0a9609eab","https://i.ebayimg.com/images/g/4m4AAeSw~WhqEy3s/s-l1600.jpg","The Shelf Cartel Toys","Toys & Games > Video Games"
"SCT-0221","Rabot à main vintage Stanley Bailey No. 4 – manche en bois– Outil de menuiserie ancien","Rabot d’établi vintage Stanley Bailey No. 4 à semelle cannelée (corrugated bottom), fabriqué aux États-Unis. Cet outil de menuiserie classique est recherché tant par les collectionneurs que par les ébénistes passionnés d’outils anciens. La semelle cannelée est une caractéristique distinctive de la variante « 4C » : les rainures longitudinales réduisent la friction sur le bois et facilitent le travail en douceur. Le corps en fonte, la poignée et le bouton en bois, ainsi que le mécanisme de réglage de la lame à molette de la marque Bailey, témoignent du savoir-faire industriel américain de l’époque. Idéal pour le dressage et l’adoucissement des surfaces en bois. Vendu en l’état, tel que trouvé (as found / non restauré). • Rabot vintage • Rabot Stanley Bailey • Rabot No. 4 • Semelle cannelée • Rabot d’établi • Outil ancien menuiserie • Outil de menuisier • Rabot à main • Outil vintage bois • Rabot fonte • Outil ancien américain • Ébénisterie vintage • Rabot collectionneur • Outil d’atelier ancien","in stock","used_good","69.99 CAD","https://collectiblethang.vercel.app/product/df5bd1ee-97ed-4435-9caf-1c6e1ce5e5a9","https://i.ebayimg.com/images/g/EvMAAeSwdkBqEyzJ/s-l1600.jpg","The Shelf Cartel Toys","Hardware > Tools"
"SCT-0222","Hot Wheels 2026 au choix 🔥🏎️ 4$/CH Case A-B-C-D-E-F","Hot Wheels Mainline 2015 à 2026 au choix 4$ chacune . Plusieurs silvers series aussi disponibles et premium ! Environ 2000 modèle en inventaire pas tous en photo. Voir autres annonces Je peux shipper à vos frais","in stock","used_good","6.17 CAD","https://collectiblethang.vercel.app/product/9a401987-ec8b-4e9f-8d95-79c781180eac","https://i.ebayimg.com/images/g/qRIAAeSw30VpNdsr/s-l1600.jpg","The Shelf Cartel Toys","Toys & Games"
"SCT-0223","Mega Lot de figurines et de véhicules Hasbro Transformers.","Mega lot de transformers et de véhicules . Voir les photos mais beaucoup de jouets sont inclus voir mes autres annonces pour plus de figurines ou jouets. Je peux shipper a vos frais partout au quebec.
Idéal pour cadeau d’anniversaire !","in stock","used_good","15.4 CAD","https://collectiblethang.vercel.app/product/91eeb3e7-c554-4cca-b73d-0cfb28c67bf8","https://i.ebayimg.com/images/g/KlQAAeSwIh1nuRkw/s-l1600.jpg","The Shelf Cartel Toys","Toys & Games"
"SCT-0224","Lot de 16 VHS vintage en anglais de films classique","Lot de 16 films VHS tapes vintage en anglais de films classique
Rocky 3 , alien , sabrina , the omen etc","in stock","used_good","40.00 CAD","","https://scontent.fymq3-1.fna.fbcdn.net/v/t45.5328-4/774509024_28321208634151627_523402979732323071_n.jpg?stp=c52.0.260.260a_dst-jpg_p261x260_tt6&_nc_cat=103&ccb=1-7&_nc_sid=247b10&_nc_ohc=AVLR5J_-HDgQ7kNvwEAvZha&_nc_oc=AdpU3xLWm9eQK_nJdEn4CTkU0vpoRWv8i8nGMVieD7g0zJSH75HrPjWHazLrJvRE62lpL-uu3d1r7XEUEjHZ8k52&_nc_zt=23&_nc_ht=scontent.fymq3-1.fna&_nc_gid=xeIfVbsyj56ilzlMSlt8bQ&_nc_ss=7b2a8&oh=00_AQK5TiLm6aUasCmt8radkKd4S1j0Nmd9GGdHy7SvQ9uVxg&oe=6ABC49C9","The Shelf Cartel Toys","Media > Books, Movies, Music"
"SCT-0225","Disney lilo & Stitch Collectible ensemble de 11 figurines de collection Neuve","New Disney Stitch collectible figure set includes 11 pieces. This plastic set features multiple Stitch figures in different poses, Lilo, Angel, and various accessories like a surfboard and camera. The figures are primarily blue, pink, and red.","in stock","used_good","10.99 CAD","https://collectiblethang.vercel.app/product/be33c935-1201-4cb3-9aee-2850d4499acd","https://i.ebayimg.com/images/g/x0MAAeSwjCJp7p-O/s-l1600.jpg","The Shelf Cartel Toys","Toys & Games"
"SCT-0226","Mattel Masters of the Universe Cartoon Collection Ram Man figurine neuve","New Mattel Masters of the Universe action figure is part of the Cartoon Collection. This plastic Ram Man figure has a red, grey, and gold color scheme and includes a grey axe accessory. The item is in its original window box packaging.","in stock","used_good","29 CAD","https://collectiblethang.vercel.app/product/6526ab00-685a-4b4e-9111-83d82554920a","https://i.ebayimg.com/images/g/NN8AAeSw0Kxqfec3/s-l1600.jpg","The Shelf Cartel Toys","Toys & Games"
"SCT-0227","Mega Bloks Dragons Krystal Wars Action Figure argentum 9848","Articulated dragon action figure with silver-toned plastic armor. This toy is made of durable plastic and has a dark green and grey color scheme. It is a Mega Bloks brand item from the Dragons series with movable wings, legs, and jaw.","in stock","new","28 CAD","https://collectiblethang.vercel.app/product/f06fb1d6-41cc-454b-ae45-55ff070c151d","https://i.ebayimg.com/images/g/eqMAAeSwM~Rp35RE/s-l1600.jpg","The Shelf Cartel Toys","Toys & Games"
"SCT-0228","Mega Bloks Dragons Metal Ages Krystal Red Dragon Action Figure","Articulated red dragon action figure is made of plastic with translucent tan wing membranes. This Mega Bloks Dragons Metal Ages toy has a movable jaw, neck, and limbs. The figure is primarily deep red with gold-colored horns and claws.","in stock","new","25.65 CAD","https://collectiblethang.vercel.app/product/cb35710e-aeac-406b-88f8-058ba564edae","https://i.ebayimg.com/images/g/nIIAAeSwBVZqKgEd/s-l1600.jpg","The Shelf Cartel Toys","Toys & Games"
"SCT-0229","Lot de 45 Figurines Vintage Batman 1991 ToyBiz Spider-Man 1995 Marvel DC Comics ou au choix","Je peux aussi vendre a l’unité entre 1$ et 25$ chacun tout dépendant du choix. Superbe lot de 45 figurines vintage des années 90, réunissant les univers DC Comics, Marvel et anime, idéal pour les collectionneurs, revendeurs ou projets de customisation. Ce lot varié inclut des personnages emblématiques comme Batman, Spider-Man, Superman et Hulk, ainsi que plusieurs figurines rares et variantes issues de différentes gammes populaires des années 1990. Côté DC Comics, vous retrouvez notamment un Batman 1991 grand format (~12 pouces) inspiré du style des films de Tim Burton, véritable pièce centrale de collection, accompagné de plusieurs variantes de Batman (Animated Series, Dark Knight et autres), ainsi que Superman, Robin, Aquaman, Green Arrow et Wonder Woman. Du côté Marvel, le lot comprend des figurines ToyBiz Spider-Man 1995, plusieurs variantes de Spider-Man, un Vision grand format, ainsi que des personnages iconiques comme Captain America, Hulk, Silver Surfer et Bane. La sélection inclut également des personnages anime et culture pop, dont All Might (My Hero Academia), Naruto (style Funko), Astro Boy, Jack (Les Indestructibles) et d’autres figurines manga variées. Condition : Usure normale liée au vintage des années 90. Certaines figurines peuvent être incomplètes ou manquer d’accessoires. Vente tel quel (as-is), lot complet uniquement !! ⸻ Caractéristiques : * ✔️ Lot de 45 figurines mixtes DC / Marvel / Anime
* ✔️ Batman 1991 grand format (~12”) pièce rare
* ✔️ Spider-Man ToyBiz 1995 + variantes
* ✔️ Hulk, Superman, Captain America, Vision, Silver Surfer
* ✔️ Figurines années 90 vintage authentiques
* ✔️ Idéal collection, display ou revente
* ✔️ Style Batman Animated Series / Tim Burton inclus
* ✔️ Lot varié et difficile à trouver ⸻ Mots-clés SEO : Batman 1991, ToyBiz Spider-Man 1995, Marvel DC lot, figurines vintage années 90, Hulk Marvel, Superman DC Comics, collection action figures, rare toys 90s, Batman Tim Burton, Animated Series Batman, Spider-Man ToyBiz, lot figurines Marvel DC, vintage toy collection, 90s nostalgia, action figures lot rare.","in stock","used_good","69 CAD","https://collectiblethang.vercel.app/product/e8a1f847-004a-4a28-ade2-01b3bb2344da","https://i.ebayimg.com/images/g/AGsAAeSw0-1qMzcZ/s-l1600.jpg","The Shelf Cartel Toys","Toys & Games"
"SCT-0230","Immense Lot de vêtements homme grandeur Medium / chemise 15 15 1/2","Grandeur medium le linge,
chemise 15 1/2
3 à 5$ du morceau. Plusieurs grandes marques
J’ai enormement de linge que je peux vendre qui me fait plus impossible de tout afficher toutes des marques !","in stock","used_good","5.00 CAD","","https://scontent.fymq2-1.fna.fbcdn.net/v/t45.5328-4/773941229_1414838380698753_6753053497211154540_n.jpg?stp=c0.152.261.261a_dst-jpg_p261x260_tt6&_nc_cat=100&ccb=1-7&_nc_sid=247b10&_nc_ohc=emNoSOTuod4Q7kNvwFQRXRE&_nc_oc=AdrJQOhfKpb56I5lMVFxNb9M7Mnz5MLcOSosLJT2ZlEhGJLy_9TiyUr6snwjBPFGp1NiTOUpcJX22ZdoU1ApmaN6&_nc_zt=23&_nc_ht=scontent.fymq2-1.fna&_nc_gid=LkOyk15om4NY5RMliqlAmQ&_nc_ss=7b2a8&oh=00_AQLiQfvGMdL_IE6DGwzo7cAY2Q416-L-16iliYqjWU3jug&oe=6ABC2D65","The Shelf Cartel Toys","Apparel & Accessories > Women's Clothing"
"SCT-0231","Cordeau à tracer vintage Strait Line avec fil et plomb – Irwin Auger Bit Co., Wilmington, Ohio, USA,","Cordeau à tracer vintage de la marque Strait Line avec plomb intégré pour traçage précis.
Fabriqué par The Irwin Auger Bit Company, Wilmington, Ohio, USA.
Modèle breveté US n° 2588500.
Fabriqué aux États-Unis, datant probablement des années 1950–1960.
Idéal pour collectionneurs d’outils anciens, bricolage vintage ou décoration atelier.
Condition vintage, avec traces normales d’usage. Vendu tel quel.","in stock","new","139.99 CAD","https://collectiblethang.vercel.app/product/bdb2ad32-d913-48bd-8c90-9c016c6538f4","https://i.ebayimg.com/images/g/bB8AAeSwJbJpgoKH/s-l1600.jpg","The Shelf Cartel Toys","Collectibles"
"SCT-0232","hallmark 2026 Jurassic Park - Jurassic World Mosasaurs","hallmark 2026 Jurassic Park - Jurassic World Mosasaurs voir autres annonces je peux shipper a vos frais","in stock","used_good","37 CAD","https://collectiblethang.vercel.app/product/64007dee-e14d-4871-a7f2-5fcd19d15d56","https://i.ebayimg.com/images/g/jg8AAeSwBDppsxg2/s-l1600.jpg","The Shelf Cartel Toys","Toys & Games"
"SCT-0233","Funko POP ! SDCC 2017 Star Wars R2D2 And Princess Leia Holographique","Funko pop! SDCC 2017 exclusive Star Wars
Voir aussi mes autres annonces
Figurine vinyles Funko 2017 Summer Convention Exclusive Star Wars R2D2 And Princess Leia Holographique shipping disponible a vos frais","in stock","used_good","130 CAD","https://collectiblethang.vercel.app/product/6d2f3047-ecb1-4cdf-b957-cfd00dbde6ba","https://i.ebayimg.com/images/g/ZHMAAeSwi0Vp2Er6/s-l1600.jpg","The Shelf Cartel Toys","Toys & Games"
"SCT-0234","Abercrombie & Fitch Chandail Manche Longue Homme - Long Sleeve Shirt Large","Abercrombie & Fitch Chandail Manche Longue Homme - Long Sleeve Shirt Large voir autres annonces","in stock","new","28.7 CAD","https://collectiblethang.vercel.app/product/51868ad4-46e8-4572-a40b-8e333b53083d","https://i.ebayimg.com/images/g/HV8AAeSwsI5qIDy8/s-l1600.jpg","The Shelf Cartel Toys","Apparel & Accessories > Men's Clothing"
"SCT-0235","Figurine Marvel Thor Vintage Toybiz Marvel’s original 5 pouces - Très rare","Figurine Marvel Thor Vintage Toybiz Marvel’s original 5 pouces très rare je n’ai pas trouver de figurine exactement identique avec google image search ou chat gpt et l’année ni la provenance n’est inscrit nulpart. Pas Mal certain qu’elle date des années 1980 1990 produite donc par ToyBiz . La cape est en tissue. Je peux shipper a vos frais voir autres annonces","in stock","used_fair","5.6 CAD","https://collectiblethang.vercel.app/product/458b9679-851c-425f-bacb-edce2e2a77ec","https://i.ebayimg.com/images/g/EU4AAeSwiz1pDqMu/s-l1600.jpg","The Shelf Cartel Toys","Toys & Games"
"SCT-0236","Boite Bijoux ideal pour Cadeau Saint Valentin 💘","Utiliser une fois pour offrir un bijoux.","in stock","used_good","20.00 CAD","","https://scontent.fymq2-1.fna.fbcdn.net/v/t45.5328-4/774033818_2840672742992184_8249726887916909858_n.jpg?stp=c19.0.258.258a_dst-jpg_p296x100_tt6&_nc_cat=108&ccb=1-7&_nc_sid=247b10&_nc_ohc=djdZ5cPYnjQQ7kNvwF-pBaO&_nc_oc=AdrRDKhcm27r58CRa3JLMD2v-COiFvD7cXlqLyk7ak-2b2wn7fHgaXA06it3G9seRMApwhoUEUDMTuBZDQVn91Jq&_nc_zt=23&_nc_ht=scontent.fymq2-1.fna&_nc_gid=LkOyk15om4NY5RMliqlAmQ&_nc_ss=7b2a8&oh=00_AQIkxPrFMRWhYLCZi_M5NkObpI2W797c335AzMn2TM23mA&oe=6ABC362E","The Shelf Cartel Toys","Home & Garden"
"SCT-0237","Jurassic World - Indoraptor - Grande Figurine Dinosaure Ultimate Damage! Neuve","Grande figurine de l’univers Jurassic Park de la collection Jurassic World - Indoraptor - Dinosaure Ultimate Damage avec son et lumière idéal pour cadeau fête d’anniversaire ou collectionneur. 3 en stock","in stock","used_good","63 CAD","https://collectiblethang.vercel.app/product/f000668a-d925-43bd-9f21-2ccba8eccff4","https://i.ebayimg.com/images/g/MQ0AAeSw8TRpvDNE/s-l1600.jpg","The Shelf Cartel Toys","Toys & Games"
"SCT-0238","Figurine Star Wars l’Empreur Palpatine - Return of The Jedi the emperor figurine 40th anniversary 6’","Figurine neuve star wars return of the jedi the emperor return of the jedi 40 eme anniversaire l’empereur palpatine. Kenner black series 6 pouces Je peux shipper partout au quebec a vos frais voir autres annonces","in stock","used_good","10 CAD","https://collectiblethang.vercel.app/product/516df41f-e0d7-40dc-83b0-bc67921510eb","https://i.ebayimg.com/images/g/UKwAAeSwjVFpd7S7/s-l1600.jpg","The Shelf Cartel Toys","Toys & Games"
"SCT-0239","Hot Wheels Premium ´16 Bugatti Chiron - HW Boulevard","Hot Wheels Premium ´16 Bugatti Chiron - HW Boulevard voir autres annonces je peux shipper a vos frais","in stock","used_good","9 CAD","https://collectiblethang.vercel.app/product/cc93e3e7-1d3a-49f7-9de2-d57236bcb947","https://i.ebayimg.com/images/g/1ycAAeSwHOFpXE8G/s-l1600.jpg","The Shelf Cartel Toys","Toys & Games"
"SCT-0240","DC Multiverse Batman – Batmobile Bat Raptor McFarlane toys","Véhicule de collection neuf DC Multiverse Bat Raptor (Batmobile) inspiré de l’univers de Batman. Un modèle stylisé et détaillé de la célèbre Batmobile version “Bat Raptor”, parfait pour les fans de DC Comics et les collectionneurs. Idéal autant pour collection que pour jouet, ce véhicule s’intègre parfaitement avec les figurines Batman / DC Multiverse 6” scale. 🔥 Détails : * Franchise : DC Comics / Batman
* Modèle : Bat Raptor / Batmobile
* Série : DC Multiverse
* Type : Véhicule / voiture de collection
* Compatible avec figurines DC Multiverse 6 pouces (approx.) 💥 Parfait pour : * Collectionneurs DC / Batman
* Dioramas et affichage
* Jouet ou pièce de collection
* Fans de véhicules Batman 📦 Je peux expédier aux frais de l’acheteur.
Voir mes autres annonces pour combiner l’expédition. ⸻ Batman, DC Multiverse, Batmobile, Bat Raptor, véhicule Batman, DC Comics collectible, action figure vehicle, McFarlane Toys, Batman car, Batmobile collectible, diorama Batman, jouet collection DC guy","in stock","used_good","19 CAD","https://collectiblethang.vercel.app/product/f9660508-1e2b-4611-a154-f5f06658799d","https://i.ebayimg.com/images/g/wAIAAeSw-3lphq0E/s-l1600.jpg","The Shelf Cartel Toys","Toys & Games"
"SCT-0241","Lot de Figurines de Hockey NHL Vintage headliners 1998","Voici un lot de figurines NHL hockey headliners de 1998 . Ils ne sont pas neuvent voir photos Voir mes autres annonces
Je peux shipper a vos frais","in stock","used_fair","9 CAD","https://collectiblethang.vercel.app/product/b6c92adf-dee0-409a-859b-f69931ec9f39","https://i.ebayimg.com/images/g/PK8AAOSw5x9nfXlU/s-l1600.jpg","The Shelf Cartel Toys","Collectibles"
"SCT-0242","Figurine Spin Master 1st edition collector - League of Legends Yasuo champion collection","Figurine Spin Master - League Of Legends - Yasuo, voir aussi mes autres annonces Jinx et Darius Disponible. Jamais ouvert
Je peux shipper à vos frais","in stock","used_good","99 CAD","https://collectiblethang.vercel.app/product/37eba474-899a-4b18-b385-4e08d6a860b2","https://i.ebayimg.com/images/g/PuwAAeSwcOtoPPgJ/s-l1600.jpg","The Shelf Cartel Toys","Toys & Games"
"SCT-0243","Scie bois Vintage 1900 Shurly & Dietrich Atkins – Lame 26” Razor Steel – Gravure d’Origine – Rare","Scie ancienne Shurly & Dietrich Atkins – vers 1900 – Razor Steel Magnifique scie à main ancienne datant du début des années 1900, fabriquée par Shurly, Dietrich & Atkins Co. Ltd., une des marques canadiennes les plus reconnues pour la qualité de leur acier « Razor Steel ».
La scie possède une lame de 26 pouces et un manche en bois sculpté, avec une très belle patine d’époque. La lame présente encore sa gravure d’origine, lisible : « For beauty, finish and temper this saw cannot be excelled »
— Slogan d’époque utilisé sur les modèles haut de gamme. Ce type de scie est très recherché par : • les collectionneurs d’outils anciens • les menuisiers traditionnels • les décorateurs style rustique / industriel • les amateurs d’outils prestige Razor Steel Manche solide et lame intacte.
Article vendu tel quel, parfait pour la collection, la restauration ou la décoration. Très difficile à trouver, surtout avec la gravure encore visible. Ouvert aux offres raisonnables . Je peux shipper partout au quebec voir autres annonces pour outils vintage. 50 $ ferme","in stock","used_good","70 CAD","https://collectiblethang.vercel.app/product/c068be81-a079-4185-aef1-8cfd69f0610f","https://i.ebayimg.com/images/g/PxIAAeSwdwtpGjIZ/s-l1600.jpg","The Shelf Cartel Toys","Collectibles"
"SCT-0244","Hot Wheels Premium HW Boulevard - Nissan 300zx Twin Turbo / Bi turbo grise","2026 Hot wheels premium boulevard - Twin turbo nissan 300zx a vendre de couleur grise diecast moulé GJT68 verifier mes autres annonces hot wheels nissan","in stock","used_good","12.35 CAD","https://collectiblethang.vercel.app/product/48f500d6-967d-4d4a-91ec-5876c46b4a2d","https://i.ebayimg.com/images/g/aL8AAeSwkxNp5-iB/s-l1600.jpg","The Shelf Cartel Toys","Toys & Games"
"SCT-0245","Funko Pop! Albums cover - Rosalita motomani Naked cover art #55","Funko Pop! Albums cover - Rosalita motomani Naked cover art #55 De la populaire chanteuse espagnole Voir mes autres annonces
Je peux expedier a vos frais
La figurine est neuve
9$","in stock","used_good","11.2 CAD","https://collectiblethang.vercel.app/product/7f504aec-5582-4adc-8ca6-d20fad87500b","https://i.ebayimg.com/images/g/Yy0AAeSw7WZpg~zK/s-l1600.jpg","The Shelf Cartel Toys","Toys & Games"
"SCT-0246","Statuettes collectible KISS Gene Simmons The Demon figurines McFarlane Toys 2002","Non negociable
Statuette neuve KISS gene simmons pour collectionneur ou amateur de musique. Je peux shipper a vos frais
Voir autres annonces","in stock","used_good","21 CAD","https://collectiblethang.vercel.app/product/031de1f2-db0e-48ff-9a8d-05d952323b5f","https://i.ebayimg.com/images/g/QZAAAeSwwRFp~eie/s-l1600.jpg","The Shelf Cartel Toys","Toys & Games"
"SCT-0247","Star Wars Attack of the Clones Zam Wessell 12 pouces - 2002 Hasbro - neuf","Star Wars Attack of the Clones Zam Wessell 12 pouces - 2002 Hasbro - neuf
Je peux shipper a vos frais voir aussi autres annonces","in stock","used_good","22.92 CAD","https://collectiblethang.vercel.app/product/981136bd-b907-48ef-af3f-0fd0a2642190","https://i.ebayimg.com/images/g/5zQAAeSwSsJpteHK/s-l1600.jpg","The Shelf Cartel Toys","Toys & Games"
"SCT-0248","2 sac pour produits de beauté maquillage skincare Teaology rose - neuf","2 sac pour produits de beauté maquillage make up skincare Teaology rose texturé en minoux - neuf voir autres annonces 5$ pour les 2","in stock","used_good","5.00 CAD","","https://scontent.fymq3-1.fna.fbcdn.net/v/t45.5328-4/773417299_1355103986295551_3894313857260407285_n.jpg?stp=c43.0.260.260a_dst-jpg_p261x260_tt6&_nc_cat=102&ccb=1-7&_nc_sid=247b10&_nc_ohc=Zv0w6kvW9s0Q7kNvwGI7_eY&_nc_oc=Adqltc3W3mcKwliZaPCmUxnFy_sk0LhvhvzqNTmeXL4qy1gLon5-012Afu8hzVoesotNzs7wKJDw_Zcu-n_D_l7B&_nc_zt=23&_nc_ht=scontent.fymq3-1.fna&_nc_gid=Y9lmso1c-gGS1deRrFNGAA&_nc_ss=7b2a8&oh=00_AQI6DR5iK7cuuLHppW18SmVrVHRfXr65SsIFH6FhT0kytQ&oe=6ABC439C","The Shelf Cartel Toys","Toys & Games"
"SCT-0249","Dc Multiverse black adam mcfarlane toys the rock figurine neuve","Dc Multiverse black adam mcfarlane toys the rock figurine dwayne jonhson neuve Je peux shipper a vos frais","in stock","used_good","67 CAD","https://collectiblethang.vercel.app/product/fa2f6829-a2fa-4fc3-a16a-2d42f8cbdd27","https://i.ebayimg.com/images/g/z5gAAeSw-ctpRgPw/s-l1600.jpg","The Shelf Cartel Toys","Toys & Games"
"SCT-0250","Logitech Wingman Rumblepad USB Controller / Vibrating G-UA3","Logitech Wingman Rumblepad USB Controller / Vibrating G-UA3 vendu tel quel je n’ai rien pour la tester mais fonctionnait très bien dans le temps ! Je peux shipper a vos frais","in stock","new","8.99 CAD","https://collectiblethang.vercel.app/product/2b326f0d-f2d6-446d-a616-6559e4aae143","https://i.ebayimg.com/images/g/dtYAAeSwBP1qPu3z/s-l1600.jpg","The Shelf Cartel Toys","Toys & Games > Video Games"
"SCT-0251","Star WARS Luke Skywalker X-Wing Pilot Unleashed 2003 Hasbro 7 inch","Figurine 7 pouces luke skywalker 2003
45$ non nego
Voir aussi autres annonces
Je peux shipper a vos frais","in stock","used_good","42 CAD","https://collectiblethang.vercel.app/product/3c475a53-6d6d-4d90-9dcc-c65bc2329191","https://i.ebayimg.com/images/g/Pe4AAeSwd2xp~e6l/s-l1600.jpg","The Shelf Cartel Toys","Toys & Games"
"SCT-0252","Siège appoint auto voiture réhausseur booster pour enfant","Siège d’appoint harmony pour enfant rehausseur booster pour automobile voiture auto ! Couleur noir .
10$ voir mes autres annonces","in stock","new","10.00 CAD","","https://scontent.fymq3-1.fna.fbcdn.net/v/t45.5328-4/773167669_2327504577788196_5710775959009189483_n.jpg?stp=c43.0.260.260a_dst-jpg_p261x260_tt6&_nc_cat=106&ccb=1-7&_nc_sid=247b10&_nc_ohc=suUqKVIdQGMQ7kNvwEerka9&_nc_oc=AdobziN4z5IbSqTTLpLmw0sNhQifK819meAp6NRI7nKd-imouFgReCm0yjcq1ewh1XBJ078NHJX9LoxABlx4Ze-D&_nc_zt=23&_nc_ht=scontent.fymq3-1.fna&_nc_gid=Y9lmso1c-gGS1deRrFNGAA&_nc_ss=7b2a8&oh=00_AQJ-XP7B6l8_HglzeoIcr4KW5jLDrim3FSXy7AvGtXZDeg&oe=6ABC4B79","The Shelf Cartel Toys","Toys & Games"
"SCT-0253","Hot wheels 20’ jeep gladiator","Hot wheels jeep gladiator 2020
Voir mes autres annonces","in stock","used_good","17 CAD","https://collectiblethang.vercel.app/product/c33386a7-bd57-4ea3-b61f-e87d1facf600","https://i.ebayimg.com/images/g/4qoAAeSwhd9pe62G/s-l1600.jpg","The Shelf Cartel Toys","Toys & Games"
"SCT-0254","Star Wars C-3PO Pot à Biscuits Céramique Disney Galerie 2015 Neuf Rare","Pot à biscuits en céramique C-3P0 de Star Wars par Disney Galerie, édition 2015. Pièce rare et collectionnable, idéale pour les fans de Star Wars et les collectionneurs.
Fabriqué en céramique de haute qualité avec une reproduction détaillée du célèbre droïde protocolaire C-3PO. Parfait pour la cuisine ou comme pièce de collection à exposer.
À noter : il y a un léger bris mineur sur la pièce, n'affectant pas l'apparence générale — reflété dans le prix demandé. Les photos sont disponibles sur demande.
Quantité limitée produite — difficile à trouver. Une addition unique à toute collection Star Wars. Boîte d'origine incluse.","in stock","new","50 CAD","https://collectiblethang.vercel.app/product/85fb4226-2efc-41b8-8915-681e9769d38f","https://i.ebayimg.com/images/g/q9kAAeSw591pwEUd/s-l1600.jpg","The Shelf Cartel Toys","Collectibles"
"SCT-0255","Figurine Vintage - Bruce Willis Armagedon - Jouet Hot Wheels Mattel 1997 - Limited","Figurine 8 pouces Vintage - Bruce Willis Armagedon - Jouet Hot Wheels Mattel 1997","in stock","new","85.5 CAD","https://collectiblethang.vercel.app/product/c96933bc-2a61-4138-bc63-fc25045f1cae","https://i.ebayimg.com/images/g/rsMAAeSwmgBpyAIH/s-l1600.jpg","The Shelf Cartel Toys","Toys & Games"
"SCT-0256","Hot Wheels Premium Fast & Furious Diorama Diecast - Tokyo drift 1:64 neuf","Hot Wheels Premium Fast & Furious Diorama Diecast - Tokyo drift 1:64
Plusieurs de disponibles
Voir autres annonces Je peux shipper a vos frais","in stock","used_good","18 CAD","https://collectiblethang.vercel.app/product/f4bd6428-2dcc-4d5c-96ee-c8c2659bbac5","https://i.ebayimg.com/images/g/RF8AAeSw3ZppSId~/s-l1600.jpg","The Shelf Cartel Toys","Toys & Games"
"SCT-0257","Figurine porcelaine AVON duo d’ours peints à la main Vintage 1980 lovable teddies","Lovable teddies Sara rencontre théodore Sarah meets theodore Mettez la main sur ce duo d’ours Avon en porcelaine de 1980, peints à la main, parfait pour les collectionneurs passionnés et les amateurs de figurines artisanales vintage. Chaque ours présente des détails délicats et une finition soignée, faisant de ce duo une pièce unique et rare à ajouter à votre collection. Ces figurines d’ours Avon sont idéales pour la décoration intérieure, exposées dans une vitrine ou sur une étagère, et constituent également un cadeau original pour les collectionneurs. Leur état vintage est excellent, conservant tout le charme et l’authenticité de 1995. Caractéristiques : • Marque : Avon • Année : 1980 • Matériau : Porcelaine • Peint à la main • État : Excellent • Idéal pour : Collection, décoration, cadeau, duo de figurines rare","in stock","used_good","19 CAD","https://collectiblethang.vercel.app/product/84e353c5-7493-49e4-afa8-2358204d0d94","https://i.ebayimg.com/images/g/mj0AAeSwBhJowHjF/s-l1600.jpg","The Shelf Cartel Toys","Collectibles"
"SCT-0258","Figurine NHL HeadLiners signature séries authentifié par Patrick Roy #33 Canadien de Montreal","Voir autres annonces NHL HOCKEY PATRICK ROY FIGURINE PVC
Je peux shipper a vos frais
Voir autres annonces","in stock","used_good","15.99 CAD","https://collectiblethang.vercel.app/product/81e1ed14-3cca-4a39-98a2-4b5b203bfc42","https://i.ebayimg.com/images/g/tWcAAeSwDwJpq4hU/s-l1600.jpg","The Shelf Cartel Toys","Toys & Games"
"SCT-0259","Adidas veste , Hoodies Grandeur Small adulte ou Ado / Homme","Veste à capuchon (hoodie) Adidas idéale pour adulte taille Small ou ado. Style sportwear confortable, parfait pour le quotidien. * Marque : Adidas
* Type : Veste / Hoodie à capuchon
* Taille : Small (adulte ou ado)
* Coupe : Homme / Unisexe
* État : Très bon état (voir photos)
* Confortable et polyvalent (sport, école, sortie) Parfait pour un look décontracté ou sportif. Qualité Adidas reconnue. 📸 Voir photos pour les détails et l’état exact ⸻ Mots-clés (SEO) :
Adidas, hoodie, veste, capuchon, small, homme, ado, sport, streetwear, chandail, zip, noir, confortable, casual, vêtement, marque, entraînement","in stock","new","23 CAD","https://collectiblethang.vercel.app/product/776048a0-a4b1-453d-985b-345782c23f07","https://i.ebayimg.com/images/g/MGIAAeSwAVNns6ay/s-l1600.jpg","The Shelf Cartel Toys","Toys & Games"
"SCT-0260","Calvin Klein Chandail manche longue , Gilet Haut Homme Grandeur Large, Noir","Calvin Klein Chandail manche longue , Gilet Haut Homme Grandeur Large, Noir","in stock","new","20 CAD","https://collectiblethang.vercel.app/product/0406b20e-f562-408b-bd49-902c1b1a13ae","https://i.ebayimg.com/images/g/uVMAAeSwRNxo~rEu/s-l1600.jpg","The Shelf Cartel Toys","Apparel & Accessories > Men's Clothing"
"SCT-0261","Hot Wheels XL 2026 Nissan Skyline GT-R BNR32 4/24 Diecast JDM","Hot Wheels XL 2026 Nissan Skyline GT-R BNR32 4/24 Diecast Idéal pour collectionneur JDM ou amateur de skyline. Voiture en métal de couleur gris charcoal ! 12$ ferme","in stock","used_good","17 CAD","https://collectiblethang.vercel.app/product/d7ab6e38-1828-4bfb-b93f-822861f13b87","https://i.ebayimg.com/images/g/EFMAAeSwmkxqXp0f/s-l1600.jpg","The Shelf Cartel Toys","Toys & Games"
"SCT-0262","Figurine Stellar Force White Warrior Loose 3.75"" Action Figure Chap Mei 1998","Stellar Force White Warrior Loose 3.75"" Action Figure Chap Mei 1998
Je peux shipper a vos frais
Voir autres annonces","in stock","used_fair","33.99 CAD","https://collectiblethang.vercel.app/product/2b3d697e-8859-442d-b880-b9cfd2a08e23","https://i.ebayimg.com/images/g/9jMAAeSwjF1qUnoc/s-l1600.jpg","The Shelf Cartel Toys","Toys & Games"
"SCT-0263","Hot wheels masters of the universe paquet de 5 voitures die cast characters cars","Hot wheels masters of the unviverse
Boite neuve Je peux expedier partout au quebec
Voir autres annonces","in stock","used_good","11 CAD","https://collectiblethang.vercel.app/product/b9fd26b2-c476-42b9-85c3-51a7f214de2e","https://i.ebayimg.com/images/g/gVcAAeSwPu1pgAvC/s-l1600.jpg","The Shelf Cartel Toys","Toys & Games"
"SCT-0264","Hot Wheels Premium au choix voir liste de prix en description","Entre 5$ et 25$ Custom '70 Chevy Nova Liberty Walk - Aero Styles Car Culture
15$
LB Super Silhouette Nissan Silvia S15 - Aero Styles Car Culture
15$
Lexus RC F GT3 - Aero Styles Car Culture 4-5
15$
LB-Kaido Nissan R32 Skyline GT-R - Aero Styles 1-5
15$
Grand Turismo Ford GT
10$
1993 Toyota 4Runner Red - Boulevard #144
15 $
2002 Pontiac Firebird Orange - Boulevard #143
15 $
Oracle Red Bull Racing RB20 #11 - F1 2024
20$
KICK Sauber F1 Team #77 - F1 2024
20$
'16 Bugatti Chiron - #122 Real Riders
10 $
Lamborghini Gallardo LP 570-4 Superleggera - Furious 5-5
Vendu
Back to the future 3 time machine
12$
1970 Dodge Challenger R/T - Fast & Furious 2-5
15 $
Lamborghini Aventador Coupe Black - Fast & Furious 25th 5-5
15 $
Barbie Pink Car - Pop Culture
25$
HW Tour Bus Headbangers Ball - Pop Culture
10$
1993 Nissan 240SX S14 - Fast & Furious 1-5
15$
2024 Ford Mustang RTR Spec 5-FD - Circuit Legends
15 $
Nissan Skyline GT-R BCNR33 - Modern Classics 4-5
15$
'77 Toyota Celica - Japan Historics 5 3-5
15$
'64 GMC Panel - Star Wars Mandalorian 4-5
5$
Mazda 787B - Hammer Time 5-5
15 $
Aston Martin DB10 & Jaguar C-X75 2-Pack - Spectre 007 Car Culture
20$
Batmobile Classic TV Series - Hot Wheels Monster Trucks
20$ Nissan Skyline fast furious Monster Truck - HW Monster Trucks XL
15 $
Subaru WRX STI rouge Thrill climbers 12$
Aero Lift Car Team Transport w/ 2024 Ford Mustang RTR
25$
1994 Honda Del Sol - Fast & Furious 3-5
20$
1969 Ford Mustang Boss 302 - Fast & Furious 3-5
10 $
1993 Honda Civic Coupe EX EJ1 - Fast & Furious 1-5
Vendu
'88 Honda CRX - Japan Historics Car Culture
20$
Toyota GR Yaris - #146 Real Riders
15 $
'92 Jeep Wrangler Sahara - Jurassic Park
20$
Porsche 911 Carrera RS 2.7 - 4-5 Real Riders
15 $
'66 Porsche 906 Carrera 6 - Real Riders
15$ BMW M3 Green - Power Trip Car Culture
Vendu
2010 BMW - Fast & Furious
10$
Porsche 911 Carrera RS 3.8 - Fast & Furious 3-5
15 $
Lamborghini Huracan Super Trofeo Gold - Gran Turismo Pop Culture
12$
Nissan 300ZX Twin Turbo Bi-Turbo - Boulevard
12$
G.I. Joe Combat Jet Skystriker Grumman F-14 Tomcat - Pop Culture
20$
Fast Furious BLACK 2003 Honda NSX 3/5
15$
Fast Furious Lancer Evolution IX 2/5 Red
20$","in stock","used_good","18.5 CAD","https://collectiblethang.vercel.app/product/7d34e523-4865-4b79-8d7d-80977d0d5793","https://i.ebayimg.com/images/g/qf4AAeSwu-dqBmaE/s-l1600.jpg","The Shelf Cartel Toys","Toys & Games"
"SCT-0265","Figurines Vintage Motu 1981 - 1984 au choix prix sur demande","Figurine Vintage Motu prix à l’unité sur demande . Pas à donner donc Pas d’offre ridicule accepté! Skeletor He Man Two Bad Prince Adam Webstor","in stock","new","7 CAD","https://collectiblethang.vercel.app/product/d69ea7c8-ba21-44c3-a25a-fa3a05f2f7ba","https://i.ebayimg.com/images/g/tBgAAeSwXA1pYC2c/s-l1600.jpg","The Shelf Cartel Toys","Toys & Games"
"SCT-0266","Lot de 5 Figurines Collector Halo League of Legends MOTU Flavor Flav Minecraft NEUF","Superbe lot de 5 figurines/jouets neufs, scellés en boîte d’origine — parfait pour collectionneurs ou revente :
• League of Legends Darius – The Champion Collection, 1re édition
• Halo Infinite Brute Captain avec Mangler – Série 1
• McFarlane Toys Music Maniacs Hip Hop – Flavor Flav, édition limitée à 5 800 pièces
• Hot Wheels Character Cars – Masters of the Universe (figurine monstre)
• Minecraft le Film – Steve en armure de diamant avec loup, ensemble “Meilleur ami canin” Tous les articles sont neufs, jamais ouverts sauf halo je ne suis pas certain si elle a été ouverte ou non. Excellent lot varié couvrant plusieurs univers populaires (jeux vidéo, pop culture, franchises collector). Emballage soigné, expédition rapide. Un lot à ne pas manquer pour les collectionneurs pour les revendeurs, marché aux puces, brocantes 50 $ pour le lot ou 20$ chaque ! Voir autres annonces
Je peux shipper a vos frais","in stock","used_good","71.76 CAD","https://collectiblethang.vercel.app/product/18ebf346-400c-4403-9517-d45edc82b79d","https://i.ebayimg.com/images/g/~YIAAeSwctZp7n0A/s-l1600.jpg","The Shelf Cartel Toys","Toys & Games"
"SCT-0267","Lot de 5 figurines Star Wars Black Series Jakks Pacific Hasbro neuves","Lot de 5 figurines Star Wars neuf
Black Series Clone Lieutenant Galle neuf
Black Series Sandtrooper neuf
Jakks Big Fig 18 inch Rey neuf
Interatech Stormtrooper a été remballé Prix pour le lot 75$
Si pas en lot 30$ chaque les black series
20$ chaque les 3 autres","in stock","used_good","4.14 CAD","https://collectiblethang.vercel.app/product/4c230299-24fc-4a20-8091-140b4d099b3b","https://i.ebayimg.com/images/g/mxwAAeSwuldomTIK/s-l1600.jpg","The Shelf Cartel Toys","Toys & Games"
"SCT-0268","DVD Blu-Ray à CHOISIR — Coffrets Séries TV, Films envoie possible","Grande sélection de DVD et coffrets à l’unité : séries télé complètes, films cultes, éditions rares en français et anglais. A partir de 2$ Séries télé complètes : Stargate SG-1 (saisons 1 et 2 non vendu separement), Prison Break saison 3, Game of Thrones saison 2, One Tree Hill (Les Frères Scott) saisons 2 à 5, 8 et 9, Six Feet Under saison 4 scellé, Buffy contre les vampires saison 3 scellé, Roswell saison 2 scellé, The O.C. saison 3 Dramas coréens rares : Coffee Prince, King of Baking Kim Tak Gu Films et classiques : Le Seigneur des Anneaux — Les Deux Tours (scellé), Fast & Furious collection 1-4, 48 Hrs (deux pochettes différentes), Good Luck Chuck, Le Monde de Nemo édition collector Blu-ray, Stone Blu-ray (Robert De Niro), The Tourist Blu-ray (Angelina Jolie, Johnny Depp), Astérix et Obélix : Mission Cléopâtre, Rogue, Fissures, L’Aventure de Barney le dinosaure, Pokémon 4Ever Animation : Bakugan Battle Brawlers volumes 1 et 2 Format DVD (Blu-ray où noté). Envoi combiné disponible partout au quebec au frais de l’acheteur!","in stock","used_good","2.00 CAD","","https://scontent.fyhu2-1.fna.fbcdn.net/v/t45.5328-4/762609735_1591825659218708_8358947534933518112_n.jpg?stp=c0.42.261.261a_dst-jpg_p261x260_tt6&_nc_cat=110&ccb=1-7&_nc_sid=247b10&_nc_ohc=tEe6Ujb_Q8AQ7kNvwHRMUHy&_nc_oc=AdpZKnDLepYCxSbsH9T6uNxlhH0AEWWniMVmzeo3fwKGo0vkhZsOgtgyT-SzRQKeW4WArjX28NVdq3A-QWNfdhcF&_nc_zt=23&_nc_ht=scontent.fyhu2-1.fna&_nc_gid=6kjEfaCRYTlf6teXrpZwBw&_nc_ss=7b2a8&oh=00_AQJcKcpxBCqSoTE8ihY_V9tPhxg7pLlE8weM0qrWcqi3Tw&oe=6ABC3AAD","The Shelf Cartel Toys","Media > Books, Movies, Music"
"SCT-0269","Lot de VHS au choix ou prix pour le lot","CASSETTES VHS À CHOISIR — Films Cultes, Classiques, Action, Envoi Combiné A PARTIR DE 2$ chacun Certains sont neuf la plupart sont ouvert. Je peux livrer pour 20$ et plus si c’est près de chez moi! Environ 1000 autres qui ne sont pas sur cette photo! Anglais , francais , tres vintage moins vintage… voir autres annonces Cassettes VHS authentiques et vintage à l’unité : action, science-fiction, classiques hollywoodiens, thrillers. Sélectionnez le titre exact voulu dans le menu déroulant. Action et science-fiction : Terminator, Terminator 2, Predator, Commando, X2 X-Men Unis, Blade, Daredevil, Spider-Man 1 et 2, Hulk, Hellboy, Dracula de Bram Stoker, Godzilla, Alien Resurrection, La Planète des Singes, Star Wars (Édition Spéciale Grand Écran), L’Empire Contre-Attaque, Le Retour du Jedi, La Menace Fantôme, 2 Fast 2 Furious, Lara Croft Tomb Raider, Marche ou Crève : Vengeance Définitive, Total Recall 2070, Deep Blue Sea (Terreur Sous la Mer) Classiques et primés : Casablanca, Ben-Hur (coffret 2 cassettes), The Great Escape, Titanic (coffret 2 cassettes), The Manchurian Candidate, Eagle’s Wing (L’Étalon Ailé), The Invisible Man, Sabrina, Angels with Dirty Faces, The Crying Game, A Perfect World, Rocky III, Elvis: Wild in the Country Thrillers et horreur : Hannibal, GoldenEye 007, Dr. No, Freddy contre Jason, Black Rain, Le Jaguar, House, Ding Dong You’re Dead, The Omen, Mortal Kombat: Annihilation, In Dreams Drame et culture pop : 13 Going on 30, Dirty Dancing (version française), Place Vendôme, Alice et Martin, Betty Fisher et autres histoires, Northfork (neuf scellé), Hearts of Darkness, Stand & Deliver, Top Gun, A Bridge Too Far, Jurassic Park (Le Park Jurassique), Batman Returns (Le Retour de Batman), Conspiracy, Slap Shot, Romancing the Stone, Die Hard: With a Vengeance Cassettes NTSC, région 1 sauf indication contraire. Envoi combiné disponible. Peux shipper a vos frais Shipping combiné","in stock","used_good","2.00 CAD","","https://scontent.fyhu2-1.fna.fbcdn.net/v/t45.5328-4/761798976_1021857730641840_2877268920304758249_n.jpg?stp=c0.23.261.261a_dst-jpg_p261x260_tt6&_nc_cat=111&ccb=1-7&_nc_sid=247b10&_nc_ohc=Kcf5_HPWIRAQ7kNvwHnBeob&_nc_oc=AdrNNLVJKd5lImIOxgnA9Eq9P8aeTDOYEQW5pFornVyMDdeayhrXqX6Rc7c3dxNbj1RVP7y7sVGdBS7KNnPPO8n7&_nc_zt=23&_nc_ht=scontent.fyhu2-1.fna&_nc_gid=6kjEfaCRYTlf6teXrpZwBw&_nc_ss=7b2a8&oh=00_AQLOKw0oNHJCYxNN6ll2dWvdhFHBvpBhnUnm7Diz2yRTsA&oe=6ABC42EC","The Shelf Cartel Toys","Media > Books, Movies, Music"
"SCT-0270","Tesla Levitating Cybertruck neuf dans le plastique","Levitating Cybertruck de marque Tesla -
Neuf Boite scellé dans le plastique. Photos sont à titre indicatifs sauf la dernière de l’emballage scellé. Je ne repond pas à cet article est il disponible !","in stock","used_good","360 CAD","https://collectiblethang.vercel.app/product/75b4139a-1ce9-445f-ab36-f8e56f260f0a","https://i.ebayimg.com/images/g/dGQAAeSwCy1p-fIc/s-l1600.jpg","The Shelf Cartel Toys","Electronics"
"SCT-0271","The Lord of the Rings - DVD Le Seigneur des anneaux - multi langues neuf scellés.","Neuf scellé lord of the ring dvd voir autres annonces 📣","in stock","used_good","2 CAD","https://collectiblethang.vercel.app/product/dd5395e0-67a5-459b-bd8f-be3259cdd862","https://i.ebayimg.com/images/g/BVMAAeSwN~dqRXcb/s-l1600.jpg","The Shelf Cartel Toys","Media > Books, Movies, Music"
"SCT-0272","Lot d’Outils Vintage – Scie à Main, Tournevis, Aiguille de Maroquinier et Couteau à Manche Bois En","Lot d’Outils Vintage – Scie à Main, Tournevis, Aiguille de Maroquinier et Couteau à Manche Bois – Ensemble Rustique Je suis ouvert aux offres!!! Voir autres annonces pour plus d’outils antiques","in stock","new","60.00 CAD","","https://scontent.fymq3-1.fna.fbcdn.net/v/t45.5328-4/760541315_1343160381322518_1687391406928040753_n.jpg?stp=c43.0.260.260a_dst-jpg_p261x260_tt6&_nc_cat=102&ccb=1-7&_nc_sid=247b10&_nc_ohc=wsVtshAovx8Q7kNvwGuuSZ9&_nc_oc=Ado-UTc66Qaj_HZAuoWGR9kShKpVzEqIT_KPRtXJkU6BmicLEfIx-zLfbU4R-KYobATycjRPSCwhjpDHXcEyY-W1&_nc_zt=23&_nc_ht=scontent.fymq3-1.fna&_nc_gid=RalcWNju1FjYiTBeu6WZFg&_nc_ss=7b2a8&oh=00_AQK1c78x9l2pg3muCwnLTSDlsLaLzYV_9w-RU9Gx1lafog&oe=6ABC5A5A","The Shelf Cartel Toys","Collectibles"
"SCT-0273","Schleich Dragon Vert 70033 – Retiré 2003 – Figurine Collectionneur Excellent État","Rare figurine dragon vert Schleich modèle 70033, fabriquée en 2003 et maintenant retirée de la production — très recherchée par les collectionneurs !
🐉 Modèle : Schleich Green Dragon #70033
📅 Année : 2003
✅ État : Excellent — aucune cassure, couleurs vives
📦 Sans boîte originale
🎨 Détails peints à la main, qualité Schleich
Pièce rare pour collectionneurs, fans de fantasy, ou cadeau unique pour amateur de dragons.","in stock","used_good","22 CAD","https://collectiblethang.vercel.app/product/723477fe-ebc7-4178-9e61-515bad1c3d14","https://i.ebayimg.com/images/g/b9EAAeSwQdhp83xU/s-l1600.jpg","The Shelf Cartel Toys","Home & Garden"
"SCT-0274","Maisto 1:24 Porsche 911 GT2 RS jaune - neuf","Maisto porsche 911 jaune GT2 RS Voiture metal diecast grandeur 1:24 échelle Etat neuf : jamais ouvert
Idéal pour amateur de voiture ou collectionneur","in stock","used_good","20 CAD","https://collectiblethang.vercel.app/product/ae6181f5-f249-499e-8c8b-ef6bdfd859a5","https://i.ebayimg.com/images/g/5lIAAeSw0F5p6ASH/s-l1600.jpg","The Shelf Cartel Toys","Toys & Games"
"SCT-0275","American Eagles Outfitters Pantalon Jeans pour Femme Olive Distressed super stretch size 6","Voir autres annonces jean pour femmes american eagles outfitters","in stock","used_good","15.00 CAD","","https://scontent.fymq3-1.fna.fbcdn.net/v/t45.5328-4/763206183_885451740914692_7781081945589911609_n.jpg?stp=c0.43.261.261a_dst-jpg_p261x260_tt6&_nc_cat=103&ccb=1-7&_nc_sid=247b10&_nc_ohc=9Wlr3_B2LGsQ7kNvwFOC0Bx&_nc_oc=Adovpxn7mydGG1UXy5C1I0nHCcxF0NoUDbUQ8qcdoUpPK6jq8SudfDBkVgUiHK_NlTePUXHEFwX8MovMerfKkBHa&_nc_zt=23&_nc_ht=scontent.fymq3-1.fna&_nc_gid=RalcWNju1FjYiTBeu6WZFg&_nc_ss=7b2a8&oh=00_AQI8XEu0WdOgmzIPNrweuEegdPT0VshEKKfq5gg26aLgfQ&oe=6ABC23C3","The Shelf Cartel Toys","Apparel & Accessories > Women's Clothing"
"SCT-0276","Hot Wheels Batman Multi pack 5 de 5 voitures diecast (HLY68)","Hot Wheels Batman Multi pack 5 de 5 voitures diecast (HLY68) Muscle Bound TV SERIES BATMOBILE","in stock","used_good","19.95 CAD","https://collectiblethang.vercel.app/product/abe4e038-a82c-4695-918b-670b78a02cb1","https://i.ebayimg.com/images/g/XDAAAOSwvuRni9we/s-l1600.jpg","The Shelf Cartel Toys","Toys & Games"
"SCT-0277","Vintage Budweiser Mini haut parleur (auxiliaire) non bluetooth","Vintage Budweiser Mini Haut-Parleur en forme d’amplificateur. Connexion AUX prise jack uniquement, non Bluetooth. Idéal pour les collectionneurs de memorabilia Budweiser et les amateurs de décoration bar et man cave. Fonctionne avec n’importe quel appareil équipé d’une sortie AUX jack 3.5mm. Design compact et portable. Pièce de collection unique pour tout fan de la marque Budweiser. #Budweiser #Bière #Collectionneur #Breweriana #ManCave #BarDecor #MiniHautParleur #Amplificateur #AUX #JackAudio #VintageBudweiser #DecoBiere #CadeauBiere #Memorabilia #CollectionBiere #BudweiserVintage #HautParleurPortable #DecoBar #AmericanBeer #BudweiserCollectible #PubDecor #BiereMemorabilia #RetroAudio #CadeauOriginal #CollectionVintage #AnheuserBusch #BudweiserMerchandise #DecoMaisonBiere #FanBiere #UniqueCollectible","in stock","used_good","10.99 CAD","https://collectiblethang.vercel.app/product/32c358ec-937f-4253-b0b7-f16a12b33fb0","https://i.ebayimg.com/images/g/4RwAAeSwpB1qC3hZ/s-l1600.jpg","The Shelf Cartel Toys","Electronics"
"SCT-0278","Jurassic World Rebith Joet Coffret Véhicule de Combat NEUF","Jurassic World Rebirth – Launch N Battle Vehicle Set avec 1 Figurine et 1 Raptor – Neuf Ajoutez une pièce excitante à votre collection avec ce set Jurassic World Rebirth Launch N Battle Vehicle. Inspiré de l’univers Jurassic World, ce coffret comprend un véhicule de combat avec fonction de lancement ainsi qu’une figurine humaine et un raptor pour recréer des scènes d’action dynamiques. Caractéristiques : * Franchise : Jurassic World Rebirth
* Type : Launch N Battle Vehicle Set
* Inclus : 1 véhicule + 1 figurine + 1 raptor
* Fonction de lancement / combat intégrée
* Idéal pour jeu ou collection
* Inspiré de l’univers Jurassic World / dinosaures État :
Article neuf. Veuillez consulter les photos pour voir exactement ce qui est inclus. Mots-clés SEO :
Jurassic World Rebirth, Launch N Battle, Jurassic World toy, raptor dinosaur figure, dinosaur vehicle set, jouet Jurassic World, figurine dinosaure, set véhicule dinosaure, Jurassic World collection.","in stock","used_good","29 CAD","https://collectiblethang.vercel.app/product/f659855d-e87f-4b8f-a9d1-d6c13f87f1b1","https://i.ebayimg.com/images/g/igEAAeSw~J9pi9p7/s-l1600.jpg","The Shelf Cartel Toys","Toys & Games"
"SCT-0279","T Shirt Jelly Roll Beautifully Broken tour musique Country Neuf - grandeur Medium","T Shirt Jelly Roll Beautifully Broken tour musique Country Neuf - disponible en grandeur Medium voir autres annonces ! Ideal pour amateur de Country Music . Homme ou femme","in stock","used_good","27.29 CAD","https://collectiblethang.vercel.app/product/8529c0ae-aa8f-4b5b-a0e4-e9b4fdf5b5c3","https://i.ebayimg.com/images/g/EsoAAeSwGwtpzbWx/s-l1600.jpg","The Shelf Cartel Toys","Apparel & Accessories > Women's Clothing"
"SCT-0280","2025 Hot wheels nissan skyline GT-R (BCNR33)","2025 Hot wheels nissan skyline GT-R (BCNR33)
Je peux shipper a vos frais
Voir autres annonces","in stock","used_good","2.99 CAD","https://collectiblethang.vercel.app/product/bc1731e2-fe89-4697-a010-21431bc1a803","https://i.ebayimg.com/images/g/BFQAAeSwILhp6ljW/s-l1600.jpg","The Shelf Cartel Toys","Toys & Games"
"SCT-0281","Figurines Star Wars au choix – Prix dégressif Plus tu en prends, moins c’est cher ! Bien Lire.","* 1 → 20$ (20$ / unité)
* 2 → 35$ (17.50$ / unité)
* 3 → 45$ (15$ / unité)
* 4 → 52$ (13$ / unité)
* 5 → 58$ (11.60$ / unité)
* 6 → 63$ (10.50$ / unité)
* 7 → 67$ (9.57$ / unité) Figurines star wars au choix aller voir mes autres annonces pour plus de star wars !","in stock","used_good","53 CAD","https://collectiblethang.vercel.app/product/de8e8a1d-982f-43c2-8d2b-f852205dfd17","https://i.ebayimg.com/images/g/GIwAAeSwrYpo~30Z/s-l1600.jpg","The Shelf Cartel Toys","Toys & Games"
"SCT-0282","Figurine Vintage Yu-Gi-Oh Kazuki Takahashi Battle Ox 6"" Mattel 1996 Rare","Figurine Vintage Yu-Gi-Oh Kazuki Takahashi Battle Ox Action Figure 6"" Mattel 1996 Rare
Voir autres annonces je peux shipper a vos frais","in stock","used_good","25.65 CAD","https://collectiblethang.vercel.app/product/75d7d5ab-5889-44a1-8513-833135d4c5ff","https://i.ebayimg.com/images/g/W30AAeSwF69pDk~A/s-l1600.jpg","The Shelf Cartel Toys","Toys & Games"
"SCT-0283","R2-D2TM Astromech Droid Interactif Robot Star Wars 15” avec Lumières et Sons de collection","Tenez entre vos mains un astromech R2 de dernière génération. Fraîchement programmé dans notre usine ultramoderne, ce droïde est prêt à exécuter vos commandes, jouer à des jeux, vous suivre et vous assister dans vos missions Jedi. Même s’il peut être têtu parfois, ce droïde abordable peut être confié en toute confiance comme votre fidèle compagnon et ami. Caractéristiques : • Hauteur : 15” • Faisceau lumineux illuminant • Capteurs de localisation infrarouges • Indicateur d’humeur adaptable du droïde • Dôme rotatif élégant • Système de contrôle vocal • Micros de traitement sonore • Chenilles motorisées pour intérieur • Maîtrise complète de l’alimentation Fonctionnalités : • Roule, tourne, “danse” et joue de la musique ! • Comprend un faisceau lumineux, un bras utilitaire extensible et des fonctions “secrètes” ! • Réagit à vos commandes ! • “Se souvient” et réagit aux célèbres personnages Star Wars ! • Protège votre chambre ! • Peut jouer à plusieurs jeux ! • Peut vous trouver et vous suivre ! • Porte-boissons et bras manipulateur inclus ! • Zone cargo avec gravité simulée","in stock","used_good","409 CAD","https://collectiblethang.vercel.app/product/e039edda-505a-485f-9296-ee23392193ab","https://i.ebayimg.com/images/g/pA8AAeSwYhhpwErH/s-l1600.jpg","The Shelf Cartel Toys","Toys & Games"
"SCT-0284","The sound of Music VHS CBS Fox - Parmis les VHS avec la plus grande valeur","The sound of Music VHS CBS Fox - Parmis les films VHS avec la plus grande valeur aujourd’hui . Voir autres annonces
Je peux shipper a vos frais","in stock","used_fair","26.25 CAD","https://collectiblethang.vercel.app/product/c2ed75f9-1fb4-4629-889f-e064062fe5f9","https://i.ebayimg.com/images/g/qEEAAeSwDrNpGPdO/s-l1600.jpg","The Shelf Cartel Toys","Media > Books, Movies, Music"
"SCT-0285","Hot Wheels Silver series Vintage Club 1968 ‘65 Ford Mustang 2+2 fastback jaune","C'est une belle voiture ! Le '65 Ford Mustang 2+2 fastback est un modèle emblématique de la marque Ford. La série Vintage Club de Hot Wheels est également très populaire auprès des collectionneurs. Le jaune est une couleur qui convient parfaitement à ce modèle, n'est-ce pas ?","in stock","used_good","9.5 CAD","https://collectiblethang.vercel.app/product/baefb98e-2df6-4acb-a4a2-0033317c4576","https://i.ebayimg.com/images/g/cAUAAeSw--9p5~sL/s-l1600.jpg","The Shelf Cartel Toys","Toys & Games"
"SCT-0286","Figurine vintage Power Rangers 1995 – Megazord Leader Shine – Rare collection","Objet de collection rare, provenant de l’époque classique des Power Rangers. Idéal pour les fans de la série ou les collectionneurs de figurines vintage. ✔ Année : 1995
✔ Série : Bandai Power Rangers
✔ Personnage : Megazord (Leader Shine)
✔ Type : Figurine / collection ⚠️ Article vintage pouvant présenter des traces normales d’usure dues à l’âge. Parfait pour collection, exposition ou nostalgie des années 90.","in stock","new","11.9 CAD","https://collectiblethang.vercel.app/product/03df7bdc-516f-4670-9c22-73c5a5ebfa6a","https://i.ebayimg.com/images/g/xRAAAeSwCB9p87tT/s-l1600.jpg","The Shelf Cartel Toys","Toys & Games"
"SCT-0287","Lot de 20 figurines d’action vintage mixer TMNT Power Rangers Marvel DC G.I Joe Jurassic Park etc","Vintage , Lot de 20 figurines d’action de diverse franchise comprennant TMNT Power Rangers Marvel DC G.I Joe Jurassic Park etc de année environ 1980 à 2020. Personnages Snake eyes Donatello power rangers, captain america venom batman bane etc","in stock","used_good","18.2 CAD","https://collectiblethang.vercel.app/product/b3b0b9cc-0967-4368-8798-427ed63eadc5","https://i.ebayimg.com/images/g/8HcAAeSwhIJp7pW6/s-l1600.jpg","The Shelf Cartel Toys","Toys & Games"
"SCT-0288","Ty Teenie Beanie Boo TUSK McDonald’s 2017 Peluche Neuve Scellée Rare","Ty Teenie Beanie Boo “TUSK” – McDonald’s 2017 Peluche de collection issue de la série Teenie Beanie Boo distribuée chez McDonald’s en 2017. ✔️ Neuve et scellée dans son emballage d’origine
✔️ Modèle : TUSK
✔️ Format environ 3 pouces
✔️ Très belle pièce pour collectionneur Ty ou souvenirs McDonald’s 📌 État : neuf (jamais ouvert)
📦 Envoi rapide et bien protégé Idéal pour collection * Ty
* Teenie Beanie Boo
* TUSK
* McDonald’s
* 2017
* Peluche
* Figurine McDo
* Jouet collection
* Beanie Boo
* Ty collection
* Peluche Ty
* Jouet vintage McDonald’s
* Happy Meal
* Jouet rare
* Mini peluche
* Collection Ty
By in","in stock","used_good","12.5 CAD","https://collectiblethang.vercel.app/product/428c3eb9-fe9a-47c6-bc87-0534b5db62ff","https://i.ebayimg.com/images/g/65EAAeSwhIJp7pA0/s-l1600.jpg","The Shelf Cartel Toys","Toys & Games"
"SCT-0289","Figurine vintage ghostbusters Kenner 1989 Egon Spengler Super Fright","Figurine vintage Voir autres annonces
Belle Figurine vintage pour les nostalgiques ou collectionneur de la serie ghostbusters fait par Kenner en 1989 Egon Spengler Super Fright","in stock","used_good","4.14 CAD","https://collectiblethang.vercel.app/product/ebd188e4-0a22-4730-8483-fdcb38eb2062","https://i.ebayimg.com/images/g/vG8AAeSwp8JoYFJg/s-l1600.jpg","The Shelf Cartel Toys","Toys & Games"
"SCT-0290","Hot Wheels Premium Car Culture Porsche Carrera rs 2.7 - Jaune Diecast","Hot Wheels Premium Porsche Carrera RS 2.7 jaune die cast 1:64 de la serie car culture
Voir autres annonces
Je peux shipper a vos frais","in stock","used_good","11 CAD","https://collectiblethang.vercel.app/product/0cb7d21f-0f86-4f1d-81da-73cae5a6c074","https://i.ebayimg.com/images/g/4CYAAeSwL8lqgJbV/s-l1600.jpg","The Shelf Cartel Toys","Toys & Games"
"SCT-0291","Veste American Eagles Medium Homme","Jacket / coupe vent AE Il manque le cordon dans la capuche sinon la veste est en bonne condition. Un cordon c’est 1$ de là le bas prix
Allez voir mes autres annonces","in stock","new","10.00 CAD","","https://scontent.fymq2-1.fna.fbcdn.net/v/t45.5328-4/760286383_3471069626397281_6378422348447619757_n.jpg?stp=c0.152.261.261a_dst-jpg_p261x260_tt6&_nc_cat=104&ccb=1-7&_nc_sid=247b10&_nc_ohc=ZYErus2mdhoQ7kNvwGGX2F5&_nc_oc=AdpU83zELsazx5n1TerJIdVaeTrZ2CyuPK8BkHTXYzGcF9_vwWk2mLVOoLlhcwF2T61_sURv8Zk84fPyH9Pxwc6D&_nc_zt=23&_nc_ht=scontent.fymq2-1.fna&_nc_gid=1Yx6fzbcvfxbmynmj6pfHA&_nc_ss=7b2a8&oh=00_AQJSIQf6j5CPRaUOZfY0Swyhi3OEpAzsaNemUvw9mKm0Ow&oe=6ABC2390","The Shelf Cartel Toys","Apparel & Accessories > Men's Clothing"
"SCT-0292","Black & Decker Heat N Strip – Décapeur Thermique Vintage Modèle 5790-04 Avec Boîte et Livret - works","Il fonctionne comme un neuf ouvert aux offres raisonnables . Pour collectionneur d’outils vintage ou pour utilisation standard… Voir autres annonces pour plus d’outils vintage
Je peux shipper a vos frais","in stock","used_good","15 CAD","https://collectiblethang.vercel.app/product/fc333d9e-67ce-4fc4-956c-88d29ca526e4","https://i.ebayimg.com/images/g/4xkAAeSwxhdqY~nT/s-l1600.jpg","The Shelf Cartel Toys","Hardware > Tools"
"SCT-0293","Funko Pop! Bleach #1104 Fully-Hollowfied Ichigo FUNKO EXCLUSIVE.","Figurine ANimation de marque Funko Pop! Bleach #1104 Fully-Hollowfied Ichigo FUNKO EXCLUSIVE. Figurine je peux shipper a vos frais","in stock","used_good","23 CAD","https://collectiblethang.vercel.app/product/69a5fe0f-4da1-45c0-8741-6d6aafe6032c","https://i.ebayimg.com/images/g/wikAAeSwI6FppOuz/s-l1600.jpg","The Shelf Cartel Toys","Toys & Games"
"SCT-0294","Figurine Star Wars Vintage Collection VC44 Luke Skywalker Dagobah Landing Clear Saber 2011","Figurine Star Wars Vintage Collection VC44 Luke Skywalker Dagobah Landing Clear Saber 2011 Voir autres annonces je peux shipper a vos frais","in stock","used_good","159 CAD","https://collectiblethang.vercel.app/product/d3bf79f0-d246-4159-a436-4d250772b393","https://i.ebayimg.com/images/g/UQQAAeSwtLJpCUnZ/s-l1600.jpg","The Shelf Cartel Toys","Toys & Games"
"SCT-0295","Lot jouets figurines McDonald’s Happy Meal vintage – Joyeux Festin toys collection","Lots de jouets vintage Mcdo toys.
Happy meal joyeux festin Hello Kitty Flintstones Yogi Bear Looney Tunes etc.","in stock","used_good","12 CAD","https://collectiblethang.vercel.app/product/bca36883-f800-4637-81da-2ba4133fb927","https://i.ebayimg.com/images/g/En4AAeSwbkZpDp0u/s-l1600.jpg","The Shelf Cartel Toys","Toys & Games"
"SCT-0296","Star Wars Obi-Wan Kenobi Jedi Starfighter Hasbro 2009 avec droïd intégré *SANS WINDSHIELD*","Vaisseaux star fighter Star wars
hashro 2009
Le vaisseau d’obi-wan Voir aussi autres annonces
Je peux shipper a vos frais","in stock","new","52.25 CAD","https://collectiblethang.vercel.app/product/6340fecd-e33b-496d-87ab-92886d409d02","https://i.ebayimg.com/images/g/~40AAeSwItloetS7/s-l1600.jpg","The Shelf Cartel Toys","Toys & Games"
"SCT-0297","Lot de Figurines jouet de la franchise FORTNITE , par epic games Hasbro","Lot de figurines d’action inspirées de l’univers Fortnite et personnages similaires. Comprend plusieurs styles : astronaute, soldat, guerrier viking, personnage requin et autres skins variés. Idéal pour collectionneurs, enfants ou amateurs de jeux vidéo. Les figurines sont en bon état général avec signes d’usure normaux (voir photos pour détails).","in stock","new","41 CAD","https://collectiblethang.vercel.app/product/a41d2687-c6f6-498b-b5a9-de03709f5b77","https://i.ebayimg.com/images/g/SZgAAeSwjC9oAAvW/s-l1600.jpg","The Shelf Cartel Toys","Toys & Games"
"SCT-0298","Hot wheels character cars - Jaws 2022","Hot wheels jaws characters cars jaws 2022","in stock","used_good","23.1 CAD","https://collectiblethang.vercel.app/product/a088e52f-f715-4ea4-abe5-2f8f487589d0","https://i.ebayimg.com/images/g/NB8AAeSw9fxo0Y9F/s-l1600.jpg","The Shelf Cartel Toys","Toys & Games"
"SCT-0299","Coton ouaté Hoodie Calvin Klein Jeans Medium","Coton ouaté Calvin Klein Jeans grandeur medium. Homme . Voir mes autres annonces","in stock","used_good","20 CAD","https://collectiblethang.vercel.app/product/0406b20e-f562-408b-bd49-902c1b1a13ae","https://i.ebayimg.com/images/g/uVMAAeSwRNxo~rEu/s-l1600.jpg","The Shelf Cartel Toys","Apparel & Accessories > Men's Clothing"
"SCT-0300","2025 Matchbox Scania P 360 Fire Truck 1/64 scale Toy Vehicle Mattel NEW","Camion de pompier 2025 Matchbox Scania P 360 Fire Truck 1/64 scale Toy Vehicle Mattel NEW voir autres annonces","in stock","used_good","9.79 CAD","https://collectiblethang.vercel.app/product/0df81f3a-bdd1-4bdc-8a63-508255b862eb","https://i.ebayimg.com/images/g/URsAAeSwPXZpWGiU/s-l1600.jpg","The Shelf Cartel Toys","Toys & Games"
"SCT-0301","Matchbox collector 1980 Volkswagen Golf country diecast","Matchbox collector 1980 Volkswagen Golf country diecast Voir autres annonces
Je peux shipper a vos frais","in stock","used_good","9.79 CAD","https://collectiblethang.vercel.app/product/0df81f3a-bdd1-4bdc-8a63-508255b862eb","https://i.ebayimg.com/images/g/URsAAeSwPXZpWGiU/s-l1600.jpg","The Shelf Cartel Toys","Toys & Games"
"SCT-0302","2026 Hot Wheels Premium Car Culture Team Transport Toyota GR Supra & Fleet Street #86 Neuf Scellé","Hot Wheels Premium 2026 Team Transport #86 — ‘20 Toyota GR Supra avec camion transporteur Fleet Street. Set collector neuf et scellé en boîte d’origine. Carrosserie et châssis entièrement en métal (Metal/Metal), pneus Real Riders en caoutchouc, échelle 1:64. Idéal pour les collectionneurs de voitures miniatures, amateurs de JDM et fans de Toyota GR Supra. Compatible avec la gamme Car Culture Hot Wheels. Mots-clés : Hot Wheels Premium, Team Transport, Toyota GR Supra 2020, Fleet Street, #86, 1:64, diecast, Real Riders, métal, collection, voiture miniature, Car Culture, 2026, neuf, scellé, cadeau collectionneur.","in stock","used_good","28.99 CAD","https://collectiblethang.vercel.app/product/f2d173e2-cde9-4069-b4cd-cc7050f5a52c","https://i.ebayimg.com/images/g/W7oAAeSwAyNqCx~Z/s-l1600.jpg","The Shelf Cartel Toys","Toys & Games"
"SCT-0303","VHS films au choix – collection +500 titres – anglais français – 2$ chacun – voir photos","Je peux livrer a partir de 10 films et plus secteur trois rivieres. Voir autres annonces pour films plus anciens ou version anglaises.","in stock","used_good","14 CAD","https://collectiblethang.vercel.app/product/c3f0162e-4ff7-4ec1-bfbc-a261f8a5c0d7","https://i.ebayimg.com/images/g/HQoAAeSweUZqFkpb/s-l1600.jpg","The Shelf Cartel Toys","Media > Books, Movies, Music"
"SCT-0304","Lot de 42 films VHS vintage en anglais (verifier toutes les photos)","Lot de 42 films original VHS anglais original tous complet avec le boitier en bon état général! Voir photos 22 vintages 20 moins vintages","in stock","used_good","35.00 CAD","","https://scontent.fymq3-1.fna.fbcdn.net/v/t45.5328-4/762905398_1723035335419294_625993323313486246_n.jpg?stp=c63.0.260.260a_dst-jpg_p261x260_tt6&_nc_cat=102&ccb=1-7&_nc_sid=247b10&_nc_ohc=hT83iaaVMbwQ7kNvwGD7-Q_&_nc_oc=AdrBsabVAkxIDsSWGHmkIx5WYW-PJVpKSqZkhXoOSxszR4WrhmwhV9gQhKv4_vd6U85l7cJ5foOOC4jUBL9eYmZ_&_nc_zt=23&_nc_ht=scontent.fymq3-1.fna&_nc_gid=yY7C6r-Xhb4ZUqJ1w3dngw&_nc_ss=7b2a8&oh=00_AQIdwAlBVNDIZ6RAFmlA2MG-dQnDGLFe41i13l3bZAy6cw&oe=6ABC3E26","The Shelf Cartel Toys","Media > Books, Movies, Music"
"SCT-0305","Sony Playstation - Horizon Forbidden West Aloy Figurine 6 Pouces","Figurine officielle de Aloy, héroïne du jeu Horizon Forbidden West sur PlayStation. * Personnage : Aloy
* Licence : Sony / PlayStation
* Univers : Horizon Forbidden West
* État : Neuve
* Matériau : PVC (figurine de collection) Parfaite pour les fans de PlayStation et de la série Horizon. Idéale pour collection ou décoration. 📣 Voir mes autres annonces pour plus de figurines et jeux ! ⸻ Mots-clés (SEO) :
Aloy, Horizon Forbidden West, PlayStation, Sony, figurine, jeu vidéo, gaming, neuf, collectible, personnage, PS4, PS5, décoration, fan Horizon","in stock","used_good","19.58 CAD","https://collectiblethang.vercel.app/product/fe37d599-f711-4162-a7dd-5f128724f90b","https://i.ebayimg.com/images/g/jxEAAeSwUGdoZ8F5/s-l1600.jpg","The Shelf Cartel Toys","Toys & Games"
"SCT-0306","Figurine Megatron Transformers YOLOPARK AMK Series 7.87"" Transformers G1 Action Figure","YOLOPARK Megatron Transformer AMK Series 7.87"" Transformers G1 Action Figures
Voir autres annonces optimus prime de la même compagnie yokopark aussi disponible au meme prix ou deux pour 60$","in stock","used_good","30 CAD","https://collectiblethang.vercel.app/product/6e9fbd8f-63f0-49f0-82c3-693464226c71","https://i.ebayimg.com/images/g/PHsAAeSww8FpqL4K/s-l1600.jpg","The Shelf Cartel Toys","Toys & Games"
"SCT-0307","Hot Wheels Color Shifters Nissan Skyline GT-R R32 BHR15 1:64","Hot Wheels Color Shifters – Nissan Skyline GT-R R32 (BHR15) – 1:64 Voiture miniature Hot Wheels de la série Color Shifters représentant la célèbre Nissan Skyline GT-R R32. Ce modèle change de couleur lorsqu’il est exposé à l’eau chaude et froide, offrant un effet amusant et unique. ✔️ Échelle : 1:64
✔️ Modèle : Nissan Skyline GT-R R32
✔️ Série : Color Shifters
✔️ Référence : BHR15
✔️ Neuf sur carte (scellé) 🚗 Idéal pour collectionneurs Hot Wheels ou amateurs de voitures JDM.
💡 Modèle recherché en raison de la popularité de la Skyline.","in stock","used_good","25 CAD","https://collectiblethang.vercel.app/product/043edd50-819d-4f25-acb4-84a1e953f24c","https://i.ebayimg.com/images/g/sxgAAeSwRohp5~UT/s-l1600.jpg","The Shelf Cartel Toys","Toys & Games"
"SCT-0308","Mario Bros Mini Figurines 2,5 pouces Luigi et Toad Jakks Pacific - Neuves","Figurine super nintendo a vendre les 2 pour 15$","in stock","used_good","10.99 CAD","https://collectiblethang.vercel.app/product/be33c935-1201-4cb3-9aee-2850d4499acd","https://i.ebayimg.com/images/g/x0MAAeSwjCJp7p-O/s-l1600.jpg","The Shelf Cartel Toys","Toys & Games"
"SCT-0309","Lot de 2 Batmobile Batman 1989 Vintage – Toy Biz 7 pouces – Michael Keaton","Lot de 2 véhicules Batmobile vintage inspirés du film Batman 1989 avec Michael Keaton. Produits par Toy Biz, ces voitures de 7 pouces sont des pièces de collection idéales pour les fans de DC Comics et de Batman classique. 🔥 Détails : * Franchise : Batman (1989 film)
* Personnage : Michael Keaton Batman
* Véhicules : 2 Batmobiles
* Taille : 7” chacune (environ 18 cm)
* Fabricant : Toy Biz
* Type : Véhicules de collection / jouets vintage
* État : usagé / vintage 💥 Parfait pour : * Collection Batman / DC Comics
* Fans Michael Keaton
* Collection Toy Biz vintage
* Display / vitrine / diorama
* Collectionneurs de Batmobile Batman 1989, Batmobile lot, Toy Biz Batman car, Michael Keaton Batman collectible, DC Comics vintage toy, 7 inch Batmobile, movie memorabilia Batman","in stock","new","23.8 CAD","https://collectiblethang.vercel.app/product/980122b8-75cc-468c-ac89-14ee16f4b0a2","https://i.ebayimg.com/images/g/1CoAAeSwLUpp9jDR/s-l1600.jpg","The Shelf Cartel Toys","Toys & Games"
"SCT-0310","Ensemble de 2 Figurines Star Wars Anakin Skywalker to Darth Vader & Interactech Stormtrooper","Deux belles figurines Star Wars de 2016 et 2013 Anakin qui se transforme en Darth Vader avec son et lumière et le Interactech Imperial Stormtrooper avec effets sonores.
Avec boites d’origine et tous les accessoires .
35 le anakin
15 pour l’autre","in stock","used_good","40 CAD","https://collectiblethang.vercel.app/product/e7e57b43-884c-40e0-992b-613c04edcaa9","https://i.ebayimg.com/images/g/9CkAAeSwKnpp3TYx/s-l1600.jpg","The Shelf Cartel Toys","Toys & Games"
"SCT-0311","2 figurines Mega Bloks Dragons 9898 Krystal Wars Gore Swamp Beast & Murk Dragon","Lot de 2 figurines Mega Bloks Dragons 2003 du set 9898 Krystal Wars Gore Swamp Beast & Murk Dragon - idéal pour jeux ou collection . Voir aussi mes autres annonces pour plus de figurines d’action. Je peux shipper a vos frais","in stock","used_good","28 CAD","https://collectiblethang.vercel.app/product/f06fb1d6-41cc-454b-ae45-55ff070c151d","https://i.ebayimg.com/images/g/eqMAAeSwM~Rp35RE/s-l1600.jpg","The Shelf Cartel Toys","Toys & Games"
"SCT-0312","Jawa Star Wars Grandeur Nature 1:1 – Yeux DEL, Sons Authentiques, Pièce Unique","Vous regardez une réplique grandeur nature 1:1 de Jawa Star Wars absolument unique et incroyablement détaillée — une véritable pièce maîtresse pour tout collectionneur sérieux ou passionné de Star Wars. 🟡 Yeux lumineux à DEL (VIDÉOS SUR DEMANDE) Branchez-la sur une prise standard de 110 V et regardez les célèbres yeux jaunes du Jawa s’illuminer. Le module d’éclairage des yeux fonctionne indépendamment du système sonore : chacun possède sa propre alimentation électrique. 🔊 Plus de 10 effets sonores authentiques de Jawa Le boîtier sonore (voir photo 4) est équipé d’un panneau de contrôle personnalisé avec boutons décoratifs. Les sons authentiques de Jawa se répètent en boucle dès qu’il est branché. Nous recommandons fortement l’utilisation d’une prise intelligente avec télécommande afin de pouvoir déclencher les sons à distance lorsqu’une personne passe à proximité. Parfait pour surprendre vos invités, leur faire peur ou simplement les faire rire. Utinni ! 🛠️ Construction et matériaux • Véritable mannequin robuste b— une pièce lourde et imposante • Robe et costume entièrement assemblés à la main • Bâton, grenade et tous les accessoires fabriqués en impression 3D de haute qualité • Boîtier de contrôle fabriqué à la main avec des composants de qualité industrielle Cette réplique grandeur nature est une pièce de collection exceptionnelle qui attirera instantanément l’attention dans une salle de cinéma maison, une salle de jeux, un commerce ou toute collection Star Wars haut de gamme. Pour collectionneur sérieux , pas de ti clin de","in stock","used_good","2599.99 CAD","https://collectiblethang.vercel.app/product/5aa1d946-e161-4b7d-b55a-4c58f8cc7fe8","https://i.ebayimg.com/images/g/w-wAAeSwvOhqGjrq/s-l1600.jpg","The Shelf Cartel Toys","Toys & Games"
"SCT-0313","Lot de 18 Films VHS Vintage Western Cowboy Original en anglais plusieurs collector’s edition","Lot de 18 Films VHS Vintage Western Cowboy Original en anglais plusieurs collector’s edition ou edition special
Voir les photos et autres annonces pour plus de VHS je peux expedier a vos frais","in stock","used_good","23.46 CAD","https://collectiblethang.vercel.app/product/ecdd76ac-556c-4cbf-8b84-d24f48127952","https://i.ebayimg.com/images/g/5DsAAOSw6P1nno50/s-l1600.jpg","The Shelf Cartel Toys","Media > Books, Movies, Music"
"SCT-0314","Figurines vintage Fisher Price 1994 Great Adventures pirate","2 figurines pirate et capitaine pirate great adventures de marque fisher price de 1994 pour collectionneur
Voir autres annonces Je peux shipper a vos frais
7$ pour les 2","in stock","used_good","15 CAD","https://collectiblethang.vercel.app/product/c92aea63-c6a5-439c-b7c7-271c7a5040f9","https://i.ebayimg.com/images/g/3J4AAeSww-hoTbjd/s-l1600.jpg","The Shelf Cartel Toys","Home & Garden"
"SCT-0315","Rack tv sans quincaillerie","Aucune quincaillerie
Aucune idee il fit avec quel grandeur de tv","in stock","used_good","35.00 CAD","","https://scontent.fyhu2-1.fna.fbcdn.net/v/t45.5328-4/762451771_1395349309174616_6623870442624338576_n.jpg?stp=c43.0.260.260a_dst-jpg_p261x260_tt6&_nc_cat=105&ccb=1-7&_nc_sid=247b10&_nc_ohc=yeVvmDL63mkQ7kNvwGAZpQV&_nc_oc=AdokE5feVEap-cOD3fYHlLiZ3Clg2ziCSR4inUFRH-aAZ0oTRY1e48wV4ciEw9jLvRLXHaxDV1rGFgqQtgacPFpD&_nc_zt=23&_nc_ht=scontent.fyhu2-1.fna&_nc_gid=hRk5-LrIqvIfbIoGmj_xiw&_nc_ss=7b2a8&oh=00_AQKcgf_vrSj3azydEa1cAFBy2KgQke5Uf4D0-BNRCjnMzA&oe=6ABC504B","The Shelf Cartel Toys","Toys & Games"
"SCT-0316","Figurine Gamer - League of Legends Yasuo 5 pouces first edition the champion collection","Figurine d’action de Yasuo du populaire jeud vidéo league of legends de la collection first edition: the champion collection je peux shipper a vos frais partout au quebec voir mes autres annonces","in stock","used_good","10.52 CAD","https://collectiblethang.vercel.app/product/2a381293-ae6e-4029-b4b4-056d0ce8be42","https://i.ebayimg.com/images/g/tr8AAOSwYc5ngWS~/s-l1600.jpg","The Shelf Cartel Toys","Toys & Games"
"SCT-0317","Vintage metal diecast Matchbox 1981 4x4 Chevy vert lime rose et bleu TC4720","Vintage metal die cast maisto 1:64 1981 4x4 chevy truck van","in stock","used_fair","7 CAD","https://collectiblethang.vercel.app/product/d69ea7c8-ba21-44c3-a25a-fa3a05f2f7ba","https://i.ebayimg.com/images/g/tBgAAeSwXA1pYC2c/s-l1600.jpg","The Shelf Cartel Toys","Toys & Games"
"SCT-0318","Hot wheels Muscle cars Lot de 10","La plupart sont en excellente état sauf la 69 chevelle la short card est pas parfaite voir photos.
Je peux shipper a vos frais
Voir mes autres annonces","in stock","used_good","5.99 CAD","https://collectiblethang.vercel.app/product/a0f8f5e2-560b-48c5-96e5-6493fe812c52","https://i.ebayimg.com/images/g/rxkAAeSwXeFqnFrl/s-l1600.jpg","The Shelf Cartel Toys","Toys & Games"
"SCT-0319","Hallmark X men 1997 - Marvel Wolverine - Ornament 2026","Hallmark figurine X men 1997 - Marvel Wolverine - Ornament 2026 décoration","in stock","used_good","6.01 CAD","https://collectiblethang.vercel.app/product/3425a30d-c419-4c9f-8731-84ba4ec5e306","https://i.ebayimg.com/images/g/9DYAAeSwRGVpWGgh/s-l1600.jpg","The Shelf Cartel Toys","Collectibles"
"SCT-0320","Petit sac de transport","Petit sac de transport noir avec poigné style cuir brun interieur noir picoté vert Servie une fois
Logo vert","in stock","used_good","15.00 CAD","","https://scontent.fymq2-1.fna.fbcdn.net/v/t45.5328-4/763359318_1590628739345323_7710669421431365920_n.jpg?stp=c0.43.261.261a_dst-jpg_p261x260_tt6&_nc_cat=100&ccb=1-7&_nc_sid=247b10&_nc_ohc=l75_Ku7BsHkQ7kNvwHOxnAp&_nc_oc=AdrIwGODbrA8_6dadpAC5A75WhDjwewOGNhSI5KxnShPAb9_NU446r7Vo1yo6mxytJKVxQNWzdPnfCIx2F_pIsC7&_nc_zt=23&_nc_ht=scontent.fymq2-1.fna&_nc_gid=2Pj3863NretJc4TvXNM5pg&_nc_ss=7b2a8&oh=00_AQJ1G0QYPr3BBs9lrQIQo266pXJGd1xC5ql3QN2s8P2x-w&oe=6ABC5843","The Shelf Cartel Toys","Toys & Games"
"SCT-0321","John Wayne Lot de 10 Films Western Vintage VHS pour collectionneur ou fan","Lot de 10 films VHS vintage de John Wayne en bon état général. Classiques du cinéma western et d’action des années 70 à 90, parfaits pour collectionneurs, nostalgique des clubs vidéo ou amateurs de films rétro. Boîtiers et cassettes avec usure normale due à l’âge. Plusieurs titres disponibles. 💥 3$ chaque 💥 Ou 25 $ pour le lot de 10 films Idéal pour déco rétro, collection VHS ou soirées cinéma vintage 🤠📼","in stock","used_good","21 CAD","https://collectiblethang.vercel.app/product/18e3fca6-2c2b-4cf9-8cf7-fb2f1b28c536","https://i.ebayimg.com/images/g/ng0AAeSwn75qBLe7/s-l1600.jpg","The Shelf Cartel Toys","Media > Books, Movies, Music"
"SCT-0322","Vtech telephone sans fil avec repondeur","Modele cs6124-11
Avec boite et manuel d’origine
La pile est à changer fonctionne encore un peu mais elle clignote ! Magiprix sur boul thibeau 3.99$","in stock","new","10.00 CAD","","https://scontent.fymq3-1.fna.fbcdn.net/v/t45.5328-4/760526457_1110322825001039_2009697665101755887_n.jpg?stp=c0.43.261.261a_dst-jpg_p261x260_tt6&_nc_cat=101&ccb=1-7&_nc_sid=247b10&_nc_ohc=FiKS3oQFYy8Q7kNvwGyNeQe&_nc_oc=Adri9nZjFCznBQu_do_gX1JKnIVFVWOYtGVyVmnLDAvs3pzPRiHkKlF7OyJ3FO74eorAvLwJg8bisFmT9gBcVnr1&_nc_zt=23&_nc_ht=scontent.fymq3-1.fna&_nc_gid=2Pj3863NretJc4TvXNM5pg&_nc_ss=7b2a8&oh=00_AQJ_oUuH6QJQU-aTzgP_i5ca6SvKZoIyi-dPM6Gelji9fg&oe=6ABC4124","The Shelf Cartel Toys","Toys & Games"
"SCT-0323","Vintage K’Nex NASCAR #24 Jeff Gordon DuPont Pit Crew Set 31 Pièces Neuf","Ensemble K’Nex NASCAR vintage mettant en vedette la voiture #24 de Jeff Gordon avec les couleurs DuPont. * Marque : K’Nex
* Série : NASCAR
* Modèle : #24 Jeff Gordon
* Ensemble : Pit Crew Set
* Pièces : 31 morceaux
* État : Neuf (voir photos pour détails de la boîte)
* Thème : Course automobile / écurie de pit stop Superbe item pour collectionneur de NASCAR ou amateur de jouets de construction vintage. Idéal pour exposition ou pour compléter une collection. 📦 Emballage soigné
📸 Voir photos pour l’état exact ⸻ K’Nex, NASCAR, Jeff Gordon, #24, DuPont, pit crew, set, vintage, neuf, construction toy, racing, stock car, collectible, voiture course, jouet rétro, 31 pièces","in stock","used_good","23 CAD","https://collectiblethang.vercel.app/product/1518df8a-612d-4d65-9a5b-2516f1dfc93f","https://i.ebayimg.com/images/g/QjEAAeSwtLJpDk0n/s-l1600.jpg","The Shelf Cartel Toys","Toys & Games"
"SCT-0324","Figurine Star Wars Grand Moff Tarkin 12 inch collectible 1997","Usure sur la boite voir photo
Non negociable 45
Figurine grand moff tarkin 12 pouces 1997
Je peux shipper a vos frais
Voir autres annonces","in stock","used_good","16.8 CAD","https://collectiblethang.vercel.app/product/9d374e31-d2eb-49db-a795-a4e2dc591225","https://i.ebayimg.com/images/g/GGoAAeSwO6VqFkV1/s-l1600.jpg","The Shelf Cartel Toys","Toys & Games"
"SCT-0325","Lot de Figurines de Sport Vintage, Michael Jordan Shaq Yankees Blue Jays NBA MLB","Lot de 6 figurines sport vintage des années -80-90 incluant Michael Jordan, Shaquille O’Neal Orlando Magic, Harlem Globetrotters, Rickey Henderson Yankees, George Bell Expos et Joe Carter Blue Jays. Idéal pour collectionneur de figurines NBA et MLB rétro. 65 $ pour le lot . 🏀 NBA / Basketball Michael Jordan, Jordan, Chicago Bulls, Shaquille O’Neal, Shaq, Orlando Magic, NBA vintage, basketball figure, basketball collectible, NBA 90s, Kenner NBA, Starting Lineup basketball ⚾ MLB / Baseball MLB vintage, baseball collectible, Rickey Henderson, New York Yankees, Joe Carter, Toronto Blue Jays, George Bell, Montreal Expos, Expos vintage, Kenner MLB, baseball figure 🏀🎪 Harlem Globetrotters, Globetrotters vintage, basketball old school, sports legends, 80s sports figures, 90s sports toys, retro sports collectible 🧸 Kenner Starting Lineup, Starting Lineup figures, vintage figures, action figures lot, collectible toys, rare sports toys, 1980s toys, 1990s toys, sports memorabilia, figurines vintage, lot collection 🔥 rare, lot, bundle, collection, vintage, original, authentique, années 80, années 90, excellent état, clean, display, display piece","in stock","used_good","25.65 CAD","https://collectiblethang.vercel.app/product/75d7d5ab-5889-44a1-8513-833135d4c5ff","https://i.ebayimg.com/images/g/W30AAeSwF69pDk~A/s-l1600.jpg","The Shelf Cartel Toys","Collectibles"
"SCT-0326","Hot Wheels Vintage Blue Card 1993 Camaro Voiture Diecast Collection","Voiture miniature Hot Wheels vintage sur carte bleue (“Blue Card”), mettant en vedette une Camaro 1993. Un classique recherché par les collectionneurs. * Marque : Hot Wheels
* Modèle : Chevrolet Camaro 1993
* Série : Blue Card (années 90)
* Année : 1993
* Matériau : Die-cast (métal)
* État : Voir photos (carte et blister peuvent montrer des signes d’usure) Parfait pour collectionneur de Hot Wheels ou amateur de voitures miniatures vintage. Idéal pour exposition. 📸 Voir photos pour l’état exact et les détails. Hot Wheels, Camaro 1993, Blue Card, vintage, diecast, voiture miniature, Mattel, collection, années 90, collectible, toy car, blister, carte bleue, rétro","in stock","used_good","18.99 CAD","https://collectiblethang.vercel.app/product/c3d1f9b1-2e52-4ca6-b1f5-3efedd14da02","https://i.ebayimg.com/images/g/yTQAAeSwxtpqQmj1/s-l1600.jpg","The Shelf Cartel Toys","Toys & Games"
"SCT-0327","Figurine - Star wars Doctor Aphra Black Series - Hasbro 6 pouces","Figurine Neuve star wars doctor aphra
Black series Hasbro 6 pouces Voir autres annonces figurine Je peux shipper a vos frais","in stock","used_good","28.9 CAD","https://collectiblethang.vercel.app/product/3f13e5c8-d6c7-4287-a011-37bb17c78ea3","https://i.ebayimg.com/images/g/MPoAAeSw7T5p4O5G/s-l1600.jpg","The Shelf Cartel Toys","Toys & Games"
"SCT-0328","Plusieurs saisons séries TV Coffret Dvd","Plusieurs coffrets dvd game of thrones prison break stargate etc Prix sur demande","in stock","used_good","1.00 CAD","","https://scontent.fymq3-1.fna.fbcdn.net/v/t45.5328-4/763206132_1709969783642268_9108714608468584954_n.jpg?stp=c43.0.260.260a_dst-jpg_p261x260_tt6&_nc_cat=101&ccb=1-7&_nc_sid=247b10&_nc_ohc=VRZlShUg7ooQ7kNvwFxBXNq&_nc_oc=AdoKcnruIgxWT2wyRN9X0I14JvN91kLwmjzS_Z8Mrne64DSWw8rlJi-CmMB4dMEeoM6zMwpJhBUIuN5KQZ_8IaZv&_nc_zt=23&_nc_ht=scontent.fymq3-1.fna&_nc_gid=2Pj3863NretJc4TvXNM5pg&_nc_ss=7b2a8&oh=00_AQLrNV1wxdPu16eqn2yyY1sid5jSBbP0mxIFMpXQGpeeGg&oe=6ABC2652","The Shelf Cartel Toys","Media > Books, Movies, Music"
"SCT-0329","Figurines Marvel lot de 2 Green Goblin et Doctor Octopus diecast 2006 Titanium","Figurines Marvel lot de 2 Green Goblin et Doctor Octopus diecast 2006 Titanium environ 5 pouces de haut pour collectionneur","in stock","used_good","39 CAD","https://collectiblethang.vercel.app/product/a50b0915-e575-48a2-a1ee-a768e4af58ab","https://i.ebayimg.com/images/g/x4cAAeSwYaxqY9Qf/s-l1600.jpg","The Shelf Cartel Toys","Toys & Games"
"SCT-0330","Matchbox the movie Collector & Mainline John Cena lot de 12 diecast","Vendu en lot seulement Matchbox 2026 skydance the movie 70$ non negociable 4 collector’s 4/4 (un pas sur la photo mais en stock) plus 8 reguliere","in stock","used_good","57 CAD","https://collectiblethang.vercel.app/product/c3630afd-6911-4f27-a19c-2f4690628b79","https://i.ebayimg.com/images/g/91cAAeSwh0Nqbgcc/s-l1600.jpg","The Shelf Cartel Toys","Toys & Games"
"SCT-0331","Hot Wheels Superstar Speeders – Buzz Lightyear, Spider-Man, Grogu – Nouveau modèle 2026","Hot Wheels Superstar Speeders avec les personnages Buzz Lightyear, Spider-Man et Grogu. Nouveau modèle pour 2026. 13 $ chaque ou 35 $ pour les 3.","in stock","used_good","34 CAD","https://collectiblethang.vercel.app/product/d7bb70ab-e5fd-4899-9fc4-1448f208e131","https://i.ebayimg.com/images/g/2BkAAeSwtWFqbgnI/s-l1600.jpg","The Shelf Cartel Toys","Toys & Games"
"SCT-0332","Mortal Kombat Klassics Johnny Cage McFarlane Toys neuf","Figurine 7 pouces mortal kombat klassics par McFarlane Toys 20$ je peux shipper a vos frais voir autres annonces","in stock","used_good","29.99 CAD","https://collectiblethang.vercel.app/product/0c336dc7-eafe-447a-b4dd-ada1653298b2","https://i.ebayimg.com/images/g/vngAAeSw65BqbT16/s-l1600.jpg","The Shelf Cartel Toys","Toys & Games"
"SCT-0333","Lot de 5 Figurines Fantastiques Résine - Sorciers, Dragons, Style Vintage","LOT DE 5 FIGURINES FANTASTIQUES EN RÉSINE - SORCIERS & DRAGONS À vendre : lot de 5 figurines décoratives en résine, style fantasy/médiéval, parfait pour collectionneurs, fans de D&D, ou décor thématique sorcier/dragon. CE QUI EST INCLUS :
• Dragon violet à deux têtes sur socle rocheux
• Sorcier en robe violette/rose avec bâton et orbe doré (2 figurines identiques)
• Plaque murale ronde - sorcier rouge entouré de deux dragons et château
• Petit bébé dragon jaune sur socle bleu DÉTAILS :
- Matériau : Résine peinte à la main
- Style : Fantastique, médiéval, sorcier, D&D, collection
- État : Usagé, voir photos pour condition exacte
- Vendu en lot uniquement Idéal pour collection de figurines fantastiques, décor de dragons, thème sorcier, étagère de collectionneur, ou cadeau pour fan de fantasy. figurines fantasy, résine, sorcier, dragon, collection, vintage, décor fantastique, D&D, Donjons et Dragons, statuette, collectible Disponible pour rencontre ou envoi possible.","in stock","used_good","11.26 CAD","https://collectiblethang.vercel.app/product/07df3c94-14b6-45f3-9b1b-4bccd70ed76b","https://i.ebayimg.com/images/g/AY4AAeSwag5qOGl~/s-l1600.jpg","The Shelf Cartel Toys","Home & Garden"
"SCT-0334","Lot de 4 plateaux Kodak Carousel Transvue 140 & Keystone 80 Rotary Slide Tray avec boîtes","Ensemble de 4 plateaux rotatifs pour projecteurs de diapositives. Comprend : * 3 × Kodak Carousel Transvue 140 Slide Tray
* 2 modèles avec boîtes beiges d’origine
* 1 modèle avec boîte noire d’origine
* 1 × Keystone 80 Rotary Slide Tray avec sa boîte Les plateaux sont en bon état et les boîtes d’origine sont incluses. Compatibles avec plusieurs projecteurs Kodak Carousel, Keystone et autres modèles compatibles. Idéal pour les collectionneurs, photographes ou toute personne possédant un projecteur de diapositives vintage. Vendu en lot seulement. Kodak Carousel, Kodak Transvue 140, Slide Tray, Plateau rotatif, Carousel Slide Tray, Keystone 80, Projecteur de diapositives, Diapositives 35 mm, Vintage Kodak, Accessoires Kodak, Projecteur ancien.","in stock","used_good","9 CAD","https://collectiblethang.vercel.app/product/ac4d4fc1-642a-4b81-b554-8cc524dd7d19","https://scontent.fymq3-1.fna.fbcdn.net/v/t45.5328-4/760295010_2142607083137471_2171756964417844030_n.jpg?stp=c43.0.260.260a_dst-jpg_p261x260_tt6&_nc_cat=102&ccb=1-7&_nc_sid=247b10&_nc_ohc=rJMsSTARMt8Q7kNvwFA2_oz&_nc_oc=AdpnVJ3zNjehm-u8bhIJAEcrosJ8I5U4UlbHwMyiVbHnCZS3ZXU-FdkoeelimxtLciOud4C6GoA3MYCkw82ltppR&_nc_zt=23&_nc_ht=scontent.fymq3-1.fna&_nc_gid=FN5YWhZsKPutT8MecdEgXQ&_nc_ss=7b2a8&oh=00_AQJwQSqd1PL03Jiv3l-ZPY1uKkhG_csd-JVfZOnhg1ipGQ&oe=6ABC318A","The Shelf Cartel Toys","Collectibles"
"SCT-0335","1:27 2023 Toyota Tacoma TRD Pro Maisto Design Diecast","Camion Toyota Tacoma à l’échelle 1:27 voiture en métal diecast de la compagnie Maisto a vendre prix 35$ Ferme.
Voir autres annonces je peux shipper a vos frais","in stock","used_good","40 CAD","https://collectiblethang.vercel.app/product/bc90d0be-67fa-4921-a0fb-71ef21629556","https://i.ebayimg.com/images/g/sNYAAeSw-ABqZ9wU/s-l1600.jpg","The Shelf Cartel Toys","Toys & Games"
"SCT-0336","Hot Wheels Premium Fast and Furious 2026 - Dodge Charger R/T 1970","Magnifique Hot Wheels Premium Fast and Furious 2026 - Dodge Charger R/T 1970 orange pour collectionneur ou jouet Vehicule diecast 1:64 je peux shipper a vos frais voir autres annonces","in stock","used_good","8 CAD","https://collectiblethang.vercel.app/product/51c43211-9159-483a-8224-b2f9e7d9759f","https://i.ebayimg.com/images/g/FQEAAeSwOKhqZ7Nw/s-l1600.jpg","The Shelf Cartel Toys","Toys & Games"
"SCT-0337","Canadian Tire Golden Wheel – Camion de Remorquage Ford des années 1940 – Modèle réduit 1:24","Ajoutez un classique intemporel à votre collection avec ce magnifique camion de remorquage Ford des années 1940 fabriqué par Golden Wheel à l’échelle 1:24. Ce modèle réduit en métal (diecast) reproduit fidèlement le style emblématique des dépanneuses Ford d’époque avec un excellent niveau de détail. Un incontournable pour les collectionneurs de véhicules classiques, de camions anciens et de modèles promotionnels Canadian Tire. Caractéristiques : * Marque : Golden Wheel
* Série : Canadian Tire
* Véhicule : Ford Tow Truck (années 1940)
* Échelle : 1:24
* Matériaux : Métal (Diecast) avec pièces en plastique
* Idéal pour les collectionneurs et les amateurs de véhicules classiques","in stock","new","20 CAD","https://collectiblethang.vercel.app/product/09de3c53-9107-40db-9477-be655a0bc396","https://i.ebayimg.com/images/g/xRcAAeSwW3hqZ7sW/s-l1600.jpg","The Shelf Cartel Toys","Toys & Games"
"SCT-0338","Boeing X-32A Concept Jet Diecast Model Airplane 1:100 – Avion Expérimental Rare – Modèle Métal","Le X-32A est un avion expérimental développé par Boeing dans le cadre du programme Joint Strike Fighter (JSF). Bien qu’il n’ait jamais été produit en série, il demeure une pièce emblématique de l’histoire de l’aviation militaire moderne. Caractéristiques : * Échelle : 1:100
* Construction en métal (diecast)
* Finition détaillée
* Idéal pour les collectionneurs d’aviation militaire
* Modèle rare et difficile à trouver
* Excellent état sauf la vitre absente(voir photos) Parfait pour une collection, un bureau ou comme cadeau pour un passionné d’aéronautique.","in stock","used_good","16.99 CAD","https://collectiblethang.vercel.app/product/1ed21d07-4898-42b8-91ff-2e33f623aba5","https://i.ebayimg.com/images/g/3MsAAeSwvM9qY~yG/s-l1600.jpg","The Shelf Cartel Toys","Toys & Games"
"SCT-0339","Marvel Legends The Punisher Frank Castle 6” Action Figure Hasbro Neuf Scellé","Marvel Legends The Punisher 6 Inch Action Figure 2026 Hasbro Marvel Television Ajoutez l’un des personnages les plus populaires de l’univers Marvel à votre collection avec cette figurine Marvel Legends Series The Punisher 6 pouces (15 cm) par Hasbro. Inspirée de l’apparence de Frank Castle dans la série Marvel’s The Punisher, cette figurine offre un niveau de détail exceptionnel, une excellente articulation et des accessoires pour les collectionneurs et fans de Marvel. (Hasbro Pulse) Caractéristiques : * Figurine officielle Hasbro Marvel Legends Series
* Personnage : The Punisher / Frank Castle
* Échelle : 6 pouces (15 cm)
* Design inspiré de l’univers Marvel Television
* Nombreux points d’articulation pour des poses dynamiques
* Comprend plusieurs accessoires et pièces interchangeables (Hasbro Pulse) Parfaite pour les fans de Marvel, The Punisher, Daredevil, Netflix Marvel, MCU et collectionneurs de figurines d’action. Idéale pour exposer dans une collection Marvel Legends ou pour recréer vos scènes préférées. État : Neuf – jamais ouvert – emballage d’origine (scellé) Un incontournable pour tout collectionneur Marvel à la recherche d’une pièce moderne de Frank Castle. (Hasbro Pulse)","in stock","used_good","42 CAD","https://collectiblethang.vercel.app/product/3cc36973-6ca9-43ab-a297-a4388514dbc8","https://i.ebayimg.com/images/g/hVMAAeSwxUxqY-kT/s-l1600.jpg","The Shelf Cartel Toys","Toys & Games"
"SCT-0340","Écouteur sans fil 30 heures résistant à l’eau assistant vocal, téléphone, bluetooth microphone neuf","Profitez d’une écoute sans fil simple et pratique avec ces écouteurs AUKEY True Wireless 5FKO. Conçus pour un usage quotidien, ils offrent une connexion Bluetooth stable, un format compact et un étui de charge portable pour recharger facilement vos écouteurs où que vous soyez. Léger et confortable, ce modèle est idéal pour la musique, les appels, le sport ou les déplacements. Caractéristiques : * Écouteurs sans fil Bluetooth (True Wireless)
* Étui de charge compact inclus
* Connexion facile et rapide avec appareils compatibles
* Microphone intégré pour appels mains libres
* Design léger et confortable intra-auriculaire
* Parfait pour musique, podcasts, entraînements et voyages
* Recharge via l’étui fourni État : neuf boite scellé dans le plastique 4 de dispo","in stock","used_good","20.00 CAD","","https://scontent.fymq3-1.fna.fbcdn.net/v/t45.5328-4/753672062_1832373657735926_1583253863507224782_n.jpg?stp=c0.53.261.261a_dst-jpg_p261x260_tt6&_nc_cat=101&ccb=1-7&_nc_sid=247b10&_nc_ohc=bA7dNB6PcWIQ7kNvwHywQ4s&_nc_oc=AdpWk1P8CEU4VK6oCDBSOnQhswLFrPMxxD7ghkNdAeQaSbmuIhp2pXMn7G6t1PMS6D1kh6CvlkFJEWGNovG53Llo&_nc_zt=23&_nc_ht=scontent.fymq3-1.fna&_nc_gid=9RW9m2Ouc9-XHaAMLhlvLQ&_nc_ss=7b2a8&oh=00_AQIS_XST3X3LvblF2VY5a4VTV6ZnIsbblVWgHXf0qscKGw&oe=6ABC4B8C","The Shelf Cartel Toys","Toys & Games"
"SCT-0341","Hallmark Ornament - Figurine Headpool 2026 Deadpool - Walmart exclusive","Figurine / Hallmark Ornament - Figurine Headpool 2026 Deadpool - Walmart exclusive Voir autres annonces
Je peux shipper a vos frais","in stock","used_good","150 CAD","https://collectiblethang.vercel.app/product/fa41095e-a17b-471f-93cd-8ee7a45c072a","https://i.ebayimg.com/images/g/znoAAeSwydZqaXkI/s-l1600.jpg","The Shelf Cartel Toys","Toys & Games"
"SCT-0342","Sac a dos Jean Paul Gauthier","Petit sac a dos Jean Paul Gauthier.
Bleu marin et blanc
Neuf jamais utiliser","in stock","used_good","30.00 CAD","","https://scontent.fymq2-1.fna.fbcdn.net/v/t45.5328-4/753513292_1353314036267494_797620867384413495_n.jpg?stp=c0.43.261.261a_dst-jpg_p261x260_tt6&_nc_cat=108&ccb=1-7&_nc_sid=247b10&_nc_ohc=M3OXEFQ9_T0Q7kNvwEUz-fO&_nc_oc=AdpB2Da-NuFK461mcyNrYub3lOO-wuZAGjqkrwe1H-G9QFHyCOBnl2YJU58T3Qv6_NC9Kv1iE3fgT0v8IirH4AFB&_nc_zt=23&_nc_ht=scontent.fymq2-1.fna&_nc_gid=9RW9m2Ouc9-XHaAMLhlvLQ&_nc_ss=7b2a8&oh=00_AQL-twwqNqAxM8PrvAnEz6nmA9j70oB-bNoHA2UcQXKNfw&oe=6ABC30ED","The Shelf Cartel Toys","Toys & Games"
"SCT-0343","McFarlane Toys Music Maniacs – Flavor Flav Action Figure Édition Limitée avec COA","McFarlane Toys Music Maniacs – Flavor Flav Action Figure Édition Limitée avec COA Ajoutez une pièce rare et unique à votre collection avec cette figurine Flavor Flav Music Maniacs de McFarlane Toys en édition limitée. Produite en quantité restreinte à seulement 5800 exemplaires dans le monde, cette figurine est un incontournable pour les collectionneurs de musique et de pop culture. Je vend au prix payé 20$ pas de taxes Caractéristiques : * Marque : McFarlane Toys
* Collection : Music Maniacs
* Personnage : Flavor Flav
* Édition limitée à 5800 unités
* Certificat d’authenticité (COA) inclus
* Figurine détaillée de haute qualité
* Idéal pour collection, exposition ou investissement État :
Veuillez consulter attentivement les photos pour connaître l’état exact de l’article et de l’emballage. Tout ce qui est visible sur les photos est inclus dans la vente. Mots-clés SEO :
Flavor Flav, McFarlane Toys, Music Maniacs, figurine hip hop, action figure limitée, COA, certificat d’authenticité, collectible figure, rap culture, Public Enemy, édition limitée 5800, figurine McFarlane, pop culture collectible.","in stock","used_good","25 CAD","https://collectiblethang.vercel.app/product/d01ab699-bd03-43a7-9d20-ddfb27e6b5cc","https://i.ebayimg.com/images/g/vZgAAeSwt5BqLv49/s-l1600.jpg","The Shelf Cartel Toys","Toys & Games"
"SCT-0344","Hot Wheels Vintage Blue Card Lamborghini Countach (intérieur noir et rouge)","Hot Wheels Vintage Blue Card Lamborghini Countach (intérieur noir et rouge) Je peux shipper a vos frais
Voir autres annonces","in stock","used_good","33.25 CAD","https://collectiblethang.vercel.app/product/41b02f0a-a9f0-427a-adf7-2b692767f460","https://i.ebayimg.com/images/g/k5QAAeSwLGtpDlRT/s-l1600.jpg","The Shelf Cartel Toys","Toys & Games"
"SCT-0345","Star Wars ActionVerse – Guard Droid & Mercenary STAP 4.5” Figurine NEUF en boîte","Ajoutez une pièce dynamique à votre collection Star Wars avec ce set ActionVerse Guard Droid & Mercenary STAP de 4,5 pouces. Inspiré de l’univers emblématique de Star Wars, cet ensemble propose une figurine détaillée avec son véhicule STAP pour des scènes de bataille et de diorama. Caractéristiques : * Gamme : Star Wars ActionVerse
* Personnages : Guard Droid & Mercenary
* Véhicule inclus : STAP (Single Trooper Aerial Platform)
* Taille : environ 4,5 pouces
* Produit neuf en boîte (New in Box)
* Détails et articulation pour pose et jeu
* Idéal pour collectionneurs Star Wars et fans de véhicules galactiques État :
Article neuf en boîte un Mots-clés SEO :
Star Wars ActionVerse, Guard Droid, Mercenary STAP, figurine Star Wars, véhicule STAP, Star Wars 4.5 inch figure, Hasbro Star Wars, Galactic battle droid, Star Wars collection, figurine neuve boîte, Star Wars collectible, diorama Star Wars. By","in stock","used_good","9.99 CAD","https://collectiblethang.vercel.app/product/2aa1f8f7-29a0-4d34-9ee5-5c1259f6c769","https://i.ebayimg.com/images/g/l0wAAeSwPZZqLvev/s-l1600.jpg","The Shelf Cartel Toys","Toys & Games"
"SCT-0346","Hasbro Star Wars - Han Solo Bespin 40th Empire strikes back Figurine 6""","40 eme anniverssaire Kenner
bespin Han solo 6 inch Je peux shipper a vos frais voir aussi autres annonces non negociable","in stock","used_good","33.12 CAD","https://collectiblethang.vercel.app/product/fa243543-f656-45d6-94e1-32c073d3a758","https://i.ebayimg.com/images/g/zM8AAOSwmplno8b9/s-l1600.jpg","The Shelf Cartel Toys","Toys & Games"
"SCT-0347","Film VHS en français à partir de 2$","Plusieurs films VHS faites votre choix parmis la sélection à partir de 2$ et plus chacun Donnez moi vos titres pour un prix Voir autres annonces pour plus de VHS je peux shipper a vos frais. Je ne vend pas juste pour un film à 2$ minimum 5$. Si le film n’est pas sur la photo c’est que je ne l’ai pas , demande moi as tu tel ou tel film je ne repond pas. Trésor national vendu","in stock","used_good","14 CAD","https://collectiblethang.vercel.app/product/c3f0162e-4ff7-4ec1-bfbc-a261f8a5c0d7","https://i.ebayimg.com/images/g/HQoAAeSweUZqFkpb/s-l1600.jpg","The Shelf Cartel Toys","Media > Books, Movies, Music"
"SCT-0348","Figurine Vintage DC Batman - Banes 1997","Figurine vintage banes
Vintage 1997
Batman Voir autres annonces
Je peux shipper a vos frais","in stock","used_good","85.5 CAD","https://collectiblethang.vercel.app/product/c96933bc-2a61-4138-bc63-fc25045f1cae","https://i.ebayimg.com/images/g/rsMAAeSwmgBpyAIH/s-l1600.jpg","The Shelf Cartel Toys","Toys & Games"
"SCT-0349","Hot wheels honda civic type R rouge","Hot Wheels Honda Civic Type R rouge - 2 de disponible voir autres annonces je peux shipper a vos frais","in stock","used_good","9 CAD","https://collectiblethang.vercel.app/product/4872d06d-6ecd-4e24-aba9-d13aa470b477","https://i.ebayimg.com/images/g/N1kAAeSwF5Zoxx8X/s-l1600.jpg","The Shelf Cartel Toys","Toys & Games"
"SCT-0350","Star Wars Luke Skywalker - The Original Trilogy Collection (2004) Figurine 3,75 pouces Hasbro","Star Wars Luke Skywalker - The Original Trilogy Collection (2004) Figurine 3,75 pouces Hasbro Etat Neuf parfaite condition Voir aussi autres annonces 📣 Je peux shipper partout au monde a vos frais 🌍","in stock","used_good","32 CAD","https://collectiblethang.vercel.app/product/dea46f01-443a-429f-ae7f-54b85b5abf1f","https://i.ebayimg.com/images/g/0roAAeSwBxloKP48/s-l1600.jpg","The Shelf Cartel Toys","Toys & Games"
"SCT-0351","Figurines vintage muppets mcdonald’s toys 1986","Figurines vintage mcdonald’s jouet Happy meals","in stock","used_good","23 CAD","https://collectiblethang.vercel.app/product/25d1f0dd-5fe0-42eb-a184-35ce4fefcef9","https://i.ebayimg.com/images/g/HusAAeSwzTtoo8Eg/s-l1600.jpg","The Shelf Cartel Toys","Home & Garden"
"SCT-0352","BRP Lazer DOT 218 Modular Casque Fullface moto ski-doo VTT Size Large","D’occasion tres bon état a voir casque BRP modular dot 218 non bluetooth date expiration 05/2007 grandeur large","in stock","used_good","90 CAD","https://collectiblethang.vercel.app/product/c3b5f73f-4a47-4765-8bf4-de4ed3ddbed4","https://i.ebayimg.com/images/g/WYAAAeSwUKRqbLeJ/s-l1600.jpg","The Shelf Cartel Toys","Sporting Goods"
"SCT-0353","Gros lot de figures Vintage et non vintage Disney (75)","Gros lot de figures Vintage et non vintage Disney +-75 unités demande 45 ferme
Plusieurs franchises
Minions Winnie the Poo Sponge Bob Peter Pan Mickey Mouse Mini , tigrou etc","in stock","used_good","45.5 CAD","https://collectiblethang.vercel.app/product/d5485d56-02e0-47f0-b200-9e5b45390296","https://i.ebayimg.com/images/g/9hEAAeSwLwhpc83f/s-l1600.jpg","The Shelf Cartel Toys","Toys & Games"
"SCT-0354","Matchbox Collectors voiture diecast métal 1984 Toyota MR2 #09/20 2026","Belle voiture de collection Matchbox Collectors 1984 Toyota MR2 #09/20 Nouveau pour 2026 Elle est neuve! Jamais ouverte Voir autres annonces
Je peux shipper a vos frais","in stock","used_good","17.8 CAD","https://collectiblethang.vercel.app/product/a28fd93f-6259-4f48-aa86-96b0196df4f0","https://i.ebayimg.com/images/g/tI0AAeSwpFJpipq-/s-l1600.jpg","The Shelf Cartel Toys","Toys & Games"
"SCT-0355","Hot wheels characters cars - masters of the universe - motu - neuf !","Hot wheels neuf die cast motu characters cars! 1:64 bundle
Masters of the universe - Mattel
Voir autres annonces","in stock","used_good","11 CAD","https://collectiblethang.vercel.app/product/b9fd26b2-c476-42b9-85c3-51a7f214de2e","https://i.ebayimg.com/images/g/gVcAAeSwPu1pgAvC/s-l1600.jpg","The Shelf Cartel Toys","Toys & Games"
"SCT-0356","Lot de 2 Peluches Squishmallows Mauve Violet Toutous Doux avec bandeau vert","Un des deux est en parfaite condition l’autre voir les photos. Vendu en lot. Autres photos sur demandes
Allez voir mes autres annonces
Jouets","in stock","used_fair","10.00 CAD","","https://scontent.fymq2-1.fna.fbcdn.net/v/t45.5328-4/756038674_1926905308001595_5411925389607356647_n.jpg?stp=c0.152.261.261a_dst-jpg_p261x260_tt6&_nc_cat=108&ccb=1-7&_nc_sid=247b10&_nc_ohc=gWVd1vC54pYQ7kNvwH06KoA&_nc_oc=AdrhCXoG2_-uyFo-7sr0OsAtBLdXNGO5ep_AdRd5TpUoj8MZ-axopFJXMf4wtnPSQvDYITsx9bgjh054j2mV4_xi&_nc_zt=23&_nc_ht=scontent.fymq2-1.fna&_nc_gid=Ohl7uRfxKxRdDpDoJO9mhQ&_nc_ss=7b2a8&oh=00_AQJyZ5NJLRvwB1yRruWKBEe11EHF68BZwW220Y8fYpxMKg&oe=6ABC2D8D","The Shelf Cartel Toys","Toys & Games"
"SCT-0357","Hot Wheels Premium, Pop Culture, Car Culture, Team Transport, Boulevard, Japan Historics 13 à 15$","Découvrez cet impressionnant lot de plus de 40 véhicules Hot Wheels Premium regulière en emballage d’origine scellé. Les chases ne sont pas a vendre. Entre 12$ et 15$ sauf les team transport a 30$. Je peux expediter a vos frais! Cette collection regroupe plusieurs séries très recherchées par les collectionneurs, incluant Fast & Furious, Forza, Jurassic Park, Back to the Future, Mission Impossible, Gran Turismo, G.I. Joe, Neon Speeders la rose est vendu , Power Trip et plus encore. Les véhicules sont à l’échelle 1:64 et présentent la qualité Premium Hot Wheels avec carrosseries en métal, détails réalistes et roues Real Riders sur plusieurs modèles. Une excellente opportunité pour les collectionneurs, investisseurs ou amateurs de voitures miniatures. Comprend notamment : * Nissan Skyline GT-R (R34)
* Jeep Wrangler Jurassic Park
* Lamborghini Aventador Coupé
* Porsche 962
* BMW M5
* Ford GT Race Course
* Mitsubishi Lancer Evolution
* Delorean Back to the Future
Etc Plusieurs ne sont pas sur les photos État : * Neuf en emballage d’origine
* Cartes scellées
* Voir les photos pour le contenu exact du lot et l’état des emballages Hot Wheels Premium, Pop Culture, Fast and Furious, Forza Motorsport, Jurassic Park, Back to the Future, Nissan Skyline, JDM, Diecast, Real Riders, Collection, Voiture miniature, Mattel, 1:64, Série limitée, Scellé, Neuf, Collectionneur.","in stock","used_good","13.25 CAD","https://collectiblethang.vercel.app/product/9d65c478-b3a3-4535-9952-fe8c64dd22a5","https://i.ebayimg.com/images/g/fKgAAeSwHjBqGEsv/s-l1600.jpg","The Shelf Cartel Toys","Toys & Games"
"SCT-0358","WWE - John Cena 6 pouces Figurine Neuve Main Event","Figurine John Cena WWE 6 pouces Neuve Main event voir autres annonces
Je peux expedier le produit a vos frais partout au quebec","in stock","used_good","33.25 CAD","https://collectiblethang.vercel.app/product/5cb4deea-9faa-4118-b983-b57ee211cc34","https://i.ebayimg.com/images/g/254AAeSwBP5pxxvK/s-l1600.jpg","The Shelf Cartel Toys","Toys & Games"
"SCT-0359","Voiture de collection New-Ray Dodge VIPER SRT10 1999 die cast 1:32","Voiture de collection New-Ray Dodge VIPER SRT10 1999 metal die cast 1:32
Voir autres annonces
Je peux shipper a vos frais","in stock","used_good","5.29 CAD","https://collectiblethang.vercel.app/product/1935074f-c05d-4caf-b686-e1fb6fe50940","https://i.ebayimg.com/images/g/S48AAeSwJhZqnGM-/s-l1600.jpg","The Shelf Cartel Toys","Toys & Games"
"SCT-0360","Feuille PVC Vinyle Industrielle 5x4 pi Imperméable Durable Protection Peinture Garage","Feuille PVC Vinyle Industrielle – 5 x 4 pieds – Imperméable et Durable Protégez efficacement vos surfaces avec cette feuille industrielle en PVC vinyle format 5 x 4 pieds. Idéale pour les travaux de peinture, le bricolage, le garage ou les rénovations, cette bâche flexible offre une protection fiable contre les éclaboussures, la poussière et les déversements. Fabriquée en vinyle PVC industriel, elle est résistante, imperméable et réutilisable, tout en restant facile à manipuler et à installer dans tout type de véhicule. Caractéristiques : * Dimensions : 5 pi x 4 pi (environ 1,5 m x 1,2 m)
* Épaisseur : environ 0,35 mm (solide mais flexible)
* Matériau : PVC vinyle industriel
* Imperméable et résistante à l’eau
* Réutilisable et durable
* Facile à transporter (format compact plié) Je peux livrer à domicile à l’achat de 8 et plus pour un maximum de 24. Trois rivières seulement. Utilisations : * Protection de sol lors de travaux de peinture
* Couverture pour garage, atelier ou sous-sol
* Protection lors de rénovations et bricolage
* Tapis temporaire pour spa, piscine ou extérieur
* Protection de meubles, outils ou équipements
* Usage polyvalent maison, chantier ou entreposage Prix dégressifs : * 1 feuille : 8 $
* 2 feuilles : 15 $
* 3 feuilles : 20 $
* 4 feuilles : 25 $ État :
Produit neuf / industriel donc peut porter des signes d’usure normal d’entreposage Voir photos pour détails. Marque: Crown Cork & Seal Mots-clés SEO :
feuille PVC, vinyle industriel, bâche protection peinture, protection sol garage, toile imperméable, plastique industriel, couvre-sol bricolage, protection rénovation, feuille vinyle 5x4, bâche multiusage.","in stock","used_good","15 CAD","https://collectiblethang.vercel.app/product/25037eab-67ce-4770-bd5d-7326fd4d17c3","https://i.ebayimg.com/images/g/ON8AAeSwB9lpNx6I/s-l1600.jpg","The Shelf Cartel Toys","Home & Garden"
"SCT-0361","NECA TMNT The Last Ronin: Lost Years GRAMMY APRIL & BABY YI & MOJA Figure Set","NECA TMNT The Last Ronin: Lost Years – Grammy April & Baby Yi & Moja Figure Set Ajoutez un ensemble unique à votre collection Teenage Mutant Ninja Turtles avec ce coffret NECA The Last Ronin: Lost Years – Grammy April & Baby Yi & Moja. Inspiré de la série de bandes dessinées The Last Ronin: Lost Years, cet ensemble met en vedette Grammy April ainsi que Baby Yi et Moja avec de nombreux détails fidèles à l’œuvre originale. Caractéristiques : * Figurines officielles NECA
* Basées sur TMNT: The Last Ronin – Lost Years
* Comprend Grammy April, Baby Yi et Baby Moja
* Sculptures et détails de haute qualité
* Plusieurs accessoires inclus (voir photos)
* Idéal pour les collectionneurs de TMNT et The Last Ronin
* Excellente pièce d’exposition État :
Mint neuve Mots-clés SEO :
NECA TMNT, The Last Ronin, Lost Years, Grammy April, Baby Yi, Baby Moja, Teenage Mutant Ninja Turtles, TMNT Figure, NECA Collectibles, Action Figure, TMNT Collection, Mirage Comics, Last Ronin Figures, Ninja Turtles Collectibles, NECA TMNT Last Ronin.","in stock","used_good","33.01 CAD","https://collectiblethang.vercel.app/product/fe9c46f2-cd80-4dcc-98d8-e92fff31843c","https://i.ebayimg.com/images/g/1hcAAeSwZDpqLwCK/s-l1600.jpg","The Shelf Cartel Toys","Home & Garden"
"SCT-0362","Jeep Willys Military Police X-Team Matchbox 2009 – Véhicule Diecast 1:64","Véhicule miniature officiel Matchbox de la célèbre Jeep Willys Military Police édition X-Team. Modèle diecast à l’échelle 1:64 produit en 2009, parfait pour les collectionneurs, amateurs de véhicules militaires ou fans de voitures miniatures classiques. * Marque : Matchbox
* Modèle : Jeep Willys Military Police X-Team
* Année : 2009
* Échelle : 1:64
* Matière : Métal (diecast) avec détails en plastique
* Couleur : Style militaire / police
* État : tres bon Idéal pour collection, décoration ou cadeau pour passionné de véhicules militaires et miniatures Matchbox.","in stock","used_good","6 CAD","https://collectiblethang.vercel.app/product/35cb4f9f-0dfa-43e7-b9d1-83ed83d9c6d0","https://i.ebayimg.com/images/g/mm4AAeSw37VqC3TC/s-l1600.jpg","The Shelf Cartel Toys","Toys & Games"
"SCT-0363","Hot Wheels Premium Fast and Furious - 1969 Ford Mustang Boss 302 - 25Th anniversary","Hot Wheels Premium Fast and Furious - 1969 Ford Mustang Boss 302 - 25Th anniversary voir autres annonces je peux shipper a vos frais","in stock","used_good","8.73 CAD","https://collectiblethang.vercel.app/product/bdd51a6b-c362-4a8d-9ba3-07dbcf89270c","https://i.ebayimg.com/images/g/UOAAAeSwUzJpWpZM/s-l1600.jpg","The Shelf Cartel Toys","Toys & Games"
"SCT-0364","Marvel Legends Series Avengers Dr Doom & Captain Marvel","Figurine Marvel Legends series Captain Marvel VS Dr doom Avengers . - Hasbro Neuf jamais ouverte voir autres annonces
Je peux shipper a vos frais","in stock","used_good","62 CAD","https://collectiblethang.vercel.app/product/9a9893a7-800e-451f-89cd-54f8d93f596e","https://i.ebayimg.com/images/g/sKwAAeSwqwJqJEHi/s-l1600.jpg","The Shelf Cartel Toys","Toys & Games"
"SCT-0365","Mega Bloks Dragons Metal Ages Blue Dragon Slann 9812 Odaku Armory 2005 HF","Mega Bloks Dragons – Metal Ages Blue Dragon Slann 9812 Odaku Armory HF 2005 prix ferme Ajoutez une pièce rare et recherchée à votre collection avec ce set Mega Bloks Dragons Metal Ages comprenant le Blue Dragon Slann 9812 issu de la série Odaku Armory HF. Sorti en 2005, ce jouet de construction combine univers médiéval fantastique et dragons articulés pour des scènes de bataille impressionnantes. Caractéristiques : * Marque : Mega Bloks
* Série : Dragons – Metal Ages
* Modèle : Slann Blue Dragon 9812
* Univers : Odaku Armory HF
* Année : 2005
* Figurine dragon articulée + éléments de construction
* Compatible avec la gamme Mega Bloks Dragons
* Idéal pour collection, diorama ou nostalgie 2000s État :
Article d’occasion vintage. Peut présenter des signes d’usure normale liés à l’âge ou au jeu (pièces, couleurs, boîtier si inclus). Veuillez consulter les photos pour l’état exact, elles font partie de la description. Mots-clés SEO :
Mega Bloks Dragons, Metal Ages, Blue Dragon Slann, 9812 Odaku Armory, HF 2005, dragon Mega Bloks, jouet construction dragon, figurine dragon articulée, vintage Mega Bloks, fantasy toys, collection 2000s.","in stock","used_good","25.65 CAD","https://collectiblethang.vercel.app/product/cb35710e-aeac-406b-88f8-058ba564edae","https://i.ebayimg.com/images/g/nIIAAeSwBVZqKgEd/s-l1600.jpg","The Shelf Cartel Toys","Toys & Games"
"SCT-0366","GI JOE Cobra Viper 6 pouces Classified Series - Retro G.I Joe","Figurine GI Joe Classified series Cobra Viper neuf de la retro collection mesurant 6 pouces non négociables G.I Joe","in stock","used_good","23.99 CAD","https://collectiblethang.vercel.app/product/5e7f1ce2-d4db-456a-92c2-14aeddb17dab","https://i.ebayimg.com/images/g/5L0AAeSwZZBp-1~i/s-l1600.jpg","The Shelf Cartel Toys","Toys & Games"
"SCT-0367","📀 Bakugan Battle Brawlers – DVD Vol. 1 & Vol. 5 (2009)","📀 Bakugan Battle Brawlers – DVD Vol. 1 & Vol. 5 (2009) Lot de 2 DVD officiels Bakugan Battle Brawlers comprenant les volumes 1 et 5, édition 2009 en version française (VF). Une série culte animée inspirée du célèbre jeu Bakugan, très populaire auprès des collectionneurs et fans d’anime des années 2000. Ces DVD regroupent les premiers épisodes de la série originale Bakugan Battle Brawlers, mettant en scène Dan, Drago et leurs amis dans des combats stratégiques entre Bakugan et humains. ⭐ Détails du produit : * Titre : Bakugan Battle Brawlers
* Contenu : DVD Vol. 1 + Vol. 5
* Année : 2009
* Format : DVD standard
* Série : Anime / Action / Aventure
* Franchise : Bakugan
* Épisodes tirés de la saison 1 originale 🎬 Contenu des volumes : * Vol. 1 : Introduction de Dan et du monde des Bakugan
* Vol. 5 : Suite des combats et évolution des personnages 📦 État : * Disques en bon état ou très bon état
* Boîtiers avec possibles marques normales d’usure
* Produit d’occasion vintage 🚀 Idéal pour : * Collectionneurs d’anime rétro
* Fans de Bakugan génération 2000
* Cadeau nostalgie
* Compléter une collection DVD anime ⸻ 🏷️ Mots-clés SEO (marketplace) Bakugan DVD, Bakugan Battle Brawlers, DVD anime français, Vol 1 Vol 5 Bakugan, 2009 anime, série TV Bakugan, Dan et Drago, collection DVD anime, manga DVD français, anime rétro 2000, jouet et série Bakugan, Warner Bros Bakugan DVD","in stock","used_good","17.43 CAD","https://collectiblethang.vercel.app/product/316217ad-5f9b-4b13-af2a-14b3ebe31174","https://i.ebayimg.com/images/g/H9AAAeSwFcFqLw0j/s-l1600.jpg","The Shelf Cartel Toys","Media > Books, Movies, Music"
"SCT-0368","Figurines Power ranger lightning collection in space silver ranger 6 pouces","Figurines Power Rangers Lightning Collection - In space Silver Rangers
Assez Rare Acheter au état unis.
hasbro Voir autres annonces
Je peux shipper a vos frais","in stock","used_good","46.55 CAD","https://collectiblethang.vercel.app/product/0ac69dd8-7cc7-42b1-b1e2-6e59f11b0d22","https://i.ebayimg.com/images/g/Wd0AAeSwPS5pF9Qa/s-l1600.jpg","The Shelf Cartel Toys","Toys & Games"
"SCT-0369","MSZ Maserati Gran Turismo MC GT4 WHITE 1:43 DIE CAST METAL MODEL voiture","MSZ Maserati Gran Turismo MC GT4 WHITE 1:43 DIE CAST METAL MODEL
Voir autres annonces","in stock","new","10.99 CAD","https://collectiblethang.vercel.app/product/cf45a6a7-9299-4a7d-99e0-94b044a8996e","https://i.ebayimg.com/images/g/A8QAAeSw74tqKq7v/s-l1600.jpg","The Shelf Cartel Toys","Toys & Games"
"SCT-0370","Lot 23 Hot Wheels Premium Fast & Furious Back to the Future GI Joe MTV Neuf","Lot de 23 Hot Wheels Premium neufs sous blister d’origine. 15$ chacun Inclut plusieurs séries recherchées : Fast & Furious, Back to the Future III, MTV Jackass, GI Joe, et plus. Voitures miniatures 1:64 métal, neuves scellées. Idéal pour collectionneurs ou revendeurs. Mots-clés : Hot Wheels Premium, lot, Fast and Furious, Back to the Future, GI Joe, MTV, Nissan, Mustang, Honda, Dodge, diecast, 1:64, collection, neuf scellé, cadeau.","in stock","used_good","71 CAD","https://collectiblethang.vercel.app/product/c5df1710-f3b9-4b25-adda-49ea964b909b","https://i.ebayimg.com/images/g/Fb4AAeSw-qlqnc3N/s-l1600.jpg","The Shelf Cartel Toys","Toys & Games"
"SCT-0371","Lot de 2 figurines TRANSFORMERS ONE Optimus Prime Orion Pax & Megatron D-16 neuf","Lot de 2 figurines TRANSFORMERS ONE Optimus Prime Orion Pax & Megatron D-16 neuf 2024 environ 20 cm de haut.
Les deux n’ont jamais été ouverts Condition neufs je peux shipper a vos frais
Voir autres annonces","in stock","used_good","34.3 CAD","https://collectiblethang.vercel.app/product/59f11c3e-3cc0-46eb-8c41-23a191248d3d","https://i.ebayimg.com/images/g/3pEAAeSwHQBp~d~h/s-l1600.jpg","The Shelf Cartel Toys","Toys & Games"
"SCT-0372","Lot de 10 figurines vintages chap mei soldats S.W.A.T army","Lot de 10 figurines vintage CHAP MEI – Soldats S.W.A.T / Armée Ensemble de 10 figurines d’action CHAP MEI, style militaire / unité spéciale S.W.A.T.
Figurines vintage idéales pour collectionneur ou pour compléter un ensemble. ✔️ Bon état général (voir photos pour détails)
✔️ Figurines articulées
✔️ Thème militaire / intervention
✔️ Possibilité de légères traces d’usure dues à l’âge Parfait pour collection, diorama ou jeu.","in stock","new","9.8 CAD","https://collectiblethang.vercel.app/product/e4246479-afc8-4f81-9e08-b6949a25c116","https://i.ebayimg.com/images/g/IZIAAeSwmvtp7pK9/s-l1600.jpg","The Shelf Cartel Toys","Toys & Games"
"SCT-0373","2 Douzaines Balles de Golf TaylorMade Distance+ neuves Génération Précédente – Emballage Bulk","Lot de 2 douzaines (24 balles) de golf TaylorMade Distance+ – génération précédente (Prior Gen), offrant une excellente combinaison de distance, vitesse et sensation douce. Ces balles sont idéales pour les golfeurs recherchant un bon compromis entre performance et prix, avec la technologie TaylorMade reconnue pour optimiser la distance sur les coups de départ tout en conservant un bon contrôle autour du green. ⭐ Caractéristiques : * Marque : TaylorMade
* Modèle : Distance+
* Quantité : 24 balles (2 dozen)
* Génération : Prior Generation (ancienne version)
* Emballage : Non-retail packaging (bulk / boîte générique)
* Type : Balles de golf performance distance
* Compression : faible à moyenne (jouabilité facile) 🚀 Avantages : * Excellent rapport distance / prix
* Sensation douce au contact
* Idéal pour joueurs amateurs et intermédiaires
* Parfait pour entraînement ou compétition
* Qualité TaylorMade éprouvée 📦 Condition : * Neuf ou comme neuf selon inventaire
* Emballage non commercial (bulk packaging)
* Balles intactes, jamais utilisées ⸻ 🔎 Mots-clés TaylorMade Distance+, balles de golf TaylorMade, 24 golf balls, 2 dozen golf balls, prior generation golf balls, golf cheap balls bulk, golf practice balls, distance golf balls, Taylormade bulk pack, golf equipment Canada, golf balls value pack","in stock","used_good","40 CAD","https://collectiblethang.vercel.app/product/18c9e060-1f6d-42ae-b630-713021ccdae1","https://i.ebayimg.com/images/g/mPIAAeSwt81qLtcG/s-l1600.jpg","The Shelf Cartel Toys","Sporting Goods"
"SCT-0374","Lot de 5 figurines DC Multiverse et DC Batman Bat Raptor Batgirl Superman etc","Lot de figurines et véhicules de collection DC Universe Batman Superman Bat Girl Batraptor. Harley Quinn n’est plus disponible voilà pourquoi le prix a été ajusté
Tout est neuf et scellé!","in stock","used_good","19 CAD","https://collectiblethang.vercel.app/product/f9660508-1e2b-4611-a154-f5f06658799d","https://i.ebayimg.com/images/g/wAIAAeSw-3lphq0E/s-l1600.jpg","The Shelf Cartel Toys","Toys & Games"
"SCT-0375","Hot Wheels Boulevard BMW M3 GTR #142 (édition Premium)","Modèle réduit Hot Wheels série Premium “Boulevard”, BMW M3 GTR argenté avec roues Real Riders, châssis métal. Carte #142, neuve et scellée dans son emballage d’origine. Design inspiré du célèbre jeu Need for Speed. Pièce prisée des collectionneurs Hot Wheels haut de gamme.
Mots-clés : Hot Wheels Boulevard, BMW M3 GTR, Real Riders, collection premium, voiture métal die-cast, Need for Speed collection","in stock","used_good","12.59 CAD","https://collectiblethang.vercel.app/product/216fea25-017a-4ed3-9584-e11496e383e6","https://i.ebayimg.com/images/g/KHEAAeSw6JVqZ7RB/s-l1600.jpg","The Shelf Cartel Toys","Toys & Games"
"SCT-0376","Fauteuil berçant miniature en bois massif fait à la main","Adorable petite chaise berçante (rocking chair) miniature en bois massif teinté, avec accoudoirs larges et dossier sculpté à motif arqué. Fabrication artisanale, patine vintage authentique. Parfait pour décoration de style farmhouse, présentoir de collection, ou pièce d’appoint chaleureuse. Solide et bien construite.
Mots-clés : chaise berçante miniature, rocking chair bois, meuble vintage, décor farmhouse, artisanat bois massif, collection miniature.","in stock","used_good","25.00 CAD","","https://scontent.fyhu2-1.fna.fbcdn.net/v/t45.5328-4/755392653_1925261011490018_3546902045709620816_n.jpg?stp=c0.39.261.261a_dst-jpg_p261x260_tt6&_nc_cat=107&ccb=1-7&_nc_sid=247b10&_nc_ohc=O2d9JlUEm8cQ7kNvwF3Umtt&_nc_oc=Adr5lg38e4SELYgdotGgAkGbolnFaguEa0cCcC1kMElb77aATcp7cfNRNBesCdyxPDvzCH_BQC8Mm-ZoYGwHIiqo&_nc_zt=23&_nc_ht=scontent.fyhu2-1.fna&_nc_gid=3-CDH0FIlkBidqkyQB8qWQ&_nc_ss=7b2a8&oh=00_AQLaq2zl4TEhwEuuYzH1j3UYAKaPi2tmAR1w8Iq56q10lw&oe=6ABC56E1","The Shelf Cartel Toys","Toys & Games"
"SCT-0377","Chauffage céramique oscillant Pelonis (neuf, dans la boîte)","Chauffage d’appoint Pelonis neuf et scellé, modèle PSHF2022EOC. Tour de bureau chauffante en céramique avec 2 réglages de chaleur, grand angle d’oscillation à 30°, thermostat réglable et protection automatique contre la surchauffe. Poignée intégrée “cool touch” pour transport sécuritaire. Idéal pour petites chambres, bureau à domicile ou appoint hivernal. Garantie limitée 1 an incluse.
Mots-clés : chauffage électrique, chauffe-pièce céramique, Pelonis neuf, chauffage oscillant, chauffage bureau, chauffage appoint hiver, petites chambres.","in stock","used_good","25.00 CAD","","https://scontent.fyhu2-1.fna.fbcdn.net/v/t45.5328-4/755979735_1562140892219947_1073813858398968011_n.jpg?stp=c0.38.261.261a_dst-jpg_p261x260_tt6&_nc_cat=105&ccb=1-7&_nc_sid=247b10&_nc_ohc=lDtVWE-caHgQ7kNvwGXhi_V&_nc_oc=AdrqnPokB_qsfOUIUTzYSnZzRT_Tpz0_li0OOKsMOQ9EQ2t8MefZ293v8DyqeP3M7amSmJsvfYODzFTE143DHutk&_nc_zt=23&_nc_ht=scontent.fyhu2-1.fna&_nc_gid=3-CDH0FIlkBidqkyQB8qWQ&_nc_ss=7b2a8&oh=00_AQKUa8RhWLQhEU_LTJ2w0UlIq76dGiumC8MSUDTssC0nSw&oe=6ABC3484","The Shelf Cartel Toys","Home & Garden"
"SCT-0378","Chaise miniature en bois avec siège en corde tressée idéal pour maison de poupée jeux ou décoration","Charmante chaise miniature artisanale fait à la main en bois foncé massif, dossier orné de croisillons décoratifs en X et siège tressé en corde naturelle façon jonc. Style rustique/campagnard, parfaite comme pièce d’appoint décorative, support pour plantes, ou ajout à une collection de meubles miniatures. Belle finition, bon état.
Mots-clés : chaise miniature bois, meuble décoratif miniature, siège corde tressée, décor rustique, artisanat vintage, collection meubles miniatures.","in stock","used_good","15.00 CAD","","https://scontent.fyhu2-1.fna.fbcdn.net/v/t45.5328-4/755701506_2108820732999575_6934177737075219315_n.jpg?stp=c0.51.261.261a_dst-jpg_p261x260_tt6&_nc_cat=107&ccb=1-7&_nc_sid=247b10&_nc_ohc=7_khXAc5rVgQ7kNvwEgixfj&_nc_oc=Adoegs2_ECf3fC6pK59oNDntZA_ZRWQSU7EDXchtCW4c57a4wDmE1lpaElgW-soXkGUfWTHxQSbWNiHLVwfV3eCB&_nc_zt=23&_nc_ht=scontent.fyhu2-1.fna&_nc_gid=3-CDH0FIlkBidqkyQB8qWQ&_nc_ss=7b2a8&oh=00_AQIwY9nSTWsLOsq8he4TuopP2GWwfYuSfZJ7TvzYOvEivw&oe=6ABC2FC6","The Shelf Cartel Toys","Toys & Games"
"SCT-0379","Masque tribal Africain de 1991 en bois sculpté à la main avec inscriptions 1991 Bali Claude","Masque décoratif en bois sculpté à la main, teinte rouge-brun avec motif central sculpté en relief (bois clair) et inscriptions gravées sur le pourtour du visage. Style artisanal tribal/ethnique, belle pièce d’accent murale pour décor bohème ou collection d’art populaire. Fait main, pièce unique.
Mots-clés : masque tribal bois, art ethnique sculpté, décoration murale artisanale, masque africain style, art populaire, pièce unique décor bohème.","in stock","used_good","26 CAD","https://collectiblethang.vercel.app/product/328370cb-58e3-4081-b903-96944f27f398","https://i.ebayimg.com/images/g/5LgAAeSwEbBqY9F7/s-l1600.jpg","The Shelf Cartel Toys","Home & Garden"
"SCT-0380","Ensemble de 3 verres Vermouth vintage publicitaires Dubonnet France","Trio de verres à whisky/rock vintage avec illustrations publicitaires rétro de la marque française Dubonnet, incluant les slogans classiques “Dubo Dubon Dubonnet” et “Dubonnet à l’eau”. Style graphique années 50-60, parfait pour bar à la maison, collection de verrerie vintage ou cadeau pour amateur de cocktails rétro. Bon état, sans ébréchures visibles.
Mots-clés : verres vintage Dubonnet, verrerie rétro, verre à whisky collection, publicité vintage française, bar vintage, cadeau amateur cocktail.","in stock","used_good","45 CAD","https://collectiblethang.vercel.app/product/eac9ae87-3fb4-45b1-8498-f781b6bdddc8","https://scontent.fyhu2-1.fna.fbcdn.net/v/t45.5328-4/756053001_3323569354513790_1326224050415438151_n.jpg?stp=c92.0.260.260a_dst-jpg_p261x260_tt6&_nc_cat=105&ccb=1-7&_nc_sid=247b10&_nc_ohc=sx5jWqyVbToQ7kNvwE4Df-m&_nc_oc=AdoDCxv_VGbShkCuoTqjcS6sf5Jy3BIbvYKxwwb7P36xwKdhsNkJfVkCrcKVSOhOv5Yielnp2CAO6sHTH0wqaAk-&_nc_zt=23&_nc_ht=scontent.fyhu2-1.fna&_nc_gid=3-CDH0FIlkBidqkyQB8qWQ&_nc_ss=7b2a8&oh=00_AQKnk6w-39IbKSGHdoh0W9NGuclxCTPBmSkNmUGr2HkOAQ&oe=6ABC2DC7","The Shelf Cartel Toys","Home & Garden"
"SCT-0381","Tracteur miniature Case IH 165 (modèle réduit détaillé) 1:32 2006","Tracteur agricole miniature Case IH modèle 165, roues jumelées à l’arrière, cabine détaillée avec volant et siège, échappement vertical. Belle réplique pour amateur de machinerie agricole, décor de ferme miniature ou collection de tracteurs jouets. État très correct, quelques signes d’usage normaux.
Mots-clés : tracteur miniature Case IH, jouet agricole collection, tracteur modèle réduit, ferme miniature, machinerie agricole jouet.","in stock","used_good","39 CAD","https://collectiblethang.vercel.app/product/a50b0915-e575-48a2-a1ee-a768e4af58ab","https://i.ebayimg.com/images/g/x4cAAeSwYaxqY9Qf/s-l1600.jpg","The Shelf Cartel Toys","Toys & Games"
"SCT-0382","Paire de Masques Balinais Bois Sculpté Main Rama Sita Ramayana Décoration Murale Indonésie","Magnifique paire de masques en bois sculptés à la main, originaires de Bali, Indonésie, représentant Rama et Sita, personnages emblématiques du Ramayana. Chaque masque est peint à la main avec une grande finesse de détails — le masque féminin arbore une coiffe à plumes élaborée aux tons or, rouge et violet, tandis que le masque masculin porte une couronne traditionnelle bleue et or (mahkota) aux motifs géométriques et floraux. ✨ Points forts : •	Bois véritable sculpté et peint main •	Artisanat traditionnel balinais authentique •	Vendus en paire (homme + femme) •	Système d’accroche intégré au dos pour suspension murale facile •	Idéal pour une décoration ethnique, bohème ou d’inspiration voyage État : excellent, sans éclat ni fissure visible Pièce déco parfaite pour un salon, un couloir, un bureau, ou comme souvenir de collection ramené de Bali. 📍 Remise en main propre disponible — contactez-moi pour plus de photos ou de détails.","in stock","used_good","60.00 CAD","","https://scontent.fymq2-1.fna.fbcdn.net/v/t45.5328-4/755227939_1783860855936987_5791932940619010622_n.jpg?stp=c43.0.260.260a_dst-jpg_p261x260_tt6&_nc_cat=100&ccb=1-7&_nc_sid=247b10&_nc_ohc=OG3v8RXH3DgQ7kNvwF1sKiE&_nc_oc=Adp_bKlaWAbM3mfBR0bD6KDpJpY9X93umH8aFfHpN6VewK_lrJ8CjNFgbXKj5ZPC4V0NjJj6fWKIRaw_tlL4ivfL&_nc_zt=23&_nc_ht=scontent.fymq2-1.fna&_nc_gid=3-CDH0FIlkBidqkyQB8qWQ&_nc_ss=7b2a8&oh=00_AQJr_v7wWxJ8BzzKX7qdmFAUYSTNI1UgC3fXv8polAs-Eg&oe=6ABC5898","The Shelf Cartel Toys","Home & Garden"
"SCT-0383","Disney Pixar Cars Flash McQueen & Martin (Mater) Duo Die-Cast 2026 Rare neuf","Revivez l’univers de Disney Pixar Cars avec ce duo de figurines en métal moulé (die-cast) comprenant Flash McQueen (Lightning McQueen) et Martin (Mater). Édition 2026, cet ensemble est idéal pour les collectionneurs et les amateurs de la célèbre franchise Disney Pixar. Les deux véhicules présentent de beaux détails et sont parfaits pour l’exposition, le jeu ou pour compléter une collection Cars. Caractéristiques : * Licence officielle : Disney Pixar Cars
* Personnages : Flash McQueen (Lightning McQueen) et Martin (Mater)
* Fabricant : Mattel
* Année : 2026
* Matériau : Métal moulé (Die-Cast) avec détails en plastique
* neuf Voir autres annonces","in stock","used_good","21.84 CAD","https://collectiblethang.vercel.app/product/db5dbdd3-38b4-4b1d-af15-b9a66ac246cd","https://i.ebayimg.com/images/g/DTcAAeSwK8xqXoeE/s-l1600.jpg","The Shelf Cartel Toys","Toys & Games"
"SCT-0384","Gratte-Dos Japonais Vintage en Bois et Bambou Signé – Outil de Massage Traditionnel Post-1940","Authentique gratte-dos japonais vintage en bois et bambou, fabriqué après 1940. Cet outil de massage traditionnel présente une belle fabrication artisanale et porte une signature gravée, ajoutant à son intérêt pour les collectionneurs d’objets japonais et d’art populaire asiatique. À la fois pratique et décoratif, il constitue une belle pièce de collection ou un cadeau original pour les amateurs de culture japonaise. Caractéristiques : * Origine : Japon
* Période : Post-1940
* Type : Gratte-dos / Outil de massage traditionnel
* Matériaux : Bois et bambou
* Signature gravée (voir photos)
* Fabrication artisanale
* Objet vintage État :
Article vintage d’occasion présentant des traces d’usure normales liées à l’âge. Veuillez examiner attentivement les photos, car elles font partie intégrante de la description et montrent l’état exact de l’article. N’hésitez pas à me contacter pour toute question ou demande de photos supplémentaires. Voir autres annonces
Je peux expedier a vos frais","in stock","used_good","50.00 CAD","","https://scontent.fyhu2-1.fna.fbcdn.net/v/t45.5328-4/753267608_975591628846103_7214926393319407982_n.jpg?stp=c44.0.260.260a_dst-jpg_p261x260_tt6&_nc_cat=105&ccb=1-7&_nc_sid=247b10&_nc_ohc=6r5scT0TcO0Q7kNvwHTtJjA&_nc_oc=AdpAyVRAf1BwJl7mdSET7ZzTHvLsQvRvrSDJ65S6dtI64eO4RTYXNzGG0KrWUGFGTwg7aOY629DpIF8DZ9nMP4GD&_nc_zt=23&_nc_ht=scontent.fyhu2-1.fna&_nc_gid=CSw3r3DX_bN0BM5BVmdl-Q&_nc_ss=7b2a8&oh=00_AQJXwAXfxbKMxTyFoyubN5kdBTAkhGQbZyfnpdOeR0es_A&oe=6ABC4940","The Shelf Cartel Toys","Toys & Games"
"SCT-0385","Canon Médiéval Papo 1999 en Plastique Rigide – Accessoire de Figurines Fantastiques Retiré","Complétez votre univers médiéval avec ce canon Papo datant de 1999. Fabriqué en plastique rigide, cet accessoire de jeu est idéal pour accompagner vos chevaliers, soldats, pirates ou autres figurines de la gamme Papo. Ce modèle est aujourd’hui retiré de la production, ce qui en fait une belle pièce pour les collectionneurs. Caractéristiques : * Marque : Papo
* Année : 1999
* Type : Canon médiéval
* Matériau : Plastique rigide (PVC)
* Couleur : Noir
* Figurines non incluses
* Modèle retiré (Retired)","in stock","used_good","14 CAD","https://collectiblethang.vercel.app/product/20be5af9-beac-426e-a90c-430f227a206e","https://i.ebayimg.com/images/g/EX0AAeSwHg9qX7dY/s-l1600.jpg","The Shelf Cartel Toys","Toys & Games"
"SCT-0386","Figurine Métal Magicien Dungeons & Dragons Jada Toys 2020 Die-Cast Sans Boîte","Ajoutez un héros emblématique de Dungeons & Dragons à votre collection avec cette figurine en métal Wizard (Magicien) fabriquée par Jada Toys en 2020. Conçue en métal moulé (die-cast) avec une finition soignée, cette figurine est idéale pour les collectionneurs, les amateurs de jeux de rôle et les passionnés de l’univers D&D. Vendue sans sa boîte d’origine, elle est parfaite pour l’exposition ou pour compléter une collection. Caractéristiques : * Marque : Jada Toys
* Licence officielle : Dungeons & Dragons
* Personnage : Wizard (Magicien)
* Année : 2020
* Matériau : Métal moulé (Die-Cast)
* Couleurs appliquées avec détails
* Figurine vendue seule (sans boîte) État :
Article d’occasion en bon état. Veuillez examiner attentivement les photos, car elles font partie intégrante de la description et illustrent l’état exact de l’article. Voir autres annonces","in stock","used_good","2 CAD","https://collectiblethang.vercel.app/product/ecd00241-9c6a-45d6-8b03-e9b472d530af","https://i.ebayimg.com/images/g/bqEAAeSwxLNqX7o2/s-l1600.jpg","The Shelf Cartel Toys","Toys & Games"
"SCT-0387","Hot Wheels '20 Toyota GR Supra #157 grise HW 2026 Then & Now 6/10","'20 Toyota GR Supra #157 Grise Hot Wheels 2026 Then & Now 6/10 Bonne condition ! Mint
Voir autres annonces","in stock","used_good","5.55 CAD","https://collectiblethang.vercel.app/product/b068694b-c282-42cf-9513-a1337c90aefa","https://i.ebayimg.com/images/g/68sAAeSwrndqYTGM/s-l1600.jpg","The Shelf Cartel Toys","Toys & Games"
"SCT-0388","Hot Wheels Scuderia Ferrari HP Formula 1 F1 Car #120/250 Diecast JJJ78-N7C5","Hot Wheels Scuderia Ferrari HP Formula 1 F1 Car #120/250 Diecast JJJ78-N7C5 Rouge
Plusieurs de disponibles
Voir mes autres annonces","in stock","used_good","8.5 CAD","https://collectiblethang.vercel.app/product/45232ad9-e75d-424d-be78-5242a2609702","https://i.ebayimg.com/images/g/S6EAAeSw-ABqX995/s-l1600.jpg","The Shelf Cartel Toys","Toys & Games"
"SCT-0389","Statuette humoristique pompier – Figurine décorative artisanale de collection","Ajoutez une touche d’humour à votre décoration avec cette magnifique statuette représentant un pompier caricatural en tenue d’intervention, appuyé contre une borne-fontaine. Cette figurine artisanale est idéale pour les pompiers, les retraités du métier ou les collectionneurs d’objets originaux. Caractéristiques : * 🚒 Figurine humoristique de pompier
* 🧑‍🚒 Fabrication artisanale
* 🎨 Peinte à la main
* 🏠 Parfaite pour la maison, le bureau ou une caserne
* 🎁 Excellente idée cadeau pour un pompier ou un amateur de pompiers
* ⭐ Objet de collection unique Cette statuette apportera une touche de caractère et de bonne humeur à n’importe quel décor.","in stock","used_good","10.00 CAD","","https://scontent.fyhu2-1.fna.fbcdn.net/v/t45.5328-4/751472199_1807867530393664_7634149394719343640_n.jpg?stp=c0.7.261.261a_dst-jpg_p261x260_tt6&_nc_cat=107&ccb=1-7&_nc_sid=247b10&_nc_ohc=6boWzcWcAmAQ7kNvwET7Fxh&_nc_oc=AdpS4sDkp2L1k2hlZ9vL4BcCl2U4G1uvpwl3pH2Zwa-A17e0ILl3fsOlzSwaEFOY_mcf1Ak-mPoKkJz74Gi3h0J0&_nc_zt=23&_nc_ht=scontent.fyhu2-1.fna&_nc_gid=CSw3r3DX_bN0BM5BVmdl-Q&_nc_ss=7b2a8&oh=00_AQIKmcm36G1UeuISDAHtMKl_CIVWODKMk4gcLzOHlAuf2Q&oe=6ABC23D8","The Shelf Cartel Toys","Home & Garden"
"SCT-0390","Overwatch Game of the Year Edition PC DVD-ROM Blizzard Bonus WOW & Heroes Storm","Overwatch: Game of the Year Edition for PC — physical box set including the original game DVD, a World of Warcraft “Play Free Now” trial card, and a Heroes of the Storm “Free Hero – Jaina” promo card. Buyer will receive exactly what is shown in the photos: the outer box, game DVD, manual, WoW trial card, and Heroes of the Storm hero card. Please review all photos carefully before purchasing, as they reflect the complete and final condition of the item. Sold as-is no return","in stock","new","14.99 CAD","https://collectiblethang.vercel.app/product/a39b27b2-0fd6-4b4f-ac42-b196eb203fae","https://i.ebayimg.com/images/g/Q2UAAeSwsHRqW5pX/s-l1600.jpg","The Shelf Cartel Toys","Toys & Games > Video Games"
"SCT-0391","Pokémon TCG Mega Greninja EX Premium Collection Box Neuf","Pokémon TCG Mega Greninja EX Premium Collection Box English, New & Sealed
100$ Voir autres annonces","in stock","used_good","129 CAD","https://collectiblethang.vercel.app/product/bd94b6b3-6aca-4673-94ba-bb3db223c445","https://i.ebayimg.com/images/g/HgEAAeSwSwhqWSu3/s-l1600.jpg","The Shelf Cartel Toys","Collectibles"
"SCT-0392","Jada 1:24 The Fast And Furious Mia’s Acura Integra diecast","Jada toys Voiture emblématique de Rapide et Dangereux 1:24 The Fast And Furious Mia’s Acura Integra diecast Voir autres annonces
Peux shipper a vos frais","in stock","used_good","32 CAD","https://collectiblethang.vercel.app/product/90a78410-732d-42ba-a8f8-c32146817328","https://i.ebayimg.com/images/g/XWsAAeSwnlJqBnXr/s-l1600.jpg","The Shelf Cartel Toys","Toys & Games"
"SCT-0393","Figurine Sonic The Hedgehog Unleashed Werehog Posable Jazwares Action Figure Rare Posable","Figurine Sonic The Hedgehog Unleashed Werehog Posable Jazwares Action Figure Rare Posable Voir autres annonces
Je peux shipper a vos frais Se vend environ 40 50 $ sur internet","in stock","used_good","28 CAD","https://collectiblethang.vercel.app/product/2b782110-e38f-4207-ba90-2e7befcb0f0b","https://i.ebayimg.com/images/g/O0oAAeSwGUZoxXdv/s-l1600.jpg","The Shelf Cartel Toys","Toys & Games"
"SCT-0394","Chandelier antique Bougeoir baroque métal bronze & argenté style classique luxe XVIIe siècle","Apportez une touche d’élégance et de raffinement à votre intérieur avec ce bougeoir baroque vintage en métal bronze et argenté. Son design orné et décoratif évoque le style classique et luxueux du XVIIe siècle, parfait pour sublimer votre table, cheminée ou étagère. Idéal pour des dîners romantiques, décorations de mariage ou événements spéciaux, ce bougeoir combine esthétique vintage et solidité du métal. Un véritable accessoire déco baroque qui attirera tous les regards.","in stock","used_fair","13 CAD","https://collectiblethang.vercel.app/product/1d0f1a8d-9ab4-4b2a-ba7f-906626c088d0","https://i.ebayimg.com/images/g/RlQAAeSwtM5o3GBW/s-l1600.jpg","The Shelf Cartel Toys","Home & Garden"
"SCT-0395","Figurine McDONALD'S Mario Kart Vehicle Nintendo , Mario Bros Toad 🍄","2014 McDONALD'S Mario Kart Vehicle Nintendo HAPPY MEAL TOY - Toad
Voir autres annonces
Je peux shipper a vos frais","in stock","new","59.5 CAD","https://collectiblethang.vercel.app/product/b44844af-276f-4976-b4d1-93c0705fbb4e","https://i.ebayimg.com/images/g/DKYAAeSwJbJperf6/s-l1600.jpg","The Shelf Cartel Toys","Toys & Games"
"SCT-0396","Hot wheels The 90’ Subaru Impreza 22b-STI Version","Hot wheels
Hotwheels
Voir aussi mes autres annonces","in stock","used_good","4.99 CAD","https://collectiblethang.vercel.app/product/7c4e39c6-cd3c-4b20-8948-7e52deee8339","https://i.ebayimg.com/images/g/aQMAAeSw7x5paqmS/s-l1600.jpg","The Shelf Cartel Toys","Toys & Games"
"SCT-0397","WWF WWE Classic games Carte Hulk Hogan Vintage 1991","MAgnifique carte de La WWE de Hulk hogan carte à collectionner vintage de 1991 Toujours été dans son protecteur","in stock","used_good","9.66 CAD","https://collectiblethang.vercel.app/product/3b42e891-360a-4912-b615-710c15b107f2","https://i.ebayimg.com/images/g/WgAAAeSwRhpoqNfE/s-l1600.jpg","The Shelf Cartel Toys","Toys & Games"
"SCT-0398","Figurine star wars the force awakens 2 figurines sidon et first mate quindgold","Voir aussi mes autres annonces
Hasbro disney","in stock","used_good","50 CAD","https://collectiblethang.vercel.app/product/9992c18b-da75-490e-a3cd-881a8b8a0c26","https://i.ebayimg.com/images/g/g7YAAeSwmnZpSGK3/s-l1600.jpg","The Shelf Cartel Toys","Toys & Games"
"SCT-0399","Figurine Luke Skywalker Retro Collection - Hasbro 3.75 pouces","Figurine Hasbro Star wars - Plusieurs de disponibles voir autres annonces pour plus de star wars","in stock","used_good","13.57 CAD","https://collectiblethang.vercel.app/product/2b2f94f7-fedc-4da2-8810-058bfa172986","https://i.ebayimg.com/images/g/67kAAeSwZfBpd7M8/s-l1600.jpg","The Shelf Cartel Toys","Toys & Games"
"SCT-0400","Jeux de société Clue Conspiration","Clue conspiracy neuf dans le plastique","in stock","used_good","20.00 CAD","","https://scontent.fymq3-1.fna.fbcdn.net/v/t45.5328-4/774034485_2462612577584134_2556655529395300921_n.jpg?stp=c0.0.261.261a_dst-jpg_p261x260_tt6&_nc_cat=101&ccb=1-7&_nc_sid=247b10&_nc_ohc=jhIAl3F9yLMQ7kNvwFtDYct&_nc_oc=AdpiwuY971Ae58buqmUOizbVYdTi7CTg5MdcryfCszjYVUajerYKXQJNYUl1sflZxrstLztR84eWOgIXJ4gPjiGT&_nc_zt=23&_nc_ht=scontent.fymq3-1.fna&_nc_gid=d0-CYpinWXtlrbvN_kMZCw&_nc_ss=7b2a8&oh=00_AQIEZqPL_d1O-UPoRMJnV4Bwr88vQb8KNrRLIH7VaaW_gA&oe=6ABC299C","The Shelf Cartel Toys","Toys & Games"