Item number,Title,Variation details,Custom label (SKU),Available quantity,Format,Currency,Start price,Auction Buy It Now price,Reserve price,Current price,Sold quantity,Watchers,Bids,Start date,End date,eBay category 1 name,eBay category 1 number,eBay category 2 name,eBay category 2 number,Condition,CD:Professional Grader - (ID: 27501),CD:Grade - (ID: 27502),CDA:Certification Number - (ID: 27503),CD:Card Condition - (ID: 40001),eBay Product ID(ePID),Listing site,P:UPC,P:EAN,P:ISBN
"146429127103",RetroScaler2x AV to HDMI Converter Line-Doubler Retro Game Consoles PS2 N64 NES,,,"2","FIXED_PRICE","CAD",100.0,,,100.0,"12","9","0","Mar-04-25 13:54:01 PST","Nov-04-26 13:54:01 PST","Cables & Adapters","171814","","","New","","","","","","CA","4712280486547","",""
"146523281067",Hasbro FORTNITE Victory Royale  Jules & OHM Deluxe Collectible Action Figure,,,"1","FIXED_PRICE","CAD",41.0,,,41.0,"4","48","0","Apr-16-25 13:01:58 PDT","Oct-16-26 13:01:58 PDT","Action Figures","261068","","","New","","","","","","CA","","",""
"146535880336",PlayStation Ghost of Tsushima 6” Jin Sakai Samurai Action Figure 2 Accessories,,,"4","FIXED_PRICE","USD",34.0,,,34.0,"2","13","0","Apr-21-25 14:25:11 PDT","Oct-21-26 14:25:11 PDT","Action Figures","261068","","","New","","","","","","US","Does not apply","",""
"146603848611",McFarlane DC Direct Superman Limited Edition Collector Vinyl (Todd's Mods),,,"2","FIXED_PRICE","CAD",24.0,,,24.0,"1","2","","May-24-25 18:17:11 PDT","Oct-24-26 18:17:11 PDT","Action Figures","261068","","","New","","","","","26045139944","CA","0787926150957","",""
"146604971431",The Last Faith PlayStation 5 Brand NEW And SEALED North America,,,"5","FIXED_PRICE","CAD",70.0,,,70.0,"3","9","0","May-25-25 07:16:13 PDT","Oct-25-26 07:16:13 PDT","Video Games","139973","","","Brand New","","","","","","CA","","",""
"146604971854",The Last Faith Xbox Series X & Xbox One Brand: U&I New And Sealed Fast Shipping!,,,"2","FIXED_PRICE","CAD",65.0,,,65.0,"1","6","0","May-25-25 07:17:00 PDT","Oct-25-26 07:17:00 PDT","Video Games","139973","","","Brand New","","","","","","CA","","",""
"146620835078",The Last of Us PlayStation Action Figures Master Joel and Ellie 6” Collector New,,,"1","FIXED_PRICE","CAD",99.0,,,99.0,"0","13","0","Jun-01-25 18:04:16 PDT","Nov-01-26 18:04:16 PST","Action Figures","261068","","","New","","","","","","CA","","",""
"146775811222",Maisto Tech 1:10 RC Ferrari SF23 Formula 1 Car  Charles Leclerc #16 Licensed F1,,,"1","FIXED_PRICE","CAD",95.0,,,95.0,"0","5","0","Aug-16-25 08:28:59 PDT","Oct-16-26 08:28:59 PDT","Cars, Trucks & Motorcycles","182183","","","New","","","","","","CA","Does not apply","",""
"146778317821",McLaren F1 Formula 1 Racing 1:43 Diecast Model Car Limited 6Pack Set Bburago New,,,"1","FIXED_PRICE","CAD",50.0,,,50.0,"2","2","0","Aug-17-25 15:09:56 PDT","Oct-17-26 15:09:56 PDT","Contemporary Manufacture","180506","","","New","","","","","","CA","Does not apply","",""
"146789493822",Marvel Legends Series - Wolverine Action Figure - Dead Pool And Wolverine Movie,,,"3","FIXED_PRICE","CAD",60.0,,,60.0,"0","1","0","Aug-23-25 10:55:06 PDT","Oct-23-26 10:55:06 PDT","Action Figures","261068","","","New","","","","","","CA","Does not apply","",""
"146791441860",Mighty Morphin Power Rangers ReIgnition Pink Ranger 2025 Playmates Kimberly New,,,"2","FIXED_PRICE","USD",19.99,,,19.99,"2","2","0","Aug-24-25 07:18:55 PDT","Oct-24-26 07:18:55 PDT","Action Figures","261068","","","New","","","","","","US","","",""
"146791990606",Disney Encanto “We Don't Talk About Bruno” Dolls Set Of 6 Action Figures - Jakks,,,"10","FIXED_PRICE","CAD",18.0,,,18.0,"0","2","0","Aug-24-25 14:19:20 PDT","Oct-24-26 14:19:20 PDT","Action Figures","261068","","","New","","","","","7050773896","CA","0192995219373","",""
"146792023018",Waterpik Water Flosser Ultra + Nano Water Flosser Set With 12 Adapters & Bag NEW,,,"1","FIXED_PRICE","CAD",75.0,,,75.0,"0","","","Aug-24-25 15:03:01 PDT","Oct-24-26 15:03:01 PDT","Dental Floss & Flossers","159758","","","Open box","","","","","","CA","","",""
"146802816298",Continuous Firing ZP5 357 Revolver Launcher Pistol Soft Dart Bullet Kids Toy Gun,,,"3","FIXED_PRICE","USD",15.29,,,15.29,"2","4","0","Aug-30-25 16:01:45 PDT","Oct-30-26 16:01:45 PDT","Dart Guns & Soft Darts","158749","","","New","","","","","","US","Does not apply","",""
"146802822670",Deadpool Red Cosplay Mask Wade Wilson Halloween Costume Prop Adult Marvel,,,"3","FIXED_PRICE","USD",18.99,,,18.99,"2","0","0","Aug-30-25 16:09:11 PDT","Oct-30-26 16:09:11 PDT","Masks & Eye Masks","116724","","","New with tags","","","","","","US","Does Not Apply","",""
"146804026999",Marvel Legends Maximum Series Deadpool with 24 Accessories Instock,,,"12","FIXED_PRICE","CAD",74.0,,,74.0,"0","1","","Aug-31-25 06:26:37 PDT","Oct-31-26 06:26:37 PDT","Action Figures","261068","","","New","","","","","9034933406","CA","0630509861903","",""
"146804829076",SEGA Genesis DIORAMA Console Heroes Supervillain Bundle  - IN HAND  NEW / SEALED,,,"4","FIXED_PRICE","CAD",12.99,,,12.99,"5","12","0","Aug-31-25 17:38:23 PDT","Oct-31-26 17:38:23 PDT","Video Game Merchandise","38583","","","New","","","","","","CA","","",""
"146818840622",Portable Power Station Explorer 300 Plus + Solar Saga 40 Solar Generator Battery,,,"1","FIXED_PRICE","CAD",599.0,,,599.0,"0","1","0","Sep-07-25 16:48:45 PDT","Oct-07-26 16:48:45 PDT","Generators","33082","","","New","","","","","","CA","810105521979","",""
"146828450773","Buffy the Vampire Slayer: Season 3 (DVD, 2002) Complete Third Season NEW & SEAL",,,"1","FIXED_PRICE","CAD",18.0,,,18.0,"0","1","0","Sep-12-25 14:25:50 PDT","Oct-12-26 14:25:50 PDT","DVDs & Blu-ray Discs","617","","","Brand New","","","","","6071209111","CA","0024543057987","",""
"146832098685",Hasbro Marvel Legends Daredevil: The Man Without Fear Daredevil Figure,,,"2","FIXED_PRICE","USD",36.0,,,36.0,"1","7","0","Sep-14-25 10:23:39 PDT","Oct-14-26 10:23:39 PDT","Action Figures","261068","","","New","","","","","","US","5010993849000","",""
"146834329106",80 CFM Bathroom Exhaust Fan 0.5 sones Bath NO Noise w/Integrated Switch 5L Light,,,"4","FIXED_PRICE","CAD",84.0,,,84.0,"1","0","","Sep-15-25 13:24:56 PDT","Oct-15-26 13:24:56 PDT","Exhaust Fans & Ventilators","122909","","","Open box","","","","","","CA","","",""
"146838850926","Horizon Forbidden West VARL 6"" Inch Playstation Action Figure Spin Master New",,,"3","FIXED_PRICE","CAD",40.0,,,40.0,"0","","","Sep-17-25 16:15:35 PDT","Oct-17-26 16:15:35 PDT","Action Figures","261068","","","New","","","","","","CA","681147017689","",""
"146838872600",Vintage SAPPORO Katana Bottle Opener Sword Japan Collector’s Gift,,,"0","FIXED_PRICE","CAD",58.0,,,58.0,"17","36","0","Sep-17-25 16:40:07 PDT","Oct-17-26 16:40:07 PDT","Other Breweriana","118","","","New","","","","","","CA","","",""
"146846838171",Mcfarlane Collectors Edition Batman Mobius Chair Darkseid War #47 DC Multiverse,,,"2","FIXED_PRICE","CAD",62.0,,,62.0,"0","28","0","Sep-21-25 15:59:56 PDT","Oct-21-26 15:59:56 PDT","Action Figures","261068","","","New","","","","","","CA","787926155921","",""
"146848455692",Hot Wheels Jaws Sharks Character Cars HHB74 - 4B10 MINT - 2022,,,"2","FIXED_PRICE","CAD",33.0,,,33.0,"0","14","0","Sep-22-25 11:08:37 PDT","Oct-22-26 11:08:37 PDT","Contemporary Manufacture","180506","","","New","","","","","","CA","194735226641","",""
"146848478682",Disney Villains Black Brights Collection 4 Fashion Dolls Ursula Cruella NEW SEAL,,,"1","FIXED_PRICE","USD",40.0,,,40.0,"0","2","0","Sep-22-25 11:28:26 PDT","Oct-22-26 11:28:26 PDT","Dolls & Doll Playsets","262346","","","New","","","","","","US","5010993932658","",""
"146856734557",Harry Potter Wizarding World Magical Minis Diagon Alley Playset Lights & Sounds,,,"2","FIXED_PRICE","CAD",149.0,,,149.0,"0","2","0","Sep-26-25 17:57:16 PDT","Oct-26-26 17:57:16 PDT","Harry Potter","29798","","","New","","","","","","CA","","",""
"146864817674",My Life As Harry Potter GRYFFINDOR Posable 18-inch Doll Blonde Hair NEW IN BOX,,,"1","FIXED_PRICE","CAD",66.0,,,66.0,"0","1","0","Sep-30-25 12:19:40 PDT","Oct-30-26 12:19:40 PDT","Dolls & Doll Playsets","262346","","","New","","","","","","CA","","",""
"146865278983","G.I. Joe Classified Series Tripwire, Apsara, & M.A.C.L.E.O.D., 78",,,"3","FIXED_PRICE","CAD",90.0,,,90.0,"7","11","0","Sep-30-25 18:47:26 PDT","Oct-30-26 18:47:26 PDT","Action Figures","261068","","","New","","","","","","CA","Does not apply","",""
"146865472527","Batman The Animated Series BANE BAF Bruce Wayne, McFarlane Toys, BTAS",,,"1","FIXED_PRICE","CAD",43.99,,,43.99,"0","27","0","Sep-30-25 20:51:28 PDT","Oct-30-26 20:51:28 PDT","Action Figures","261068","","","New","","","","","","CA","","",""
"146866620113",Philips Hue Bridge Pro Supports 150 Lights Motion Aware Wifi Smart Hub Ship Now,,,"6","FIXED_PRICE","CAD",249.0,,,249.0,"12","9","0","Oct-01-25 08:22:06 PDT","Nov-01-26 08:22:06 PST","Other Smart Home Electronics","185065","","","New","","","","","","CA","46677582111","",""
"146871414101","Jurassic World Super Colossal Atrociraptor 36"" Dinosaur Action Figure Toy Mattel",,,"4","FIXED_PRICE","CAD",95.0,,,95.0,"0","16","0","Oct-03-25 10:38:47 PDT","Nov-03-26 10:38:47 PST","Action Figures","261068","","","New","","","","","","CA","194735309634","",""
"146875553201",Little People Collector Britney Spears Special Edition Mattel Fisher-Price NEW,,,"1","FIXED_PRICE","CAD",79.0,,,79.0,"3","45","0","Oct-05-25 14:39:05 PDT","Nov-05-26 14:39:05 PST","Little People (1997-Now)","158744","","","New","","","","","","CA","0194735251001","",""
"146885054067",Bitty Boomers Star Wars The Mandalorian and Grogu in Pram Bluetooth Speakers,,,"1","FIXED_PRICE","CAD",30.0,,,30.0,"1","1","","Oct-09-25 18:35:02 PDT","Oct-09-26 18:35:02 PDT","Audio Docks & Mini Speakers","111694","","","New","","","","","1542095046","CA","0092298924700","",""
"146887414723",Batman Phantasm TAS Figure Atrocitus Armor Error Misassembled Rare Factory error,,,"1","FIXED_PRICE","CAD",105.0,,,105.0,"1","27","0","Oct-10-25 18:26:21 PDT","Oct-10-26 18:26:21 PDT","Action Figures","261068","","","New","","","","","","CA","","",""
"146891467852",DC Multiverse Huntress McFARLANE COLLECTOR EDITION 7 inch Action Figure New Mint,,AF-91467852,"1","FIXED_PRICE","CAD",43.0,,,43.0,"0","0","","Oct-12-25 11:44:24 PDT","Oct-12-26 11:44:24 PDT","Action Figures","261068","","","New","","","","","","CA","","",""
"146891947149",Star Wars Figures Set Luke Skywalker Darth Vader Mandalorian Grogu Rey Trooper,,,"1","FIXED_PRICE","USD",13.0,,,13.0,"0","1","0","Oct-12-25 17:10:07 PDT","Oct-12-26 17:10:07 PDT","Action Figures","261068","","","New","","","","","","US","5010993927616","",""
"146898138962","DC Multiverse 6"" Figure 2-pack Exclusive Jonah Hex w/The General Gold Label",,,"2","FIXED_PRICE","CAD",158.0,,,158.0,"7","65","0","Oct-15-25 11:38:11 PDT","Oct-15-26 11:38:11 PDT","Action Figures","261068","","","New","","","","","","CA","787926171471","",""
"146898417559",Smart Glasses Chat-GPT AI 8MP HD Video Recording Translation Bluetooth Earphone,,,"5","FIXED_PRICE","USD",72.0,,,72.0,"0","1","","Oct-15-25 13:23:17 PDT","Oct-15-26 13:23:17 PDT","Smart Glasses","178894","","","New","","","","","","US","Does not apply","",""
"146898419156",Smart Glasses Chat-GPT AI 8MP HD Video Recording Translation Bluetooth Earphone,,,"5","FIXED_PRICE","USD",72.0,,,72.0,"0","","","Oct-15-25 13:25:22 PDT","Oct-15-26 13:25:22 PDT","Smart Glasses","178894","","","New","","","","","","US","Does not apply","",""
"146902156124",Ubiolabs 3-in-1 Wireless Charging Stand Qi Compatible AWC1070AW - WHITE NEW,,,"1","FIXED_PRICE","CAD",47.0,,,47.0,"0","","","Oct-17-25 09:29:52 PDT","Oct-17-26 09:29:52 PDT","Cables & Adapters","123422","","","New","","","","","","CA","does not apply","",""
"146902380539",Shark Steam & Scrub All-in-One Scrubbing and Sanitizing Steam Mop S7201 Open Box,,,"1","FIXED_PRICE","CAD",200.0,,,200.0,"2","6","0","Oct-17-25 12:49:30 PDT","Oct-17-26 12:49:30 PDT","Mops, Brooms & Scrubbers","260133","","","Open box","","","","","","CA","622356571548","",""
"146902405133",Bburago 1:43 Mclaren Formula 1 F1 Racing Die-cast Model 6-pack Limited Burago,,,"2","FIXED_PRICE","CAD",59.0,,,59.0,"2","9","0","Oct-17-25 13:13:51 PDT","Oct-17-26 13:13:51 PDT","Contemporary Manufacture","180506","","","New","","","","","","CA","Does not apply","",""
"146902420583",Samsung Jet 90 Cordless Stick Vacuum Long Lasting Battery and 200 Air Watt,,,"2","FIXED_PRICE","CAD",519.0,,,519.0,"3","8","0","Oct-17-25 13:27:53 PDT","Oct-17-26 13:27:53 PDT","Vacuum Cleaners","20614","","","Open box","","","","","17051881559","CA","0887276584362","",""
"146902670656",Smart Glasses Chat-GPT AI 8MP HD Video Recording Translation Bluetooth Earphone,,,"5","FIXED_PRICE","USD",86.0,,,86.0,"0","1","0","Oct-17-25 17:44:33 PDT","Oct-17-26 17:44:33 PDT","Smart Glasses","178894","","","New","","","","","","US","Does not apply","",""
"146904163573",2025 Hot Wheels Premium Car Culture Hammer Drop 5/5 Mazda 787B,,,"1","FIXED_PRICE","CAD",14.0,,,14.0,"0","2","0","Oct-18-25 09:25:30 PDT","Oct-18-26 09:25:30 PDT","Contemporary Manufacture","180506","","","New","","","","","","CA","does not apply","",""
"146904889495","Marvel Legends 6"" Fantastic Four Emperor Doom - Doctor Doom Action Figure",,,"1","FIXED_PRICE","CAD",56.0,,,56.0,"1","4","0","Oct-18-25 16:22:24 PDT","Oct-18-26 16:22:24 PDT","Action Figures","261068","","","New","","","","","","CA","5010996320490","",""
"146908719957",Transformers Beast Wars Maximal Rattrap Action Figure Vintage Reissue MOC New,,,"1","FIXED_PRICE","USD",21.99,,,21.99,"0","1","0","Oct-20-25 10:07:43 PDT","Oct-20-26 10:07:43 PDT","Action Figures","261068","","","New","","","","","","US","5010993931910","",""
"146911269244",Artika Headline Address Name LED Exterior Porch-Light Lantern Sconce Black,,,"1","FIXED_PRICE","CAD",89.0,,,89.0,"0","","","Oct-21-25 15:23:44 PDT","Oct-21-26 15:23:44 PDT","Wall Fixtures","116880","","","New","","","","","","CA","846979038671","",""
"146911277805",Artika Headline Address Name LED Exterior Porch-Light Lantern  Black 500 Lumens,,,"1","FIXED_PRICE","CAD",60.0,,,60.0,"0","0","","Oct-21-25 15:31:27 PDT","Oct-21-26 15:31:27 PDT","Wall Fixtures","116880","","","New","","","","","","CA","846979038671","",""
"146915895037",KODA 4200 Lumen Motion Activated LED Security Floodlight with Nightlight,,,"1","FIXED_PRICE","CAD",36.5,,,36.5,"0","1","0","Oct-23-25 17:17:35 PDT","Oct-23-26 17:17:35 PDT","Landscape & Walkway Lights","94940","","","New","","","","","","CA","","",""
"146921684661",2025 Hallmark Keepsake Ornament - Super Mario Kart Princess Peach,,,"1","FIXED_PRICE","CAD",55.0,,,55.0,"1","0","","Oct-26-25 13:39:36 PDT","Oct-26-26 13:39:36 PDT","Ornaments","77988","","","New","","","","","","CA","661127078985","",""
"146922165698","Marvel Legends Series Werewolf By Night, Marvel Comics Action Figure",,,"6","FIXED_PRICE","CAD",60.0,,,60.0,"0","5","0","Oct-26-25 19:22:04 PDT","Oct-26-26 19:22:04 PDT","Action Figures","261068","","","New","","","","","","CA","","",""
"146923429881",Star Wars Darth Revan VC301 Star Wars Vintage Collection KOTOR Hasbro Sith New,,,"1","FIXED_PRICE","CAD",53.0,,,53.0,"1","1","0","Oct-27-25 07:11:04 PDT","Oct-27-26 07:11:04 PDT","Action Figures","261068","","","New","","","","","","CA","","",""
"146923629703",2025 Hot Wheels Bentley Continental GT3 2018 Q Case 7/10 - RACE DAY,,,"1","FIXED_PRICE","CAD",7.0,,,7.0,"1","0","0","Oct-27-25 09:18:02 PDT","Oct-27-26 09:18:02 PDT","Contemporary Manufacture","180506","","","New","","","","","","CA","Does not apply","",""
"146925932845",New Ray Polaris 800 Switchback Pro X Snowmobile 1:16 Scale Diecast Replica Blue,,,"1","FIXED_PRICE","CAD",30.0,,,30.0,"0","3","0","Oct-28-25 12:56:32 PDT","Oct-28-26 12:56:32 PDT","Contemporary Manufacture","180533","","","New","","","","","","CA","093577577839","",""
"146931987237",Star Wars X-Wing Desk Lamp DISNEY PALADONE USB/AC adapter New in a Box,,,"2","FIXED_PRICE","CAD",95.0,,,95.0,"1","0","","Oct-31-25 10:55:14 PDT","Oct-31-26 10:55:14 PDT","Other Star Wars Collectibles","154","","","New","","","","","","CA","","",""
"146934758598",McFarlane Toys Fallout The Ghoul 7in Movie Maniacs Action Figure 2025 New,,AF-34758598,"4","FIXED_PRICE","CAD",52.0,,,52.0,"0","2","0","Nov-01-25 19:24:26 PDT","Nov-01-26 19:24:26 PST","Action Figures","261068","","","New","","","","","","CA","","",""
"146934773749",Fallout  Maximus McFarlane Toys 7” Inch Action Figure 2025 Movie Maniacs New,,,"2","FIXED_PRICE","CAD",63.0,,,63.0,"1","5","0","Nov-01-25 19:34:36 PDT","Nov-01-26 19:34:36 PST","Action Figures","261068","","","New","","","","","","CA","787926116113","",""
"146947044139",TRU Barista Express Espresso Machine Black With Burr Grinder NEW SEALED BOX,,,"3","FIXED_PRICE","CAD",800.0,,,800.0,"0","1","","Nov-07-25 05:29:15 PST","Oct-07-26 05:29:15 PDT","Espresso & Cappuccino Machines","38252","","","New","","","","","","CA","","",""
"146950321878",2025 Hallmark Eight Tiny Reindeer Dasher Ornament 1st in Series (NO DUTY FEES),,,"15","FIXED_PRICE","USD",47.0,,,47.0,"46","16","0","Nov-08-25 19:29:47 PST","Oct-08-26 19:29:47 PDT","Ornaments","77988","","","New","","","","","","US","","",""
"146951344449",Transformers NFL Pittsburgh Steelers Steelsmash Collaborative Action Figure New,,,"1","FIXED_PRICE","CAD",45.0,,,45.0,"0","","","Nov-09-25 06:25:39 PST","Oct-09-26 06:25:39 PDT","Action Figures","261068","","","New","","","","","","CA","Does not apply","",""
"146952186576",Hasbro Power Rangers Re-Ignition Auto Morphin Green Ranger 6in Figure New,,,"1","FIXED_PRICE","CAD",19.0,,,19.0,"0","","","Nov-09-25 16:07:28 PST","Oct-09-26 16:07:28 PDT","Action Figures","261068","","","New","","","","","","CA","Does Not Apply","",""
"146956051423",Star Wars Vintage Collection VC44 Luke Skywalker Dagobah Clear Lightsaber Varian,,,"1","FIXED_PRICE","CAD",160.0,,,160.0,"0","0","0","Nov-11-25 06:09:50 PST","Oct-11-26 06:09:50 PDT","Action Figures","261068","","","New","","","","","","CA","Does not apply","",""
"146956205046",Presto Heat Dish Plus Parabolic Electric Heater 1000W 120V OPEN BOX 🔥✳️,,,"3","FIXED_PRICE","USD",93.99,,,93.99,"0","1","0","Nov-11-25 07:47:08 PST","Oct-11-26 07:47:08 PDT","Space Heaters","20613","","","Open box","","","","","","US","","",""
"146960146303",2X Guinness Embossed Harp Pint Glass Limited Edition Pub READ,,,"3","FIXED_PRICE","USD",18.0,,,18.0,"10","22","0","Nov-12-25 19:33:24 PST","Oct-12-26 19:33:24 PDT","Other Vintage Beer Glasses","35723","","","New","","","","","","US","","",""
"146965830712",McFarlane DC Multiverse Max Shreck Batman Returns 7in Deluxe Theatrical Edition,,AF-65830712,"1","FIXED_PRICE","CAD",80.0,,,80.0,"0","9","0","Nov-15-25 08:33:53 PST","Oct-15-26 08:33:53 PDT","Action Figures","261068","","","New","","","","","","CA","787926155938","",""
"146965892426",WWE Elite John Cena Figure Invisible Collector’s Edition Transparent NEW IN HAND,,,"1","FIXED_PRICE","USD",28.0,,,28.0,"0","0","0","Nov-15-25 09:31:46 PST","Oct-15-26 09:31:46 PDT","Action Figures","261068","","","New","","","","","","US","","",""
"146968372767","G.I. Joe Classified Series #187, Night-Viper Collectible Action Figure Preorder",,,"2","FIXED_PRICE","CAD",49.0,,,49.0,"1","4","0","Nov-16-25 14:48:30 PST","Oct-16-26 14:48:30 PDT","Action Figures","261068","","","New","","","","","","CA","Does not apply","",""
"146975454829","Transformers Bumblebee 3.5"" Vintage Action Figure Plastic Used Collectible",,,"0","FIXED_PRICE","CAD",7.59,,,7.59,"0","","","Nov-19-25 18:43:08 PST","Oct-19-26 18:43:08 PDT","Action Figures","261068","","","Used","","","","","","CA","Does Not Apply","",""
"146976687190","Maisto VW Volkswagen 1960s Samba Bus 1:25 Scale 7"" Red Diecast Model New",,,"1","FIXED_PRICE","USD",9.99,,,9.99,"0","","","Nov-20-25 07:43:37 PST","Oct-20-26 07:43:37 PDT","Contemporary Manufacture","180506","","","New","","","","","","US","Does not apply","",""
"146977866878",NHL Headliners 1998 Gretzky Chelios Hebert Hockey Figures Loose Set Collectible,,,"1","FIXED_PRICE","CAD",9.0,,,9.0,"0","1","0","Nov-20-25 19:47:50 PST","Oct-20-26 19:47:50 PDT","Other NFL Game Used Mem","50119","","","","","","","","","CA","Does Not Apply","",""
"146977870256",Hot Wheels 2025 '18 Honda Civic Type R Blue 123/250 Then & Now 3/10 New,,,"1","FIXED_PRICE","CAD",9.0,,,9.0,"0","2","0","Nov-20-25 19:50:05 PST","Oct-20-26 19:50:05 PDT","Contemporary Manufacture","180506","","","New","","","","","","CA","Does Not Apply","",""
"146977873826","Power Rangers Re-Ignition Auto Morphin Black Ranger 6"" Figure New Hasbro",,,"1","FIXED_PRICE","USD",13.25,,,13.25,"0","","","Nov-20-25 19:53:09 PST","Oct-20-26 19:53:09 PDT","Action Figures","261068","","","New","","","","","","US","Does not apply","",""
"147014627253",Hot Wheels 2024 '98 Subaru Impreza 22B STi 228/250 The 90s 10/10 New 1:64,,,"1","FIXED_PRICE","CAD",7.0,,,7.0,"0","0","0","Dec-06-25 18:20:46 PST","Oct-06-26 18:20:46 PDT","Contemporary Manufacture","180506","","","New","","","","","","CA","Does not apply","",""
"147014627279",Hot Wheels Fast And Furious ‘94 Toyota Supra #224 Gold Tooned 4/5 2024,,,"0","FIXED_PRICE","CAD",7.0,,,7.0,"0","1","0","Dec-06-25 18:20:46 PST","Oct-06-26 18:20:46 PDT","Contemporary Manufacture","180506","","","New","","","","","","CA","NA","",""
"147014627291",Hot Wheels 2025 '74 Brazilian Dodge Charger Pink #76 Mainline 1:64 New,,,"0","FIXED_PRICE","CAD",5.5,,,5.5,"0","","","Dec-06-25 18:20:47 PST","Oct-06-26 18:20:47 PDT","Contemporary Manufacture","180506","","","New","","","","","","CA","Does not apply","",""
"147014627292",Hot Wheels 2024 McLaren F1 Red 243/250 The 90s 9/10 H Case 1:64 New,,,"1","FIXED_PRICE","CAD",5.99,,,5.99,"0","1","0","Dec-06-25 18:20:47 PST","Oct-06-26 18:20:47 PDT","Contemporary Manufacture","180506","","","New","","","","","","CA","Does not apply","",""
"147014627293",Hot Wheels 2025 Porsche Panamera Turbo E-Hybrid Red 38/250 Green Speed 1:64,,,"1","FIXED_PRICE","CAD",7.0,,,7.0,"0","1","0","Dec-06-25 18:20:47 PST","Oct-06-26 18:20:47 PDT","Contemporary Manufacture","180506","","","New","","","","","","CA","Does not apply","",""
"147014627294",Hot Wheels 2025 Tesla CyberQuad HW Dirt 82/250 Cyber Quad 4/10 New 1:64,,,"1","FIXED_PRICE","CAD",5.5,,,5.5,"0","1","0","Dec-06-25 18:20:47 PST","Oct-06-26 18:20:47 PDT","Contemporary Manufacture","180506","","","New","","","","","","CA","Does not apply","",""
"147014627302",2024 Hot Wheels Premium Pop Culture Barbie 65th Corvette C8.R,,,"1","FIXED_PRICE","CAD",27.0,,,27.0,"0","3","0","Dec-06-25 18:20:47 PST","Oct-06-26 18:20:47 PDT","Contemporary Manufacture","180506","","","New","","","","","","CA","does not apply","",""
"147014627306",Hot Wheels 2024 Porsche 904 Carrera GTS Silver HW Exotics H Case 1:64 New,,,"1","FIXED_PRICE","CAD",5.5,,,5.5,"0","","","Dec-06-25 18:20:47 PST","Oct-06-26 18:20:47 PDT","Contemporary Manufacture","180506","","","New","","","","","","CA","Does not apply","",""
"147014627334",Hot Wheels 2021 '95 Mazda RX-7 9/10 J-Imports 170/250 1:64 Diecast New,,,"1","FIXED_PRICE","CAD",5.99,,,5.99,"0","","","Dec-06-25 18:20:47 PST","Oct-06-26 18:20:47 PDT","Contemporary Manufacture","180506","","","New","","","","","","CA","Does not apply","",""
"147015663069",KISS Gene Simmons Demon 2002 McFarlane Rock Maniacs Action Figure Rare Vintage,,,"1","FIXED_PRICE","CAD",36.0,,,36.0,"0","1","0","Dec-07-25 05:57:27 PST","Oct-07-26 05:57:27 PDT","Action Figures","261068","","","New","","","","","","CA","787926122619","",""
"147015663387",Fisher Price Vintage 1994 Great Adventures Pirate & Captain Action Figures Lot 2,,,"1","FIXED_PRICE","CAD",15.0,,,15.0,"0","2","0","Dec-07-25 05:58:07 PST","Oct-07-26 05:58:07 PDT","Other Fisher-Price (1963-Now)","374","","","New","","","","","","CA","Does not apply","",""
"147015664190",Space Jam New Legacy Ballers Figure Pack LeBron James Robin Moose Toys Sealed,,,"1","FIXED_PRICE","CAD",28.0,,,28.0,"0","","","Dec-07-25 05:59:08 PST","Oct-07-26 05:59:08 PDT","Action Figures","261068","","","New","","","","","","CA","630996146026","",""
"147015686459",How To Train Your Dragon RUMBLEHORN & Stoick Viking Duo Action Figure Dreamworks,,,"2","FIXED_PRICE","CAD",27.5,,,27.5,"3","18","0","Dec-07-25 06:28:56 PST","Oct-07-26 06:28:56 PDT","Action Figures","261068","","","New","","","","","","CA","Does Not Apply","",""
"147016141181",2026 HOT WHEELS B CASE BUGATTI BOLIDE 50/250 HW STARTING GRID 4/10 DARK BLUE,,,"1","FIXED_PRICE","CAD",6.5,,,6.5,"0","1","0","Dec-07-25 11:54:24 PST","Oct-07-26 11:54:24 PDT","Contemporary Manufacture","180506","","","New","","","","","","CA","Does not apply","",""
"147016186438",Little People Collector Jurassic Park Special Edition Set Fisher-Price Ship Now,,,"12","FIXED_PRICE","CAD",45.0,,,45.0,"0","3","0","Dec-07-25 12:30:13 PST","Oct-07-26 12:30:13 PDT","Action Figures Playsets","261069","","","New","","","","","","CA","","",""
"147016217549","Star Wars R2-D2 Droid Action Figure 18"" Jakks Pacific Deluxe 2015 Tested Works",,,"1","FIXED_PRICE","CAD",209.0,,,209.0,"0","7","0","Dec-07-25 12:57:55 PST","Oct-07-26 12:57:55 PDT","Action Figures","261068","","","New","","","","","","CA","","",""
"147018797964",Bburago 1:43 Ferrari Formula 1 F1 Racing Die-cast Model 6-pack Formula One Teams,,,"1","FIXED_PRICE","CAD",48.0,,,48.0,"1","5","0","Dec-08-25 16:31:31 PST","Oct-08-26 16:31:31 PDT","Contemporary Manufacture","180506","","","New","","","","","","CA","Does not apply","",""
"147025280540","Tigra The Feline Fury NEW MARVEL Action Figure 6"" Action Figure Hasbro",,AF-25280540,"1","FIXED_PRICE","CAD",25.5,,,25.5,"0","","","Dec-11-25 14:01:47 PST","Oct-11-26 14:01:47 PDT","Action Figures","261068","","","New","","","","","7053733284","CA","","",""
"147025764256",Hot Wheels Lamborghini Countach Red #232 Gold Medal • Blue Card • Vintage 1991,,,"1","FIXED_PRICE","CAD",35.0,,,35.0,"0","1","0","Dec-11-25 18:43:08 PST","Oct-11-26 18:43:08 PDT","Contemporary Manufacture","180506","","","New","","","","","","CA","Does not apply","",""
"147025871790",Hallmark Keepsake Ornament 2025 Star Wars Return Of The Jedi A-Wing Fighter,,AF-25871790,"3","FIXED_PRICE","CAD",65.0,,,65.0,"0","0","","Dec-11-25 19:38:30 PST","Oct-11-26 19:38:30 PDT","Other Guitar & Bass Accessories","7266","","","New","","","","","","CA","","",""
"147029757081",Hot Wheels DC Comics Batman 5-Pack HLY68 1:64 Diecast Batmobile Set 2023 Sealed,,,"1","FIXED_PRICE","CAD",21.0,,,21.0,"0","","","Dec-13-25 19:12:05 PST","Oct-13-26 19:12:05 PDT","Contemporary Manufacture","180506","","","New","","","","","","CA","074299018060","",""
"147031159133",Guinness Official Pint Glass with Shamrock Logo & Embossed Harp – Single Glass,,,"2","FIXED_PRICE","CAD",23.0,,,23.0,"6","31","0","Dec-14-25 12:04:59 PST","Oct-14-26 12:04:59 PDT","Other Vintage Beer Glasses","35723","","","New","","","","","","CA","","",""
"147031260690",Hot Wheels 2026 28/250 K.I.T.T. Concept HW Screen Time 2/10 Knight Rider KITT,,,"0","FIXED_PRICE","CAD",9.99,,,9.99,"0","","","Dec-14-25 14:01:58 PST","Oct-14-26 14:01:58 PDT","Contemporary Manufacture","180506","","","New","","","","","","CA","Does not apply","",""
"147031272621",2025 Hot Wheels HW Race Day 3/10 Porsche 904 Carrera GTS Black,,,"1","FIXED_PRICE","CAD",3.97,,,3.97,"0","","","Dec-14-25 14:11:16 PST","Oct-14-26 14:11:16 PDT","Contemporary Manufacture","180506","","","New","","","","","","CA","does not apply","",""
"147031408682",Hallmark Keepsake Ornament Mark McGwire At The Ballpark Collectors Series 2000,,,"1","FIXED_PRICE","CAD",38.0,,,38.0,"0","","","Dec-14-25 15:58:19 PST","Oct-14-26 15:58:19 PDT","Ornaments","77988","","","New","","","","","","CA","","",""
"147042238385",G.I. Joe Classified Series Snake Eyes  6'' Action Figure Hasbro GI Joe,,,"1","FIXED_PRICE","CAD",36.0,,,36.0,"4","9","0","Dec-19-25 15:07:50 PST","Oct-19-26 15:07:50 PDT","Action Figures","261068","","","New","","","","","27047386827","CA","","",""
"147045526717",Thor Movie Deluxe Frost Giant 3.75” Marvel Universe Loose Ice Attack Figure,,,"1","FIXED_PRICE","CAD",9.0,,,9.0,"0","0","0","Dec-21-25 09:49:30 PST","Oct-21-26 09:49:30 PDT","Action Figures","261068","","","New","","","","","","CA","","",""
"147046306815",Hot Wheels 94 Bugatti EB110 SS 221/250 Purple (2025) HW Race Day 9/10 FAST SHIP,,,"1","FIXED_PRICE","CAD",5.75,,,5.75,"0","","","Dec-21-25 18:28:17 PST","Oct-21-26 18:28:17 PDT","Contemporary Manufacture","180506","","","New","","","","","","CA","Does not apply","",""
"147046315535",2026 Hot Wheels Honda Civic Type R 2018 11/250 NIGHTSPEED 3/10 Fast Shipping,,,"1","FIXED_PRICE","CAD",5.99,,,5.99,"0","","","Dec-21-25 18:29:30 PST","Oct-21-26 18:29:30 PDT","Contemporary Manufacture","180506","","","New","","","","","","CA","Does not apply","",""
"147052634298",Full Body Electric Massage Mat Electric Massage Mattress Vibrating Heating Pad,,,"1","FIXED_PRICE","CAD",162.0,,,162.0,"0","1","0","Dec-24-25 19:22:14 PST","Oct-24-26 19:22:14 PDT","Massagers","36449","","","New","","","","","","CA","Does not apply","",""
"147053533685",2026 Hot Wheels 2/250 ‘16 Lamborghini Centenario Roadster 1/10 Exoticars,,,"1","FIXED_PRICE","CAD",6.5,,,6.5,"0","","","Dec-25-25 07:22:35 PST","Oct-25-26 07:22:35 PDT","Contemporary Manufacture","180506","","","New","","","","","","CA","Does not apply","",""
"147053550299",Batman (Super Friends) McFarlane Action Figure - Retro Batman - NEW,,,"3","FIXED_PRICE","CAD",29.0,,,29.0,"0","1","0","Dec-25-25 07:43:51 PST","Oct-25-26 07:43:51 PDT","Action Figures","261068","","","New","","","","","","CA","Does not apply","",""
"147053588488",Power Rangers Lightning Collection In Space Silver Ranger Zhane NIB 2018 RARE,,,"1","FIXED_PRICE","CAD",49.0,,,49.0,"0","","","Dec-25-25 08:34:55 PST","Oct-25-26 08:34:55 PDT","Action Figures","261068","","","New","","","","","","CA","5010993892938","",""
"147053588490",Retro morphin Power Rangers Trinity Yellow Ranger Mighty Morphin MMPR NEW,,,"1","FIXED_PRICE","CAD",18.0,,,18.0,"0","","","Dec-25-25 08:34:55 PST","Oct-25-26 08:34:55 PDT","Action Figures","261068","","","New","","","","","","CA","5010993782727","",""
"147055651984","Hallmark Mattel Holiday Barbie 2025 Christmas Ornament, Gifts for Fans",,,"3","FIXED_PRICE","USD",15.0,,,15.0,"1","4","0","Dec-26-25 11:53:30 PST","Oct-26-26 11:53:30 PDT","Ornaments","77988","","","New","","","","","","US","N/A","",""
"147055916627",Hot Wheels FAST & FURIOUS Tokyo Drift 25th Silver Series Nissan 350Z Custom 1/5,,,"1","FIXED_PRICE","CAD",24.0,,,24.0,"5","5","0","Dec-26-25 16:03:40 PST","Oct-26-26 16:03:40 PDT","Contemporary Manufacture","180506","","","New","","","","","","CA","Does not apply","",""
"147067292018","Dreamworks How To Train Your Dragon Trial of Flame, World of Berk: Torch Tower",,,"3","FIXED_PRICE","CAD",25.99,,,25.99,"0","6","0","Jan-01-26 15:14:15 PST","Nov-01-26 15:14:15 PST","Action Figures","261068","","","New","","","","","","CA","","",""
"147069613845",Hallmark X-Men '97 Wolverine - Marvel Christmas Ornament NEW 2026,,,"1","FIXED_PRICE","CAD",8.59,,,8.59,"0","","","Jan-02-26 16:52:06 PST","Nov-02-26 16:52:06 PST","Ornaments","77988","","","New","","","","","","CA","0661127046601","",""
"147069619801",2025 Matchbox Collectors 1990 Volkswagon Golf Country 02/20 NEW COMBINE SHIPPING,,,"1","FIXED_PRICE","CAD",13.99,,,13.99,"1","1","0","Jan-02-26 16:55:38 PST","Nov-02-26 16:55:38 PST","Contemporary Manufacture","180506","","","New","","","","","","CA","0887961716535","",""
"147069620737",Hot Wheels Ultimate T-rex Transporter - Green 156/250 2025 - Experimotors HW,,,"1","FIXED_PRICE","CAD",7.85,,,7.85,"0","","","Jan-02-26 16:58:10 PST","Nov-02-26 16:58:10 PST","Contemporary Manufacture","180506","","","New","","","","","","CA","0027084120134","",""
"147069623773",2025 Hot Wheels Honda Civic Type R 2018 123/250 Then and Now 3/10 Red New,,,"0","FIXED_PRICE","CAD",14.99,,,14.99,"0","1","","Jan-02-26 17:01:26 PST","Nov-02-26 17:01:26 PST","Contemporary Manufacture","180506","","","New","","","","","","CA","0027084120134","",""
"147072966106",Hot Wheels Fast & Furious 1969 Ford Mustang Boss 302 25th Anniversary 2026,,,"1","FIXED_PRICE","CAD",9.19,,,9.19,"0","1","0","Jan-04-26 08:35:17 PST","Nov-04-26 08:35:17 PST","Contemporary Manufacture","180506","","","New","","","","","","CA","194735337019","",""
"147073316520","Marvel Legends Inhumans Black Bolt & Triton 2-Pack - 6"" Figures - New & Seal",,,"1","FIXED_PRICE","CAD",79.0,,,79.0,"0","1","0","Jan-04-26 13:24:28 PST","Nov-04-26 13:24:28 PST","Action Figures","261068","","","New","","","","","","CA","","",""
"147073328083",Mortal Kombat Klassic Reptile 7in McFarlane Toys Action Figure New In Stock,,,"1","FIXED_PRICE","CAD",59.0,,,59.0,"0","9","0","Jan-04-26 13:32:42 PST","Nov-04-26 13:32:42 PST","Action Figures","261068","","","New","","","","","","CA","","",""
"147081764822",Vintage Matchbox 1981 4x4 Chevy Van Made In Macau Lime Green TC4720,,,"1","FIXED_PRICE","CAD",10.0,,,10.0,"0","1","","Jan-08-26 14:22:26 PST","Oct-08-26 14:22:26 PDT","Vintage Manufacture","180507","","","Used","","","","","","CA","","",""
"147081787003","Vintage Maisto Adventure Wheels Motorcycle ATV Rider 2.5"" Action Figure Rare",,,"1","FIXED_PRICE","CAD",7.0,,,7.0,"0","1","0","Jan-08-26 14:39:04 PST","Oct-08-26 14:39:04 PDT","Action Figures","261068","","","Used","","","","","","CA","Does not apply","",""
"147081809532","PAPO Dragon Knight Medieval 4"" Action Figure with 1 Swords - Loose 2006",,,"1","FIXED_PRICE","CAD",9.0,,,9.0,"0","1","0","Jan-08-26 15:00:59 PST","Oct-08-26 15:00:59 PDT","Action Figures","261068","","","Used","","","","","","CA","","",""
"147085850033",Star Wars The Force Awakens Action Figure Lot Hasbro Sealed Collector Set New,,,"1","FIXED_PRICE","CAD",50.0,,,50.0,"0","3","0","Jan-10-26 19:49:55 PST","Oct-10-26 19:49:55 PDT","Action Figures","261068","","","New","","","","","","CA","","",""
"147085852214",Large Cartoon & Movie Figure Lot ~40pcs Minions Toy Story Looney Tunes Disney,,,"1","FIXED_PRICE","CAD",25.0,,,25.0,"0","1","0","Jan-10-26 19:51:33 PST","Oct-10-26 19:51:33 PDT","Action Figures","261068","","","New","","","","","","CA","","",""
"147086838585",2026 Hot Wheels Honda Civic Type R 11/250 NIGHTSPEED 3/10 - White Mattel,,,"1","FIXED_PRICE","CAD",6.99,,,6.99,"0","1","0","Jan-11-26 12:58:24 PST","Oct-11-26 12:58:24 PDT","Contemporary Manufacture","180506","","","New","","","","","","CA","027084120134","",""
"147088938221",HOT WHEELS MAILED IT LET'S RACE NETFLIX 2024 164/250 Series HW ART CARS 10/10,,,"0","FIXED_PRICE","CAD",8.25,,,8.25,"1","0","0","Jan-12-26 14:10:59 PST","Oct-12-26 14:10:59 PDT","Contemporary Manufacture","180506","","","New","","","","","","CA","NA","",""
"147088941280",Hot Wheels - ‘74 Brazilian Dodge Charger - Women's Day Celebration 2025 - 76/250,,,"0","FIXED_PRICE","CAD",8.99,,,8.99,"0","","","Jan-12-26 14:12:43 PST","Oct-12-26 14:12:43 PDT","Contemporary Manufacture","180506","","","New","","","","","","CA","0027084120134","",""
"147088946164",Hot Wheels Batman The Brave and The Bold: Batmobile 145/250 Batman Series 4/5,,,"0","FIXED_PRICE","CAD",8.5,,,8.5,"1","0","0","Jan-12-26 14:19:05 PST","Oct-12-26 14:19:05 PDT","Contemporary Manufacture","180506","","","New","","","","","","CA","0027084120134","",""
"147088972814","Transformers Lot Of 7 Figures (Grimlock Voyager Class, Optimus Prime, Bumblebee)",,,"1","FIXED_PRICE","CAD",36.0,,,36.0,"0","4","0","Jan-12-26 14:47:02 PST","Oct-12-26 14:47:02 PDT","Action Figures","261068","","","Used","","","","","","CA","","",""
"147091000828",Power Rangers Re-Ignition 6 Inch Action Figure Auto Morphin - Green Ranger,,,"1","FIXED_PRICE","CAD",15.99,,,15.99,"0","","","Jan-13-26 16:00:04 PST","Oct-13-26 16:00:04 PDT","Action Figures","261068","","","New","","","","","","CA","043377680482","",""
"147093507388",LEGO DC The Batman Batmobile Car Set 76332 (330 Pcs) PREORDER 01/03/2026,,,"2","FIXED_PRICE","CAD",49.0,,,49.0,"1","8","0","Jan-14-26 17:36:34 PST","Oct-14-26 17:36:34 PDT","LEGO (R) Complete Sets & Packs","19006","","","New","","","","","","CA","","",""
"147093542885","Knuckles 6"" Collectors Edition Figure - Sonic the Hedgehog by Jakks Pacific",,,"3","FIXED_PRICE","CAD",35.0,,,35.0,"0","19","0","Jan-14-26 18:01:39 PST","Oct-14-26 18:01:39 PDT","Action Figures","261068","","","New","","","","","","CA","","",""
"147097346592",2024 Hot Wheels '98 SUBARU IMPREZA 22B-STi Version HW THE 90's #10/10 White Fin,,,"1","FIXED_PRICE","CAD",4.99,,,4.99,"0","0","0","Jan-16-26 13:12:13 PST","Oct-16-26 13:12:13 PDT","Contemporary Manufacture","180506","","","New","","","","","","CA","0027084120134","",""
"147097347640",2024 Hot Wheels Transformers Bumblebee VW Beetle HW Screen Time #9/10,,,"1","FIXED_PRICE","CAD",6.5,,,6.5,"0","2","0","Jan-16-26 13:13:52 PST","Oct-16-26 13:13:52 PDT","Contemporary Manufacture","180506","","","New","","","","","","CA","0027084120134","",""
"147097698495",Rosalía Motomami Funko Pop! Album Cover w/ Case – Latin Pop Rock Icon Figure #55,,,"1","FIXED_PRICE","CAD",16.0,,,16.0,"0","1","","Jan-16-26 17:18:24 PST","Oct-16-26 17:18:24 PDT","Collectible Figures & Bobbleheads","149372","","","New","","","","","","CA","0889698705899","",""
"147097838739",Hot Wheels 2024 McLaren F1 Red 243/250 The 90s 9/10 Diecast Toy Car New,,,"1","FIXED_PRICE","CAD",4.49,,,4.49,"0","","","Jan-16-26 18:58:09 PST","Oct-16-26 18:58:09 PDT","Contemporary Manufacture","180506","","","New","","","","","","CA","na","",""
"147097924971",Connor McDavid Canada Exclusive Hockey Edmonton Oilers Vinyl Bubble Head Figure,,,"5","FIXED_PRICE","CAD",26.95,,,26.95,"0","0","0","Jan-16-26 19:48:48 PST","Oct-16-26 19:48:48 PDT","Hockey-NHL","24510","","","New","","","","","","CA","","",""
"147097944792",Sidney Crosby NHL Slappers Pittsburgh Penguins Big Shot Shooters Bobble Figure,,,"4","FIXED_PRICE","CAD",23.0,,,23.0,"0","0","0","Jan-16-26 19:56:54 PST","Oct-16-26 19:56:54 PDT","Hockey-NHL","24510","","","New","","","","","","CA","","",""
"147097952124","Connor Bedard NHL Hockey, Big Shot Shooters Collectible Figure, Canada Exclusive",,,"3","FIXED_PRICE","CAD",27.99,,,27.99,"1","0","0","Jan-16-26 19:59:50 PST","Oct-16-26 19:59:50 PDT","Action Figures","261068","","","New","","","","","","CA","","",""
"147099341301",4D Build: Transformers Optimus Prime & Truck 3D Model Kit Puzzle 🔥NEW SEALED🔥,,,"2","FIXED_PRICE","CAD",39.99,,,39.99,"1","0","0","Jan-17-26 13:06:43 PST","Oct-17-26 13:06:43 PDT","Action Figures","261068","","","New","","","","","","CA","681147079298","",""
"147099409630","Super Mario Brothers 2.5"" Figure TOAD NINTENDO NES Blue Yellow Jacket Jakks MINT",,,"1","FIXED_PRICE","CAD",5.0,,,5.0,"0","1","0","Jan-17-26 14:03:22 PST","Oct-17-26 14:03:22 PDT","Action Figures","261068","","","New","","","","","","CA","192995405493","",""
"147099436730",Hot Wheels Silver Series Rally Racers Honda S800 Racing Mint & Combine Shipping,,,"1","FIXED_PRICE","CAD",9.99,,,9.99,"0","0","0","Jan-17-26 14:31:25 PST","Oct-17-26 14:31:25 PDT","Contemporary Manufacture","180506","","","New","","","","","","CA","0194735358779","",""
"147103042704",LEGO 66797 Minifigures Spider-man Across the Spider Verse Set of 6 Available NOW,,,"0","FIXED_PRICE","USD",67.0,,,67.0,"1","0","0","Jan-19-26 10:45:53 PST","Oct-19-26 10:45:53 PDT","LEGO (R) Minifigures","263012","","","New","","","","","","US","","",""
"147103046790",LEGO Marvel: Iron Man Armoury (76216) infinity saga new,,,"1","FIXED_PRICE","USD",105.0,,,105.0,"0","","","Jan-19-26 10:49:23 PST","Oct-19-26 10:49:23 PDT","LEGO (R) Complete Sets & Packs","19006","","","New","","","","","11054498432","US","0673419356527","",""
"147103605785","WWE 23"" Hulk Hogan Giant Plush Walmart Canada Exclusive New w/ Tag LARGE SIZE",,,"1","FIXED_PRICE","CAD",52.95,,,52.95,"4","8","0","Jan-19-26 17:28:45 PST","Oct-19-26 17:28:45 PDT","Action Figures","261068","","","New","","","","","","CA","","",""
"147107389889",16 CHASE Hot Wheels Screen Time Movie Marvel Star Trek Fast Furious Disney TMNT,,,"1","FIXED_PRICE","CAD",148.0,,,148.0,"0","1","0","Jan-21-26 12:18:36 PST","Oct-21-26 12:18:36 PDT","Contemporary Manufacture","180506","","","New","","","","","","CA","Does not apply","",""
"147109360020",2004 Hasbro Star Wars R2-D2 Battle of Hoth The Saga Collection - LFL 2004 Figure,,,"1","FIXED_PRICE","CAD",5.99,,,5.99,"0","1","0","Jan-22-26 11:19:27 PST","Oct-22-26 11:19:27 PDT","Action Figures","261068","","","Used","","","","","","CA","","",""
"147109890604",Porsche 911 Carrera Cabriolet Gray 2025 Matchbox 27/125 Combined Shipping ,,,"1","FIXED_PRICE","CAD",4.98,,,4.98,"0","","","Jan-22-26 17:29:15 PST","Oct-22-26 17:29:15 PDT","Contemporary Manufacture","180506","","","New","","","","","","CA","Does not apply","",""
"147109918952","Star Wars The Vintage Collection - Lando Calrissian 3,75'' Action Fig",,,"1","FIXED_PRICE","CAD",25.0,,,25.0,"2","3","0","Jan-22-26 17:40:23 PST","Oct-22-26 17:40:23 PDT","Action Figures","261068","","","New","","","","","21038172454","CA","","",""
"147109923959",Hot Wheels Lamborghini Countach Red #232 Gold Medal • Blue Card • Vintage 1991,,,"1","FIXED_PRICE","CAD",32.0,,,32.0,"0","1","0","Jan-22-26 17:42:19 PST","Oct-22-26 17:42:19 PDT","Contemporary Manufacture","180506","","","New","","","","","","CA","Does not apply","",""
"147109931967",Star Wars Vintage Collection - Anakin Skywalker Padawan VC244 3.75 Action Figure,,,"1","FIXED_PRICE","CAD",29.0,,,29.0,"0","0","0","Jan-22-26 17:45:52 PST","Oct-22-26 17:45:52 PDT","Action Figures","261068","","","New","","","","","21055639886","CA","","",""
"147110185141","Marvel Legends Series - Blade from Deadpool & Wolverine 6"" Action Figure Mint",,,"4","FIXED_PRICE","CAD",46.99,,,46.99,"1","7","0","Jan-22-26 20:03:20 PST","Oct-22-26 20:03:20 PDT","Action Figures","261068","","","New","","","","","","CA","Does not apply","",""
"147111557054",Lot 36 Marvel Action Figures Vintage Modern Disney Store Mixed Brands Collection,,,"1","FIXED_PRICE","CAD",65.0,,,65.0,"0","","","Jan-23-26 11:37:56 PST","Oct-23-26 11:37:56 PDT","Action Figures","261068","","","New","","","","","","CA","","",""
"147111576577",Star Wars 13” Darth Vader w/ Anakin Reveal Helmet Hasbro Action Figure - 2012,,,"1","FIXED_PRICE","CAD",19.99,,,19.99,"0","2","0","Jan-23-26 11:48:15 PST","Oct-23-26 11:48:15 PDT","Action Figures","261068","","","Used","","","","","","CA","","",""
"147113304504",Barbie Hot Wheels Dream Camper Pink Metro Diecast Car New Mattel,,,"2","FIXED_PRICE","CAD",21.0,,,21.0,"0","","","Jan-24-26 08:16:04 PST","Oct-24-26 08:16:04 PDT","Contemporary Manufacture","180506","","","New","","","","","","CA","Does not apply","",""
"147113304505",League of Legends Yasuo 4” Action Figure First Edition New - First Edition,,,"1","FIXED_PRICE","CAD",10.52,,,10.52,"0","","","Jan-24-26 08:16:04 PST","Oct-24-26 08:16:04 PDT","Action Figures","261068","","","New","","","","","","CA","778988384992","",""
"147113304534",Cool Tire Pen Cup Desk Decor Gift for Car Lovers Office Garage Workshop NEW,,,"15","FIXED_PRICE","CAD",15.0,,,15.0,"0","","","Jan-24-26 08:16:05 PST","Oct-24-26 08:16:05 PDT","Desk & Drawer Organizers","25339","","","New","","","","","","CA","702669510233","",""
"147118439719",Star Wars Retro Collection Luke Skywalker – Return of the Jedi 3.75” Figure,,,"0","FIXED_PRICE","CAD",13.57,,,13.57,"4","5","0","Jan-26-26 10:36:58 PST","Oct-26-26 10:36:58 PDT","Action Figures","261068","","","New","","","","","","CA","","",""
"147118442547",Star Wars Retro Collection Emperor Palpatine ROTJ 40th Anniversary 3.75”,,,"2","FIXED_PRICE","CAD",10.0,,,10.0,"0","2","0","Jan-26-26 10:40:04 PST","Oct-26-26 10:40:04 PDT","Action Figures","261068","","","New","","","","","","CA","5010996137784","",""
"147118454607",Star Wars: Obi-Wan Kenobi - Reva Vintage Collection Kenner 3.75” Figure VC242,,,"1","FIXED_PRICE","CAD",9.99,,,9.99,"0","0","0","Jan-26-26 10:47:21 PST","Oct-26-26 10:47:21 PDT","Action Figures","261068","","","New","","","","","","CA","5010994152086","",""
"147122928853",DC Direct Page Punchers HEATWAVE Action Figure W/ Comic Book McFarlane Toys,,AF-22928853,"1","FIXED_PRICE","CAD",13.99,,,13.99,"0","","","Jan-28-26 11:06:27 PST","Oct-28-26 11:06:27 PDT","Action Figures","261068","","","New","","","","","","CA","787926159097","",""
"147122928860","League of Legends Yasuo 4"" Action Figure – 1st Edition Champion Collection",,,"2","FIXED_PRICE","CAD",15.0,,,15.0,"0","","","Jan-28-26 11:06:27 PST","Oct-28-26 11:06:27 PDT","Action Figures","261068","","","New","","","","","","CA","778988384992","",""
"147122928861",McLaren F1 MCL38 RC 1:10 – Maisto Tech Lando Norris #4 – Brand New,,,"1","FIXED_PRICE","CAD",100.0,,,100.0,"0","3","0","Jan-28-26 11:06:27 PST","Oct-28-26 11:06:27 PDT","Cars, Trucks & Motorcycles","182183","","","New","","","","","","CA","090159827757","",""
"147122928863",Hatchimals Crystal Flyers Starlight Idol – Magical Pixie Flyer w/ Charger – NEW,,,"2","FIXED_PRICE","CAD",24.99,,,24.99,"14","10","0","Jan-28-26 11:06:27 PST","Oct-28-26 11:06:27 PDT","Action Figures","261068","","","New","","","","","","CA","0778988504161","",""
"147122928864",2025 Hot Wheels Premium ’16 Bugatti Chiron #122 – Black Car Culture Boulevard,,,"1","FIXED_PRICE","CAD",9.0,,,9.0,"0","0","0","Jan-28-26 11:06:27 PST","Oct-28-26 11:06:27 PDT","Contemporary Manufacture","180506","","","New","","","","","","CA","194735262670","",""
"147122928886",Hot Wheels McLaren P1 Red 165/240 Quarter Mile Heroes 1/5 Mattel,,,"1","FIXED_PRICE","CAD",8.99,,,8.99,"0","","","Jan-28-26 11:06:27 PST","Oct-28-26 11:06:27 PDT","Contemporary Manufacture","180506","","","New","","","","","","CA","027084120134","",""
"147122928889","Smurfs Set of 12 Figures –2, 3 "" PVC – Schleich & Payo McDonald’s Collectibles ",,,"1","FIXED_PRICE","CAD",21.0,,,21.0,"0","0","0","Jan-28-26 11:06:27 PST","Oct-28-26 11:06:27 PDT","Action Figures","261068","","","New","","","","","","CA","","",""
"147122928892",Dust Blaster Air Duster 2-Pack Compressed Gas Cleaning Kit Computers & Keyboard,,,"2","FIXED_PRICE","CAD",14.0,,,14.0,"2","0","0","Jan-28-26 11:06:27 PST","Oct-28-26 11:06:27 PDT","Cleaning Equipment & Kits","175678","","","New","","","","","","CA","","",""
"147122928893",Ferrari SF23 F1 RC Car 1:10 – Maisto Tech – Charles Leclerc #16 – New Box (NIB),,,"1","FIXED_PRICE","CAD",100.99,,,100.99,"0","1","0","Jan-28-26 11:06:27 PST","Oct-28-26 11:06:27 PDT","Cars, Trucks & Motorcycles","182183","","","New","","","","","","CA","Does not apply","",""
"147122928896",Vintage 1986 McDonald’s Muppet Babies – Complete Set of 8 Figures – Happy Meal T,,,"1","FIXED_PRICE","CAD",23.0,,,23.0,"0","6","0","Jan-28-26 11:06:27 PST","Oct-28-26 11:06:27 PDT","Fast Food","767","","","New","","","","","","CA","","",""
"147122934789","Hot Wheels 2025 McLaren W1 – HW Race Day Series, 6/10 – Orange, Collectible Car",,,"0","FIXED_PRICE","CAD",7.25,,,7.25,"0","","","Jan-28-26 11:10:42 PST","Oct-28-26 11:10:42 PDT","Contemporary Manufacture","180506","","","New","","","","","","CA","Does not apply","",""
"147122980844",Puma Kids Yoga Joggers – Casual Gym Pants – Size 12–14,,,"1","FIXED_PRICE","CAD",19.0,,,19.0,"0","","","Jan-28-26 11:47:47 PST","Oct-28-26 11:47:47 PDT","Activewear Pants","260976","","","New without tags","","","","","","CA","","",""
"147122980856",Vintage 1976 Coca-Cola Rare Error Bottle – Sealed Glass with Straw Inside,,,"1","FIXED_PRICE","CAD",69.0,,,69.0,"0","1","0","Jan-28-26 11:47:47 PST","Oct-28-26 11:47:47 PDT","Bottles","13603","","","Used","","","","","","CA","","",""
"147122992339",Vintage Kenner 1989 Real Ghostbusters Egon Spengler Super Fright,,,"1","FIXED_PRICE","USD",3.0,,,3.0,"0","","","Jan-28-26 11:56:54 PST","Oct-28-26 11:56:54 PDT","Action Figures","261068","","","New","","","","","","US","Does not apply","",""
"147122992343",Disney Pixar Cars Tow Mater Diecast Metal 1:55 Scale Mattel Tow Truck,,,"1","FIXED_PRICE","USD",2.5,,,2.5,"0","","","Jan-28-26 11:56:54 PST","Oct-28-26 11:56:54 PDT","Pixar Characters","156306","","","Used","","","","","","US","","",""
"147122992345","Minecraft Movie Steve Jack Black Diamond Armor & Wolf 4"" Action Figure 2 Pack!",,,"1","FIXED_PRICE","USD",5.0,,,5.0,"0","1","0","Jan-28-26 11:56:54 PST","Oct-28-26 11:56:54 PDT","Action Figures","261068","","","New","","","","","","US","194735304400","",""
"147122992346",Egyptian Quartz Mantel Clock - Tutankhamun & Anubis Design by SABRE,,,"1","FIXED_PRICE","USD",22.0,,,22.0,"0","1","0","Jan-28-26 11:56:54 PST","Oct-28-26 11:56:54 PDT","Desk, Mantel & Shelf Clocks","261605","","","Used","","","","","","US","","",""
"147122992347",Looney Tunes Mash-Up Pack Limited Edition WB 100 Year Anniversary,,,"1","FIXED_PRICE","USD",20.0,,,20.0,"0","6","0","Jan-28-26 11:56:54 PST","Oct-28-26 11:56:54 PDT","Action Figures","261068","","","New","","","","","","US","778988403709","",""
"147122992352",Star Wars Rey Big Figs 18” Action Figure Jakks Pacific The Last Jedi,,,"1","FIXED_PRICE","USD",3.0,,,3.0,"1","0","0","Jan-28-26 11:56:54 PST","Oct-28-26 11:56:54 PDT","Action Figures","261068","","","New","","","","","","US","Does not apply","",""
"147122992355","WWE HULK HOGAN, 1991 CLASSIC CARD, EXCELLENT CONDITION, WRESTLING LEGEND !",,,"1","FIXED_PRICE","USD",7.0,,,7.0,"0","","","Jan-28-26 11:56:54 PST","Oct-28-26 11:56:54 PDT","Trading Card Singles","261328","","","Ungraded","","","","Excellent","","US","","",""
"147122992356",2025 Hot Wheels G Case - #140 Ford Model A Custom '31 - New Model,,,"1","FIXED_PRICE","USD",2.49,,,2.49,"0","","","Jan-28-26 11:56:54 PST","Oct-28-26 11:56:54 PDT","Contemporary Manufacture","180506","","","New","","","","","","US","","",""
"147122998668",Pokemon Figure Squirtle - McDonald Toys 2026 Happy Meal Toys Promotion,,,"1","FIXED_PRICE","CAD",1.49,,,1.49,"0","2","0","Jan-28-26 12:04:37 PST","Oct-28-26 12:04:37 PDT","Fast Food","767","","","Used","","","","","","CA","","",""
"147123004449",Vintage McDonald's 1994 The Flintstones Movie Dino & Pebbles Car Happy Meal Toy,,,"1","FIXED_PRICE","CAD",8.99,,,8.99,"0","","","Jan-28-26 12:10:04 PST","Oct-28-26 12:10:04 PDT","Fast Food","767","","","New","","","","","","CA","","",""
"147123009336","Wulken 8” Groove Joint Pliers – Drop Forged Steel, Heavy Duty Adjustable Tool",,,"1","FIXED_PRICE","CAD",18.99,,,18.99,"0","","","Jan-28-26 12:16:04 PST","Oct-28-26 12:16:04 PDT","Pliers","82251","","","New","","","","","","CA","885911577953","",""
"147123464521","Disney Pixar Figure Lot ~75 Toys – Minions, Mini Mouse, Toys Story, Winnie, Taz",,,"1","FIXED_PRICE","CAD",58.99,,,58.99,"0","1","0","Jan-28-26 17:21:05 PST","Oct-28-26 17:21:05 PDT","Action Figures","261068","","","Used","","","","","","CA","","",""
"147123572657",K’NEX NASCAR Jeff Gordon #24 Dupont Pit Crew 31-Piece Set NEW #36078,,,"1","FIXED_PRICE","CAD",23.0,,,23.0,"0","2","0","Jan-28-26 18:26:50 PST","Oct-28-26 18:26:50 PDT","Building Toy Complete Sets & Packs","258040","","","New","","","","","","CA","","",""
"147123616901",Hasbro Marvel Legends The Incredible Hulk Abomination Action Figure In Stock,,,"7","FIXED_PRICE","CAD",71.0,,,71.0,"1","2","0","Jan-28-26 19:04:24 PST","Oct-28-26 19:04:24 PDT","Action Figures","261068","","","New","","","","","","CA","5010996362278","",""
"147123621423",Hasbro Marvel Legends Secret Wars Iceman X-Men 6in Action Figure In Stock New,,CT-23621423,"1","FIXED_PRICE","CAD",34.0,,,34.0,"0","0","0","Jan-28-26 19:07:12 PST","Oct-28-26 19:07:12 PDT","Action Figures","261068","","","New","","","","","","CA","5010996356178","",""
"147123672595",Hasbro Marvel Legends X-Men Wolverine (Brown Suit) 6” DeadPool Figure,,,"5","FIXED_PRICE","CAD",51.0,,,51.0,"1","15","0","Jan-28-26 19:38:25 PST","Oct-28-26 19:38:25 PDT","Action Figures","261068","","","New","","","","","","CA","Does not apply","",""
"147124756372",Jada Fast Furious Letty Chevrolet Corvette 1:24 Red Die-Cast 3rd Gen Box New,,,"1","FIXED_PRICE","CAD",34.0,,,34.0,"0","","","Jan-29-26 10:42:33 PST","Oct-29-26 10:42:33 PDT","Contemporary Manufacture","180506","","","New","","","","","","CA","801310982983","",""
"147124761874",JADA Fast & Furious 1/32 Orange JLS Mazda RX-7 Metal Diecast,,,"1","FIXED_PRICE","CAD",18.0,,,18.0,"0","","","Jan-29-26 10:47:54 PST","Oct-29-26 10:47:54 PDT","Contemporary Manufacture","180506","","","New","","","","","","CA","801310240755","",""
"147124958819",Tinkatuff - 084/182 - Reverse Holo Paradox Rift Pokémon Card - NM/M!,,,"1","FIXED_PRICE","CAD",2.05,,,2.05,"0","","","Jan-29-26 13:48:31 PST","Oct-29-26 13:48:31 PDT","CCG Individual Cards","183454","","","Ungraded","","","","Near Mint or Better","","CA","","",""
"147124965357",Oricorio - 089/191 - Common - Reverse Holo Surging Sparks Near Mint,,,"1","FIXED_PRICE","CAD",1.3,,,1.3,"0","","","Jan-29-26 13:50:10 PST","Oct-29-26 13:50:10 PDT","CCG Individual Cards","183454","","","Ungraded","","","","Near Mint or Better","","CA","Does not apply","",""
"147124994202",Hot Wheels 2024 Mainline M Case Then And Now '67 Ford GT40 MK.IV Green #220,,,"1","FIXED_PRICE","CAD",5.5,,,5.5,"0","","","Jan-29-26 14:14:08 PST","Oct-29-26 14:14:08 PDT","Contemporary Manufacture","180506","","","New","","","","","","CA","027084120134","",""
"147128605214",Transformers Collaborative Hot Wheels Twin Mill Deluxe Class 5 Inch ,,,"1","FIXED_PRICE","CAD",47.0,,,47.0,"0","2","0","Jan-31-26 12:02:15 PST","Oct-31-26 12:02:15 PDT","Contemporary Manufacture","180506","","","New","","","","","","CA","Does not apply","",""
"147128609166",Transformers Collaborative Hot Wheels Bone Shaker Deluxe Class 5 Inch Figure,,,"1","FIXED_PRICE","CAD",55.99,,,55.99,"0","2","0","Jan-31-26 12:05:30 PST","Oct-31-26 12:05:30 PDT","Contemporary Manufacture","180506","","","New","","","","","","CA","Does not apply","",""
"147128993282",Hot Wheels Mercedes-Benz 560 1989 SEC AMG 2021 Black Turbo 4/5 Mattel,,,"0","FIXED_PRICE","CAD",6.5,,,6.5,"1","0","0","Jan-31-26 17:23:24 PST","Oct-31-26 17:23:24 PDT","Contemporary Manufacture","180506","","","New","","","","","","CA","na","",""
"147130709446",Barbie You Can Be Anything Para Alpine Doll New 2021,,,"2","FIXED_PRICE","CAD",23.5,,,23.5,"1","1","0","Feb-01-26 15:15:41 PST","Nov-01-26 15:15:41 PST","Dolls & Doll Playsets","262346","","","New","","","","","","CA","","",""
"147130720218",SET OF 4 Philips LED MICRO LIGHTS Indoor Outdoor Warm White Color Changing Timer,,,"4","FIXED_PRICE","CAD",40.0,,,40.0,"0","","","Feb-01-26 15:28:35 PST","Nov-01-26 15:28:35 PST","String Lights","38229","","","New","","","","","","CA","689720413347","",""
"147130766475",Hot Wheels Tesla Model S Plaid 2024 Quarter Mile Heroes – New,,,"0","FIXED_PRICE","CAD",6.0,,,6.0,"0","","","Feb-01-26 15:54:41 PST","Nov-01-26 15:54:41 PST","Contemporary Manufacture","180506","","","New","","","","","","CA","does not apply","",""
"147130766478",Hot Wheels Fast & Furious '70 Dodge Charger Tooned – New,,,"0","FIXED_PRICE","CAD",5.99,,,5.99,"0","0","0","Feb-01-26 15:54:41 PST","Nov-01-26 15:54:41 PST","Contemporary Manufacture","180506","","","New","","","","","","CA","027084120134","",""
"147130766483",Matchbox Toyota GR Supra 2025 Nitro Yellow – NEW,,,"1","FIXED_PRICE","CAD",5.95,,,5.95,"0","","","Feb-01-26 15:54:41 PST","Nov-01-26 15:54:41 PST","Contemporary Manufacture","180506","","","New","","","","","","CA","Does not apply","",""
"147130766488","WWE John Cena 23"" Farewell Plush – New w/ Tag - CANADA exclusive",,,"1","FIXED_PRICE","CAD",46.99,,,46.99,"1","1","0","Feb-01-26 15:54:41 PST","Nov-01-26 15:54:41 PST","Action Figures","261068","","","New","","","","","","CA","","",""
"147130766489",Marvel Legends Excalibur Phoenix Rachel Summers – New,,,"6","FIXED_PRICE","CAD",45.99,,,45.99,"0","1","0","Feb-01-26 15:54:41 PST","Nov-01-26 15:54:41 PST","Action Figures","261068","","","New","","","","","","CA","5010996322586","",""
"147130861984",MOSPRO Electric Water Flosser Cordless Travel Oral Irrigator USB Charging 300ML,,,"1","FIXED_PRICE","CAD",44.0,,,44.0,"2","0","0","Feb-01-26 16:44:13 PST","Nov-01-26 16:44:13 PST","Air & Water Flossers","30354","","","New","","","","","","CA","Does not apply","",""
"147130920410",Guinness 4 Pack Set Toucan 20oz Tulip Design Pint Glasses Officially Licensed,,,"4","FIXED_PRICE","CAD",76.0,,,76.0,"0","1","0","Feb-01-26 17:26:11 PST","Nov-01-26 17:26:11 PST","Other Glassware & Drinkware","261685","","","New","","","","","","CA","","",""
"147130931655",Guinness Official Pint Glass with Shamrock Logo & Embossed Harp – 2 Packs Glass,,,"1","FIXED_PRICE","CAD",39.0,,,39.0,"2","2","0","Feb-01-26 17:34:55 PST","Nov-01-26 17:34:55 PST","Other Vintage Beer Glasses","35723","","","New","","","","","","CA","","",""
"147130947586","Guinness Rubber Bar Mat Harp Logo , 18x12 in – Home Bar Man Cave Spill Guard",,,"2","FIXED_PRICE","CAD",29.0,,,29.0,"3","10","0","Feb-01-26 17:46:39 PST","Nov-01-26 17:46:39 PST","Other Barware","261597","","","New","","","","","","CA","","",""
"147131013040",He-Man Masters of the Universe Hot Wheels Character Cars 5-Pack - Brand New,,,"1","FIXED_PRICE","CAD",11.0,,,11.0,"0","1","0","Feb-01-26 18:29:13 PST","Nov-01-26 18:29:13 PST","Contemporary Manufacture","180506","","","New","","","","","","CA","887961908077","",""
"147137094403",Medieval Knight Statuette 3” with Sword & Shield – Collectible C-0054,,,"1","FIXED_PRICE","CAD",30.0,,,30.0,"0","3","0","Feb-04-26 13:50:10 PST","Nov-04-26 13:50:10 PST","Sculptures & Figurines","261628","","","Used","","","","","","CA","","",""
"147137172498",Marvel Legends BAF Executioner Phantom Rider 6in Action Figure Hasbro In Stock,,,"3","FIXED_PRICE","CAD",46.99,,,46.99,"1","0","0","Feb-04-26 15:13:53 PST","Nov-04-26 15:13:53 PST","Action Figures","261068","","","New","","","","","814288536","CA","0630509547999","",""
"147141031794",DC Multiverse Bat-Raptor Batmobile Action Figure by McFarlane Toys – New in Box,,,"2","FIXED_PRICE","CAD",9.99,,,9.99,"0","6","0","Feb-06-26 19:12:40 PST","Oct-06-26 19:12:40 PDT","Action Figures","261068","","","New","","","","","","CA","","",""
"147141091352","Little People Collector DC Super-Villains Catwoman, Harley Quinn, Poison Ivy NEW",,,"4","FIXED_PRICE","CAD",39.0,,,39.0,"5","27","0","Feb-06-26 19:48:38 PST","Oct-06-26 19:48:38 PDT","Action Figures","261068","","","New","","","","","","CA","Does not apply","",""
"147142586416",Mini Metal School Locker Coin Bank Cash Box w/ Combination Lock & 2 Keys RED,,,"1","FIXED_PRICE","CAD",14.99,,,14.99,"0","4","0","Feb-07-26 16:41:43 PST","Oct-07-26 16:41:43 PDT","Bookcases & Shelving","115749","","","New","","","","","","CA","","",""
"147143665716",Samsung Jet 95 Pet Extra Cordless Stick Vacuum Long Lasting Battery 200 Air Watt,,,"0","FIXED_PRICE","CAD",639.0,,,639.0,"0","2","0","Feb-08-26 08:43:38 PST","Oct-08-26 08:43:38 PDT","Vacuum Cleaners","20614","","","Open box","","","","","","CA","0887276897356","",""
"147146260472",Hot Wheels Premium 007 James Bond Spectre Aston Martin DB10 Jaguar C-X75,,,"1","FIXED_PRICE","CAD",21.0,,,21.0,"0","1","0","Feb-09-26 18:29:26 PST","Oct-09-26 18:29:26 PDT","Contemporary Manufacture","180506","","","New","","","","","","CA","Does not apply","",""
"147147391912",Star Wars Lot 5 Figures Vintage Retro Collection Commemorative Edition Hasbro Ne,,,"1","FIXED_PRICE","CAD",39.99,,,39.99,"0","3","0","Feb-10-26 11:24:15 PST","Oct-10-26 11:24:15 PDT","Action Figures","261068","","","New","","","","","","CA","","",""
"147147816439",Jurassic World Herrerasaurus Dino Trackers Strike Attack Figure Mattel 2023,,,"4","FIXED_PRICE","CAD",29.0,,,29.0,"0","1","0","Feb-10-26 17:28:32 PST","Oct-10-26 17:28:32 PDT","Action Figures","261068","","","New","","","","","","CA","194735116249","",""
"147148288000",Little People Collector The Goonies 5 Figure Set 40th Anniversary Edition,,,"2","FIXED_PRICE","CAD",60.0,,,60.0,"3","16","0","Feb-10-26 22:53:34 PST","Oct-10-26 22:53:34 PDT","Action Figures","261068","","","New","","","","","","CA","194735283330","",""
"147149709818",Hot Wheels 2026 Fast & Furious White 1994 Honda Del Sol Diecast Car 1:64 Mattel,,,"1","FIXED_PRICE","CAD",23.0,,,23.0,"2","1","0","Feb-11-26 18:18:09 PST","Oct-11-26 18:18:09 PDT","Contemporary Manufacture","180506","","","New","","","","","","CA","194735336937","",""
"147154703905","DC Super Powers Deathstroke - McFarlane Toys 5 "" Action Figure New Sealed",,AF-54703905,"1","FIXED_PRICE","CAD",23.74,,,23.74,"0","0","0","Feb-14-26 19:54:04 PST","Oct-14-26 19:54:04 PDT","Action Figures","261068","","","New","","","","","","CA","","",""
"147154714775","McFarlane The New Batman Adventures Batgirl - 7"" Action Figure 2023",,,"1","FIXED_PRICE","CAD",19.0,,,19.0,"0","1","0","Feb-14-26 19:59:08 PST","Oct-14-26 19:59:08 PDT","Action Figures","261068","","","New","","","","","","CA","787926177183","",""
"147154719929","Superman NECA - Toony Comics - 6"" Scale DC - Action Figure MOC New Sealed",,AF-54719929,"1","FIXED_PRICE","CAD",16.0,,,16.0,"0","0","0","Feb-14-26 20:05:12 PST","Oct-14-26 20:05:12 PDT","Action Figures","261068","","","New","","","","","7050632533","CA","0634482397343","",""
"147154722460",DC Direct From the Source DC Essentials DCeased Aquaman Action Figure - New,,,"1","FIXED_PRICE","CAD",27.66,,,27.66,"0","2","0","Feb-14-26 20:13:20 PST","Oct-14-26 20:13:20 PDT","Action Figures","261068","","","New","","","","","","CA","761941368078","",""
"147155523319",2026 Hot Wheels Silver Series 84 Pontiac Firebird. 1/5 Combinned Shipping,,,"3","FIXED_PRICE","CAD",8.6,,,8.6,"1","0","0","Feb-15-26 12:15:56 PST","Oct-15-26 12:15:56 PDT","Contemporary Manufacture","180506","","","New","","","","","16043715615","CA","0887961911077","",""
"147155524950",2026 Hot Wheels Silver Series ‘65 Pontiac Bonneville Purple 3/5 1:64,,,"1","FIXED_PRICE","CAD",8.5,,,8.5,"4","0","0","Feb-15-26 12:18:11 PST","Oct-15-26 12:18:11 PDT","Contemporary Manufacture","180506","","","New","","","","","16043715615","CA","0887961911077","",""
"147155528572",2025 Hot Wheels Silver Series '70 Pontiac GTO Judge Combined Shipping,,,"3","FIXED_PRICE","CAD",10.5,,,10.5,"4","4","0","Feb-15-26 12:21:51 PST","Oct-15-26 12:21:51 PDT","Contemporary Manufacture","180506","","","New","","","","","16043715615","CA","0887961911077","",""
"147155550217",Marvel Deadpool Premium Playing Cards – Deadpool Themed Deck of Cards - Aquarius,,,"10","FIXED_PRICE","CAD",14.99,,,14.99,"0","1","0","Feb-15-26 12:31:31 PST","Oct-15-26 12:31:31 PDT","Playing Cards","1438","","","New","","","","","","CA","","",""
"147155553685",R2D2 Premium Playing Poker Cards – Star Wars Themed Deck of Cards AQUARIUS - NEW,,,"10","FIXED_PRICE","CAD",9.99,,,9.99,"0","1","0","Feb-15-26 12:35:50 PST","Oct-15-26 12:35:50 PDT","Playing Cards","166571","","","New","","","","","","CA","840391178533","",""
"147155558985",Matchbox 2025 Express Delivery 68/125 UPS DELIVERY TRUCK United Parcel Service,,,"1","FIXED_PRICE","CAD",22.0,,,22.0,"0","5","0","Feb-15-26 12:38:12 PST","Oct-15-26 12:38:12 PDT","Contemporary Manufacture","180506","","","New","","","","","","CA","Does not apply","",""
"147155617438",Govee RGBIC Pro LED Strip Lights Color Smart LED Wifi App Control 49.2 Ft,,,"5","FIXED_PRICE","CAD",49.99,,,49.99,"0","3","0","Feb-15-26 13:31:17 PST","Oct-15-26 13:31:17 PDT","String Lights, Fairy Lights","116022","","","New","","","","","","CA","850061998392","",""
"147155666373",Vintage Peanuts Charlie Brown Train Conductor Figure 1950s NEW,,,"1","FIXED_PRICE","CAD",4.8,,,4.8,"0","","","Feb-15-26 14:29:35 PST","Oct-15-26 14:29:35 PDT","Other Animation Merchandise","69528","","","New","","","","","","CA","","",""
"147155666374",Star Wars The Black Series Doctor Aphra 6-Inch Action Figure #HSF7002,,AF-55666374,"1","FIXED_PRICE","CAD",28.9,,,28.9,"0","0","0","Feb-15-26 14:29:35 PST","Oct-15-26 14:29:35 PDT","Action Figures","261068","","","New","","","","","","CA","Does not apply","",""
"147155666376",NHL 2K6 Xbox Video Game Complete Disc Manual Tested CLEAN,,,"1","FIXED_PRICE","CAD",11.99,,,11.99,"0","","","Feb-15-26 14:29:35 PST","Oct-15-26 14:29:35 PDT","Video Games","139973","","","Like New","","","","","","CA","0710425298028","",""
"147155666375",Hot Wheels 2018 Honda Civic Type R Blue #123/250 3/10 NEW,,,"1","FIXED_PRICE","CAD",11.0,,,11.0,"0","1","0","Feb-15-26 14:29:35 PST","Oct-15-26 14:29:35 PDT","Contemporary Manufacture","180506","","","New","","","","","","CA","Does Not Apply","",""
"147155666378",Hallmark Iron Man Marvel Christmas Ornament 2024 Tree Decor NEW,,AF-55666378,"2","FIXED_PRICE","CAD",21.99,,,21.99,"0","","","Feb-15-26 14:29:35 PST","Oct-15-26 14:29:35 PDT","Other Guitar & Bass Accessories","7266","","","New","","","","","","CA","","",""
"147155666381",Hot Wheels 2024 ’90 Acura NSX WHITE #175/250 Diecast NEW,,,"1","FIXED_PRICE","CAD",5.05,,,5.05,"1","1","0","Feb-15-26 14:29:35 PST","Oct-15-26 14:29:35 PDT","Contemporary Manufacture","180506","","","New","","","","","","CA","0027084120134","",""
"147155666384","DC Multiverse Black Adam 7"" Movie Action Figure McFarlane Toys - The Rock 15256",,,"1","FIXED_PRICE","CAD",39.0,,,39.0,"0","","","Feb-15-26 14:29:35 PST","Oct-15-26 14:29:35 PDT","Action Figures","261068","","","New","","","","","21055278379","CA","0787926152562","",""
"147155666385",Star Wars Grand Admiral Thrawn Hallmark Ornament 2024 NEW,,CT-55666385,"1","FIXED_PRICE","CAD",25.0,,,25.0,"0","","","Feb-15-26 14:29:35 PST","Oct-15-26 14:29:35 PDT","Other Guitar & Bass Accessories","7266","","","New","","","","","","CA","661127046694","",""
"147155666393",Hot Wheels 2025 HW Experimotors White #216/250 9/10 Diecast NEW,,,"1","FIXED_PRICE","CAD",7.0,,,7.0,"0","","","Feb-15-26 14:29:35 PST","Oct-15-26 14:29:35 PDT","Contemporary Manufacture","180506","","","New","","","","","","CA","027084120134","",""
"147155666398",NHL Hockey Cards Lot 28 Mixed Brands Upper Deck MVP O-Pee-Chee Assorted,,,"1","FIXED_PRICE","CAD",0.99,,,0.99,"0","","","Feb-15-26 14:29:35 PST","Oct-15-26 14:29:35 PDT","Trading Card Singles","261328","","","Ungraded","","","","Near Mint or Better","","CA","","",""
"147155666400",Jurassic World Rebirth Mosasaur Dinosaur Hallmark Ornament NEW SEAL,,,"1","FIXED_PRICE","CAD",14.0,,,14.0,"0","0","0","Feb-15-26 14:29:35 PST","Oct-15-26 14:29:35 PDT","Ornaments","77988","","","New","","","","","","CA","0661127102437","",""
"147155666401","Star Wars Zam Wessell 12"" Attack of the Clones Action Figure Hasbro 2002 NEW",,AF-55666401,"1","FIXED_PRICE","CAD",19.0,,,19.0,"0","","","Feb-15-26 14:29:35 PST","Oct-15-26 14:29:35 PDT","Action Figures","261068","","","New","","","","","","CA","076930848920","",""
"147155666402",Hot Wheels Fast & Furious ’94 Toyota Supra #224 Gold Tooned NEW,,,"1","FIXED_PRICE","CAD",6.0,,,6.0,"0","","","Feb-15-26 14:29:35 PST","Oct-15-26 14:29:35 PDT","Contemporary Manufacture","180506","","","New","","","","","","CA","NA","",""
"147155666403",Adidas Women’s Cropped Crewneck Sweatshirt Black White Small H09266 NEW w/ Tags,,,"1","FIXED_PRICE","CAD",23.0,,,23.0,"0","0","0","Feb-15-26 14:29:35 PST","Oct-15-26 14:29:35 PDT","Hoodies & Sweatshirts","155226","","","New with tags","","","","","","CA","","",""
"147155666408",Hallmark Wicked Glinda The Good Christmas Ornament Holiday Decor NEW,,,"1","FIXED_PRICE","CAD",24.99,,,24.99,"0","","","Feb-15-26 14:29:35 PST","Oct-15-26 14:29:35 PDT","Ornaments","77988","","","New","","","","","","CA","","",""
"147156112708",Hot Wheels Replay The Classics 80th Anniversary Mattel ZAMAC Set Of 7 2025,,,"1","FIXED_PRICE","CAD",33.99,,,33.99,"0","1","0","Feb-15-26 19:44:09 PST","Oct-15-26 19:44:09 PDT","Contemporary Manufacture","180506","","","New","","","","","","CA","Does not apply","",""
"147156731579",Hot Wheels Formula 1 MoneyGram Haas F1 Team #31 2025,,,"1","FIXED_PRICE","CAD",17.0,,,17.0,"1","1","0","Feb-16-26 05:24:18 PST","Oct-16-26 05:24:18 PDT","Contemporary Manufacture","180506","","","New","","","","","","CA","Does Not Apply","",""
"147156753607",2026 Hot Wheels FERRARI 12CILINDRI Red Series 4/5 (#94/250) D CASE - NEW,,,"1","FIXED_PRICE","CAD",8.0,,,8.0,"1","2","0","Feb-16-26 05:42:47 PST","Oct-16-26 05:42:47 PDT","Contemporary Manufacture","180506","","","New","","","","","","CA","Does not apply","",""
"147157709755",2026 Matchbox Collectors Toyota MR2 1984 #09/20 NEW Diecast Collector Car - New,,,"1","FIXED_PRICE","CAD",17.8,,,17.8,"0","1","0","Feb-16-26 19:08:00 PST","Oct-16-26 19:08:00 PDT","Contemporary Manufacture","180506","","","New","","","","","","CA","0887961716535","",""
"147158779374",Atari My Arcade Gamestation Go Handheld Gaming System W/ 200+ Games Rechargeable,,,"4","FIXED_PRICE","CAD",169.0,,,169.0,"1","15","0","Feb-17-26 13:05:59 PST","Oct-17-26 13:05:59 PDT","Video Game Consoles","139971","","","New","","","","","","CA","845620070657","",""
"147167410980",2026 Hot Wheels Princess Peach - Mario Kart - Standard Kart New Diecast 1:64,,,"1","FIXED_PRICE","CAD",14.85,,,14.85,"0","","","Feb-22-26 15:24:02 PST","Oct-22-26 15:24:02 PDT","Contemporary Manufacture","180506","","","New","","","","","","CA","Does not apply","",""
"147167411564",Minecraft Minecart - Hot Wheels Mainline – HW Screen Time 1:64 Die Cast,,,"1","FIXED_PRICE","CAD",6.0,,,6.0,"0","0","0","Feb-22-26 15:24:42 PST","Oct-22-26 15:24:42 PDT","Contemporary Manufacture","180506","","","New","","","","","","CA","0027084120134","",""
"147167668995",Transformers Energon Omnicon Skyblast Strongarm Megatron Grimlock Toy Lot Fallen,,,"1","FIXED_PRICE","CAD",52.0,,,52.0,"0","2","0","Feb-22-26 18:13:24 PST","Oct-22-26 18:13:24 PDT","Action Figures","261068","","","Used","","","","","","CA","","",""
"147167708136",Batman Superman Catwoman X-Men Lot of 5 New Action Figures,,,"1","FIXED_PRICE","CAD",81.0,,,81.0,"0","1","0","Feb-22-26 18:45:56 PST","Oct-22-26 18:45:56 PDT","Action Figures","261068","","","New","","","","","","CA","","",""
"147167719629",Lot of 2 Vintage Premier Line 21oz Pool Cue Sticks Model 13-144 w/ Blue Cases,,,"1","FIXED_PRICE","CAD",160.0,,,160.0,"0","4","0","Feb-22-26 18:49:51 PST","Oct-22-26 18:49:51 PDT","Cues","21568","","","Used","","","","","","CA","Does not apply","",""
"147169016175",2026 Hot Wheels Case C Ferrari 365 GTB4 Competizione 62/250 White Polo S33,,,"2","FIXED_PRICE","CAD",10.0,,,10.0,"0","1","0","Feb-23-26 11:56:39 PST","Oct-23-26 11:56:39 PDT","Contemporary Manufacture","180506","","","New","","","","","","CA","NA","",""
"147169022218",2026 Hot Wheels Mainline Case D Toyota Prius Custom Series HW J-Imports,,,"0","FIXED_PRICE","CAD",6.02,,,6.02,"1","2","0","Feb-23-26 12:01:18 PST","Oct-23-26 12:01:18 PDT","Collections & Lots","73252","","","New","","","","","","CA","Does not apply","",""
"147169041029",Hot Wheels 2026 NEW Case C Quick Chat White Long Card (Mint Combine Shipping),,,"1","FIXED_PRICE","CAD",7.99,,,7.99,"0","1","0","Feb-23-26 12:25:06 PST","Oct-23-26 12:25:06 PDT","Contemporary Manufacture","180506","","","New","","","","","","CA","Does not apply","",""
"147169042339",Hot Wheels 2026 Case C McLaren W1 Blue Exoticars - Long Card Series 74/250,,,"1","FIXED_PRICE","CAD",6.4,,,6.4,"1","1","0","Feb-23-26 12:27:34 PST","Oct-23-26 12:27:34 PDT","Contemporary Manufacture","180506","","","New","","","","","","CA","Does not apply","",""
"147169436182",JADA Fast & Furious Jesse’s Volkswagen Jetta 1:32 Diecast hardtop Movie 5”,,,"1","FIXED_PRICE","CAD",18.0,,,18.0,"0","8","0","Feb-23-26 17:51:41 PST","Oct-23-26 17:51:41 PDT","Contemporary Manufacture","180506","","","New","","","","","","CA","801310995921","",""
"147169688505","Marvel Legends Series Cowboypool, Deadpool & Wolverine Movie Figure PRE ORDER",,,"10","FIXED_PRICE","CAD",56.0,,,56.0,"0","2","0","Feb-23-26 20:40:21 PST","Oct-23-26 20:40:21 PDT","Action Figures","261068","","","New","","","","","","CA","does not apply","",""
"147169750791",Marvel Legends Spider-Man No Way Home GREEN GOBLIN Premium 1:1 Helmet Mask NEW,,,"1","FIXED_PRICE","CAD",289.0,,,289.0,"0","17","0","Feb-23-26 21:25:31 PST","Oct-23-26 21:25:31 PDT","Action Figures","261068","","","New","","","","","","CA","5010996246172","",""
"147170576642",Hot Wheels 2026 - ´16 Cadillac ATS-V R Series Nightspeed - Orange Mainline,,,"1","FIXED_PRICE","CAD",4.25,,,4.25,"1","1","0","Feb-24-26 10:43:02 PST","Oct-24-26 10:43:02 PDT","Collections & Lots","73252","","","New","","","","","","CA","Does not apply","",""
"147170815955",Hot Wheels Formula 1 McLaren #4 Lando Norris Formula One Team Die Cast. 2025,,,"2","FIXED_PRICE","CAD",16.99,,,16.99,"1","1","0","Feb-24-26 13:50:36 PST","Oct-24-26 13:50:36 PDT","Contemporary Manufacture","180506","","","New","","","","","","CA","Does not apply","",""
"147170907910",Hot Wheels 2026 LA LIEBRE - (Case C) Mainline HW Dream Garage Combined Shipping,,,"0","FIXED_PRICE","CAD",4.0,,,4.0,"1","1","0","Feb-24-26 14:50:42 PST","Oct-24-26 14:50:42 PDT","Contemporary Manufacture","180506","","","New","","","","","","CA","074299057854","",""
"147170911075",Hot Wheels 2026 Case C Porsche 911 Turbo Cabriolet A118 Drop Tops - NEW,,,"1","FIXED_PRICE","CAD",8.45,,,8.45,"0","","","Feb-24-26 14:52:37 PST","Oct-24-26 14:52:37 PDT","Contemporary Manufacture","180506","","","New","","","","","","CA","NA","",""
"147172827028",Daemon X Machina: Titanic Scion Limited Edition (Playstation 5 / PS5) BRAND NEW,,,"5","FIXED_PRICE","CAD",130.0,,,130.0,"0","","","Feb-25-26 15:43:33 PST","Oct-25-26 15:43:33 PDT","Video Games","139973","","","Brand New","","","","","","CA","0850062242340","",""
"147173103925","Star Wars Vintage Collection 3.75""  - Darth Vader Emperor Wrath VC385 IN STOCK",,,"1","FIXED_PRICE","CAD",41.0,,,41.0,"0","0","0","Feb-25-26 18:56:24 PST","Oct-25-26 18:56:24 PDT","Action Figures","261068","","","New","","","","","","CA","5010996369017","",""
"147177105718",Hot Wheels 2025 Case M 70’s Vs 90’s 8/10 Nissan Skyline GT-R (BCNR33) Dark Blue,,,"1","FIXED_PRICE","CAD",10.45,,,10.45,"1","1","0","Feb-28-26 07:07:22 PST","Oct-28-26 07:07:22 PDT","Contemporary Manufacture","180506","","","New","","","","","","CA","0027084120134","",""
"147177207485",Disney Pixar Cars Diecast Lemons Tubbs Pacer Mattel Cars Toys Diecast 1:55 MINT,,,"1","FIXED_PRICE","CAD",13.0,,,13.0,"3","22","0","Feb-28-26 08:30:02 PST","Oct-28-26 08:30:02 PDT","Contemporary Manufacture","180506","","","New","","","","","","CA","Non applicable","",""
"147177211093",Disney Pixar Cars Mario Andretti #11 Diecast 1/55 New Mint Card Mattel - 2021,,,"1","FIXED_PRICE","CAD",13.0,,,13.0,"0","3","0","Feb-28-26 08:31:45 PST","Oct-28-26 08:31:45 PDT","Contemporary Manufacture","180506","","","New","","","","","","CA","887961561739","",""
"147177212126",Hot Wheels 2026 Ford Mustang GTD Light Blue Factory Fresh 43/250 MINT CARD,,,"1","FIXED_PRICE","CAD",6.98,,,6.98,"2","0","0","Feb-28-26 08:33:25 PST","Oct-28-26 08:33:25 PDT","Contemporary Manufacture","180506","","","New","","","","","","CA","194735267569","",""
"147177901935",1/6 Male Head Sculpt Paul Walker Fast & Furious for Hot Toys Phicen,,,"15","FIXED_PRICE","CAD",39.99,,,39.99,"0","3","0","Feb-28-26 17:30:30 PST","Oct-28-26 17:30:30 PDT","Action Figures","261068","","","New","","","","","","CA","Does not apply","",""
"147177940880",Hornet Hollow Knight 23cm PVC Statue with Box – Anime Game Collectible Figure,,,"5","FIXED_PRICE","USD",22.0,,,22.0,"0","1","0","Feb-28-26 18:01:03 PST","Oct-28-26 18:01:03 PDT","Action Figures","261068","","","New","","","","","","US","","",""
"147179200938",Hot Wheels Silver - Fast & Furious - Nissan Silvia S13 (Tokyo Drift) Yellow 5/5,,,"1","FIXED_PRICE","CAD",20.0,,,20.0,"0","4","0","Mar-01-26 10:18:56 PST","Nov-01-26 10:18:56 PST","Contemporary Manufacture","180506","","","New","","","","","","CA","Does not apply","",""
"147179763098",Dragon Ball Evolve Super Saiyan Blue Vegeta Action Figure 5 Inch - NEW Mint,,,"1","FIXED_PRICE","CAD",23.99,,,23.99,"0","","","Mar-01-26 16:40:48 PST","Nov-01-26 16:40:48 PST","Other Animation Merchandise","69528","","","New","","","","","","CA","","",""
"147179870317","COCONIX Fabric & Carpet Repair Kit | Fix Tears, Holes, and Burns on Fabric... ",,,"1","FIXED_PRICE","CAD",39.0,,,39.0,"1","0","0","Mar-01-26 17:59:28 PST","Nov-01-26 17:59:28 PST","Other","26455","","","New","","","","","","CA","","",""
"147181361842","Schleich Eldrador 5 PC Fantasy Special Playset Ice Wolf, Lava Hound, Rock Beast",,,"1","FIXED_PRICE","CAD",59.0,,,59.0,"0","","","Mar-02-26 12:51:07 PST","Nov-02-26 12:51:07 PST","Action Figures","261068","","","New","","","","","","CA","04059433573090","",""
"147181435812",Wall Mount Beer Bottle Opener Metal Wood Bar Decor You Pick Budweiser Guinness,Choose Your Style=Coca Cola;Sprite;Guinness;American Breweries;Corona Extra;Carlsberg;Budweiser;Beck's,,"40","FIXED_PRICE","CAD",39.99,,,39.99,"0","","","Mar-02-26 13:41:29 PST","Nov-02-26 13:41:29 PST","Corkscrews & Openers","20688","","","New","","","","","","CA","Does not apply","",""
"147181435812",Wall Mount Beer Bottle Opener Metal Wood Bar Decor You Pick Budweiser Guinness,Choose Your Style=Coca Cola,Coca Cola,"5","FIXED_PRICE","CAD",39.99,,,,"0",,,"Mar-02-26 13:41:29 PST","Nov-02-26 13:41:29 PST","Corkscrews & Openers","20688","","","New",,,,,"","CA","Does not apply","",""
"147181435812",Wall Mount Beer Bottle Opener Metal Wood Bar Decor You Pick Budweiser Guinness,Choose Your Style=Sprite,Sprite,"5","FIXED_PRICE","CAD",39.99,,,,"0",,,"Mar-02-26 13:41:29 PST","Nov-02-26 13:41:29 PST","Corkscrews & Openers","20688","","","New",,,,,"","CA","Does not apply","",""
"147181435812",Wall Mount Beer Bottle Opener Metal Wood Bar Decor You Pick Budweiser Guinness,Choose Your Style=Guinness,Guinness,"5","FIXED_PRICE","CAD",39.99,,,,"0",,,"Mar-02-26 13:41:29 PST","Nov-02-26 13:41:29 PST","Corkscrews & Openers","20688","","","New",,,,,"","CA","Does not apply","",""
"147181435812",Wall Mount Beer Bottle Opener Metal Wood Bar Decor You Pick Budweiser Guinness,Choose Your Style=American Breweries,American Breweries,"5","FIXED_PRICE","CAD",39.99,,,,"0",,,"Mar-02-26 13:41:29 PST","Nov-02-26 13:41:29 PST","Corkscrews & Openers","20688","","","New",,,,,"","CA","Does not apply","",""
"147181435812",Wall Mount Beer Bottle Opener Metal Wood Bar Decor You Pick Budweiser Guinness,Choose Your Style=Corona Extra,Corona Extra,"5","FIXED_PRICE","CAD",39.99,,,,"0",,,"Mar-02-26 13:41:29 PST","Nov-02-26 13:41:29 PST","Corkscrews & Openers","20688","","","New",,,,,"","CA","Does not apply","",""
"147181435812",Wall Mount Beer Bottle Opener Metal Wood Bar Decor You Pick Budweiser Guinness,Choose Your Style=Carlsberg,Carlsberg,"5","FIXED_PRICE","CAD",39.99,,,,"0",,,"Mar-02-26 13:41:29 PST","Nov-02-26 13:41:29 PST","Corkscrews & Openers","20688","","","New",,,,,"","CA","Does not apply","",""
"147181435812",Wall Mount Beer Bottle Opener Metal Wood Bar Decor You Pick Budweiser Guinness,Choose Your Style=Budweiser,Budweiser,"5","FIXED_PRICE","CAD",39.99,,,,"0",,,"Mar-02-26 13:41:29 PST","Nov-02-26 13:41:29 PST","Corkscrews & Openers","20688","","","New",,,,,"","CA","Does not apply","",""
"147181435812",Wall Mount Beer Bottle Opener Metal Wood Bar Decor You Pick Budweiser Guinness,Choose Your Style=Beck's,Beck's,"5","FIXED_PRICE","CAD",39.99,,,,"0",,,"Mar-02-26 13:41:29 PST","Nov-02-26 13:41:29 PST","Corkscrews & Openers","20688","","","New",,,,,"","CA","Does not apply","",""
"147181680382","WWE 23"" Cody Rhodes Plush Wal-Mart Canada Exclusive New w/ Tag - Sealed In Bag",,,"3","FIXED_PRICE","CAD",50.0,,,50.0,"0","1","0","Mar-02-26 15:58:17 PST","Nov-02-26 15:58:17 PST","Action Figures","261068","","","New","","","","","","CA","","",""
"147181697385","WWE WWF 23"" Mami Rhea Ripley Plush New w/ Tag / Walmart Canada Exclusive",,,"1","FIXED_PRICE","CAD",50.0,,,50.0,"0","5","0","Mar-02-26 16:06:40 PST","Nov-02-26 16:06:40 PST","Action Figures","261068","","","New","","","","","","CA","","",""
"147182197014","Star Wars Vintage Collection 3,75"" Maul Shadow Lord Action Figure IN STOCK",,,"2","FIXED_PRICE","CAD",40.0,,,40.0,"0","1","0","Mar-02-26 20:23:41 PST","Nov-02-26 20:23:41 PST","Action Figures","261068","","","New","","","","","","CA","5010996347503","",""
"147185240087",2022 DISNEY PIXAR CARS SHERIFF DIECAST METAL VEHICLE NEW SEALED MINT CARD,,,"1","FIXED_PRICE","CAD",15.0,,,15.0,"2","2","0","Mar-04-26 10:58:31 PST","Nov-04-26 10:58:31 PST","Contemporary Manufacture","180506","","","New","","","","","","CA","887961561869","",""
"147185434907",Jurassic World Chaos Theory Danger Pack Guemesia Dinosaur - Jurassic Park Figure,,,"1","FIXED_PRICE","CAD",31.0,,,31.0,"0","1","0","Mar-04-26 13:53:34 PST","Nov-04-26 13:53:34 PST","Action Figures","261068","","","New","","","","","","CA","","",""
"147185438939","Jurassic World Chaos Theory GUEMESIA, KENTROSAURUS, HERRERASAURUS Danger Pack",,,"1","FIXED_PRICE","CAD",52.99,,,52.99,"0","","","Mar-04-26 13:59:15 PST","Nov-04-26 13:59:15 PST","Action Figures","261068","","","New","","","","","","CA","","",""
"147185502665",Jurassic World Chaos Theory Kentrosaurus W/ Sounds Action Figure New Sealed,,,"1","FIXED_PRICE","CAD",34.0,,,34.0,"0","2","0","Mar-04-26 14:57:51 PST","Nov-04-26 14:57:51 PST","Action Figures","261068","","","New","","","","","","CA","194735273096","",""
"147185805106",Matchbox Germany Series – Porsche 911 Rally 1985 – #03/12 – New 70th Anniversary,,,"1","FIXED_PRICE","CAD",11.0,,,11.0,"0","","","Mar-04-26 18:43:23 PST","Nov-04-26 18:43:23 PST","Contemporary Manufacture","180506","","","New","","","","","","CA","887961942415","",""
"147185908888",Little People Collector Jaws 50th Anniversary Special Edition Fisher Price - New,,,"1","FIXED_PRICE","CAD",39.0,,,39.0,"0","19","0","Mar-04-26 19:41:11 PST","Nov-04-26 19:41:11 PST","Little People (1997-Now)","158744","","","New","","","","","","CA","Does not apply","",""
"147187271390",Matchbox Germany Porsche Cayenne Turbo #11/12 Black NIP - 70 Years Anniversary,,,"1","FIXED_PRICE","CAD",19.99,,,19.99,"1","3","0","Mar-05-26 14:54:23 PST","Nov-05-26 14:54:23 PST","Contemporary Manufacture","180506","","","New","","","","","","CA","does not apply","",""
"147187556686",Corona Wall Mounted Beer Bottle Opener – Retro Bar Decor – Alloy Metal 1PC,,,"7","FIXED_PRICE","CAD",26.0,,,26.0,"3","2","0","Mar-05-26 18:26:10 PST","Nov-05-26 18:26:10 PST","Openers","566","","","New","","","","","","CA","","",""
"147189377993",Disney Pixar Cars Mater / Mate Metal Diecast 2021 Mattel DXV29 / HHV86,,,"1","FIXED_PRICE","CAD",21.0,,,21.0,"0","3","0","Mar-06-26 17:45:28 PST","Oct-06-26 17:45:28 PDT","Contemporary Manufacture","180506","","","New","","","","","","CA","194735200153","",""
"147189386867",HOT WHEELS '96 DODGE VIPER GTS BLUE 4/10 THEN AND NOW 176/250 HYW50 (2025),,,"1","FIXED_PRICE","CAD",5.0,,,5.0,"2","2","0","Mar-06-26 17:48:40 PST","Oct-06-26 17:48:40 PDT","Contemporary Manufacture","180506","","","New","","","","","","CA","Does not apply","",""
"147189391836",2025 Hot Wheels ’19 Chevy Silverado Trail Boss LT Blue Brown & White A46,,,"1","FIXED_PRICE","CAD",5.0,,,5.0,"0","1","0","Mar-06-26 17:50:44 PST","Oct-06-26 17:50:44 PDT","Contemporary Manufacture","180506","","","New","","","","","","CA","NA","",""
"147189398733",Hot Wheels 2025 Ford GT White HW Modified Borla Exhaust #78 1:64,,,"1","FIXED_PRICE","CAD",8.05,,,8.05,"0","","","Mar-06-26 17:54:52 PST","Oct-06-26 17:54:52 PDT","Contemporary Manufacture","180506","","","New","","","","","","CA","Does Not Apply","",""
"147189408992",Patrick Roy NHL Headliners Signature Series Figure IRWIN 1997 NHLPA,,,"1","FIXED_PRICE","CAD",15.99,,,15.99,"0","","","Mar-06-26 18:06:27 PST","Oct-06-26 18:06:27 PDT","Hockey-NHL","24510","","","New","","","","","","CA","","",""
"147191291015","Epic Games Fortnite Beastmode Jackal 7"" Action Figure McFarlane Toys Loose",,,"1","FIXED_PRICE","CAD",15.0,,,15.0,"0","","","Mar-07-26 18:16:36 PST","Oct-07-26 18:16:36 PDT","Action Figures","261068","","","New","","","","","","CA","","",""
"147192108995",Hot Wheels Premium Fast & Furious Tokyo Drift Diorama Diecast 1:64 JDM,,,"1","FIXED_PRICE","CAD",59.99,,,59.99,"2","2","0","Mar-08-26 06:50:17 PDT","Oct-08-26 06:50:17 PDT","Contemporary Manufacture","180506","","","New","","","","","","CA","Does Not Apply","",""
"147193151645",FUNKO POP ! FULLY-HOLLOWFIED ICHIGO 1104 GLOW CHASE EDITION BLEACH T01,,,"1","FIXED_PRICE","CAD",23.0,,,23.0,"0","0","0","Mar-08-26 20:32:39 PDT","Oct-08-26 20:32:39 PDT","Collectible Figures & Bobbleheads","149372","","","New","","","","","","CA","","",""
"147194525950",Mattel A Minecraft Movie Steve 4” Action Figure Jack Black New Sealed,,,"5","FIXED_PRICE","CAD",9.99,,,9.99,"0","","","Mar-09-26 12:56:36 PDT","Oct-09-26 12:56:36 PDT","Action Figures","261068","","","New","","","","","","CA","194735304295","",""
"147194628402",Lex Luger WWE Elite Ultimate Edition 6” Action Figure Mattel Wrestling,,,"1","FIXED_PRICE","CAD",19.99,,,19.99,"8","46","0","Mar-09-26 13:54:49 PDT","Oct-09-26 13:54:49 PDT","Action Figures","261068","","","New","","","","","","CA","Does not apply","",""
"147197751596",Jakks Gilius Thunderhead + Samus & Roo Streets Of Rage Sega Action Figure Lot 3,,,"1","FIXED_PRICE","CAD",23.23,,,23.23,"4","10","0","Mar-11-26 06:46:38 PDT","Oct-11-26 06:46:38 PDT","Action Figures","261068","","","New","","","","","","CA","192995425958","",""
"147200700996",Transformers MEGATRON G1 AMK-D16 YOLOPARK - Action Figure 7.87 Inch,,,"1","FIXED_PRICE","CAD",26.0,,,26.0,"0","0","0","Mar-12-26 13:00:40 PDT","Oct-12-26 13:00:40 PDT","Action Figures","261068","","","New","","","","","","CA","","",""
"147202329242","Sidney Crosby Hockey Canada Olympics 7"" Figure McFarlane",,,"1","FIXED_PRICE","CAD",44.0,,,44.0,"0","","","Mar-13-26 09:17:28 PDT","Oct-13-26 09:17:28 PDT","Action Figures","261068","","","New","","","","","","CA","787926102345","",""
"147202353014",Hot Wheels 2016 HW Daredevils Toyota Off Road Truck 7/10,,,"1","FIXED_PRICE","CAD",13.99,,,13.99,"0","0","0","Mar-13-26 09:31:23 PDT","Oct-13-26 09:31:23 PDT","Contemporary Manufacture","180506","","","New","","","","","","CA","Does not apply","",""
"147203048308",2017 Hot Wheels #22 Legends of Speed 1/10 FAIRLADY 2000,,,"1","FIXED_PRICE","CAD",8.87,,,8.87,"0","","","Mar-13-26 18:33:58 PDT","Oct-13-26 18:33:58 PDT","Contemporary Manufacture","180506","","","New","","","","","","CA","887961367515","",""
"147203348642",WWE Street Fighter Ultimate Warrior as Blanka Mattel 2026 - Elite Series 1,,,"1","FIXED_PRICE","CAD",49.0,,,49.0,"0","","","Mar-13-26 21:19:33 PDT","Oct-13-26 21:19:33 PDT","Action Figures","261068","","","New","","","","","","CA","","",""
"147203351842",WWE Street Fighter Rey Mysterio as Ryu Complete Action Figure 2026 Mattel,,,"1","FIXED_PRICE","CAD",47.0,,,47.0,"0","1","0","Mar-13-26 21:23:35 PDT","Oct-13-26 21:23:35 PDT","Action Figures","261068","","","New","","","","","","CA","194735362295","",""
"147204086155",Jurassic World Rebirth Launch N Battle Truck Velociraptor Martin Krebs Mattel,,,"1","FIXED_PRICE","CAD",79.0,,,79.0,"1","1","0","Mar-14-26 08:55:13 PDT","Oct-14-26 08:55:13 PDT","Action Figures","261068","","","New","","","","","","CA","Does not apply","",""
"147204091515",Jurassic World Rebirth – Dino Catcher Truck w/ Dinosaur Figure Matchbox RC READ,,,"1","FIXED_PRICE","CAD",69.0,,,69.0,"0","4","0","Mar-14-26 09:01:16 PDT","Oct-14-26 09:01:16 PDT","Action Figures","261068","","","New","","","","","","CA","194735327430","",""
"147204190246",Disney Pixar Cars 2026 Ray Reverham P-CUP Black Truck CHASE Mattel MOC,,,"1","FIXED_PRICE","CAD",18.99,,,18.99,"0","1","0","Mar-14-26 10:28:50 PDT","Oct-14-26 10:28:50 PDT","Contemporary Manufacture","180506","","","New","","","","","","CA","0194735373154","",""
"147204543380","Star Wars The Vintage Collection Imperial Snowtrooper Commander, VC394 - MOC",,,"1","FIXED_PRICE","CAD",25.0,,,25.0,"0","8","0","Mar-14-26 15:28:30 PDT","Oct-14-26 15:28:30 PDT","Action Figures","261068","","","New","","","","","","CA","","",""
"147204553456",Star Wars The Vintage Collection Poggle the Lesser Attack of the Clones Figure,,,"1","FIXED_PRICE","CAD",22.92,,,22.92,"3","5","0","Mar-14-26 15:32:27 PDT","Oct-14-26 15:32:27 PDT","Action Figures","261068","","","New","","","","","","CA","Does not apply","",""
"147204569168",Star Wars The Vintage Collection Greedo A New Hope Action Figure,,,"1","FIXED_PRICE","CAD",31.0,,,31.0,"0","2","0","Mar-14-26 15:42:39 PDT","Oct-14-26 15:42:39 PDT","Action Figures","261068","","","New","","","","","","CA","Does not apply","",""
"147204581964",Star Wars The Vintage Collection Imperial Remnant Snowtrooper Mandalorian Grogu,,,"1","FIXED_PRICE","CAD",46.99,,,46.99,"2","13","0","Mar-14-26 15:53:42 PDT","Oct-14-26 15:53:42 PDT","Action Figures","261068","","","New","","","","","","CA","","",""
"147204594597",Star Wars Vintage Collection 3.75 Mandalorian And Grogu Deluxe Figure 2026,,,"1","FIXED_PRICE","CAD",60.0,,,60.0,"0","6","0","Mar-14-26 16:04:08 PDT","Oct-14-26 16:04:08 PDT","Action Figures","261068","","","New","","","","","","CA","","",""
"147206013911",2025 Hot Wheels Peanuts Snoopy 132/250 HW Screen Time 1:64 Diecast,,,"1","FIXED_PRICE","CAD",7.15,,,7.15,"1","1","0","Mar-15-26 12:27:31 PDT","Oct-15-26 12:27:31 PDT","Contemporary Manufacture","180506","","","New","","","","","","CA","027084120134","",""
"147206022409",Hot Wheels Porsche 911 Rallye Safari Mode 2/5 Green Diecast Car 154/250 (2024),,,"1","FIXED_PRICE","CAD",4.0,,,4.0,"1","1","0","Mar-15-26 12:31:33 PDT","Oct-15-26 12:31:33 PDT","Contemporary Manufacture","180506","","","New","","","","","","CA","0027084120134","",""
"147207282765","DC X Sonic the Hedgehog Tails Cyborg 5"" Action Figure Jakks Pacific",,,"1","FIXED_PRICE","CAD",34.0,,,34.0,"0","","","Mar-16-26 06:40:04 PDT","Oct-16-26 06:40:04 PDT","Action Figures","261068","","","New","","","","","","CA","","",""
"147207472501",DC X Sonic The Hedgehog KNUCKLES AS SUPERMAN Jakks Action Figure Toy 2026,,,"1","FIXED_PRICE","CAD",34.0,,,34.0,"0","","","Mar-16-26 09:32:34 PDT","Oct-16-26 09:32:34 PDT","Action Figures","261068","","","New","","","","","","CA","192995429031","",""
"147208250399",MASTERS OF THE UNIVERSE CHRONICLES HE-MAN 6 INCH ACTION FIGURE INSTOCK,,,"2","FIXED_PRICE","CAD",52.0,,,52.0,"6","72","0","Mar-16-26 19:02:46 PDT","Oct-16-26 19:02:46 PDT","Action Figures","261068","","","New","","","","","","CA","027084836028","",""
"147209156539","Sonic X DC Collectible Figures – Shadow as Batman, + Knuckles As Superman - NEW",,,"1","FIXED_PRICE","CAD",47.0,,,47.0,"0","2","0","Mar-17-26 08:20:15 PDT","Oct-17-26 08:20:15 PDT","Action Figures","261068","","","New","","","","","","CA","192995429215","",""
"147210798618",Jurassic World Ulimate Damage Mutadon - Destruction Pack 2026 Mattel - NEW,,,"1","FIXED_PRICE","CAD",37.0,,,37.0,"2","1","0","Mar-18-26 06:06:12 PDT","Oct-18-26 06:06:12 PDT","Action Figures","261068","","","New","","","","","","CA","","",""
"147210807880",2026 Hot Wheels Nissan Skyline 2000 GT-R E Case New MOC Combined Shipping,,,"1","FIXED_PRICE","CAD",4.2,,,4.2,"0","0","0","Mar-18-26 06:09:55 PDT","Oct-18-26 06:09:55 PDT","Contemporary Manufacture","180506","","","New","","","","","","CA","Does Not Apply","",""
"147210814116",Hot Wheels Case E 2026 2019 Audi R8 Spyder Black 130/250,,,"1","FIXED_PRICE","CAD",8.4,,,8.4,"2","1","0","Mar-18-26 06:12:30 PDT","Oct-18-26 06:12:30 PDT","Contemporary Manufacture","180506","","","New","","","","","","CA","Does not apply","",""
"147210822235",Hot Wheels 2026 ´16 Lamborghini Centenario Roadster SC - CASE F - NEW Seal,,,"1","FIXED_PRICE","CAD",8.0,,,8.0,"0","","","Mar-18-26 06:17:01 PDT","Oct-18-26 06:17:01 PDT","Contemporary Manufacture","180506","","","New","","","","","","CA","Does not apply","",""
"147211158130",Hot Wheels 2026 '89 Mazda Savanna RX-7 FC3S Orange 112/250 HW J-Imports Case E,,,"1","FIXED_PRICE","CAD",8.0,,,8.0,"1","3","0","Mar-18-26 10:05:24 PDT","Oct-18-26 10:05:24 PDT","Contemporary Manufacture","180506","","","New","","","","","","CA","Does Not Apply","",""
"147211168605",2026 HOT WHEELS Summit Surge - Aston Martin Vulcan Yellow / Silver Series Mint,,,"1","FIXED_PRICE","CAD",5.0,,,5.0,"1","5","0","Mar-18-26 10:12:39 PDT","Oct-18-26 10:12:39 PDT","Contemporary Manufacture","180506","","","New","","","","","","CA","Does not apply","",""
"147213271098",Marvel Venom Graphic Tee Men’s Medium Black Shirt - Glow In The Dark New W/ Tags,,,"1","FIXED_PRICE","CAD",12.0,,,12.0,"0","4","0","Mar-19-26 16:10:29 PDT","Oct-19-26 16:10:29 PDT","T-Shirts","15687","","","New with tags","","","","","","CA","","",""
"147214101334",Rey Mysterio WWE Mattel Figure + Mask Set – Wrestling Toy NEW,,,"1","FIXED_PRICE","CAD",45.0,,,45.0,"0","","","Mar-20-26 03:35:30 PDT","Oct-20-26 03:35:30 PDT","Action Figures","261068","","","New","","","","","","CA","","",""
"147216548754",Harley Quinn 1/6 Scale Collectible Figure Highly Detailed Model Statue DC Comics,,,"2","FIXED_PRICE","CAD",129.0,,,129.0,"6","31","0","Mar-21-26 14:47:32 PDT","Oct-21-26 14:47:32 PDT","Action Figures","261068","","","New","","","","","","CA","","",""
"147216872848",SaluSpa Arctic Ice Cold Plunge Ice Bath - 60in. x 36 in. x 28 420L (111 Gal) NEW,,,"1","FIXED_PRICE","CAD",339.99,,,339.99,"1","0","0","Mar-21-26 18:53:48 PDT","Oct-21-26 18:53:48 PDT","Bathtubs","42025","","","New","","","","","","CA","821808099368","",""
"147217993099",Mattel Jurassic World - Spinosaurus Danger Set - NIB Dinosaurs Playset,,,"1","FIXED_PRICE","CAD",41.0,,,41.0,"0","","","Mar-22-26 10:34:09 PDT","Oct-22-26 10:34:09 PDT","Action Figures","261068","","","New","","","","","","CA","","",""
"147218016826",Hot Wheels Monster Trucks Fast & Furious Nissan Skyline Mint Condition 2025,,,"1","FIXED_PRICE","CAD",13.99,,,13.99,"0","1","0","Mar-22-26 10:53:25 PDT","Oct-22-26 10:53:25 PDT","Contemporary Manufacture","180506","","","New","","","","","","CA","Does Not Apply","",""
"147218030000",Star Wars Black Series Imperial Forces 4-Pack EE Excl R2-Q5 Crimson Oxixo - NEW,,,"1","FIXED_PRICE","CAD",100.0,,,100.0,"1","5","0","Mar-22-26 11:06:00 PDT","Oct-22-26 11:06:00 PDT","Action Figures","261068","","","New","","","","","","CA","Does not apply","",""
"147218362041",Marvel Legends Avengers Black Widow and Quicksilver Figures 6 Inch Preorder,,,"3","FIXED_PRICE","CAD",89.99,,,89.99,"0","3","0","Mar-22-26 16:17:16 PDT","Oct-22-26 16:17:16 PDT","Action Figures","261068","","","New","","","","","","CA","","",""
"147219981931",Astromech R2-D2 Droid Voice Activated- Star Wars Rolls Dances Lights Hold Beer!,,,"1","FIXED_PRICE","CAD",409.0,,,409.0,"0","","","Mar-23-26 15:45:13 PDT","Oct-23-26 15:45:13 PDT","Action Figures","261068","","","New","","","","","","CA","0653569456766","",""
"147220253568",RARE 1930s Toastess Model 202C Turnover Toaster – 2 Slice – With Original Box,,,"1","FIXED_PRICE","USD",200.0,,,200.0,"0","3","0","Mar-23-26 20:04:29 PDT","Oct-23-26 20:04:29 PDT","Toasters","11654","","","Used","","","","","","US","","",""
"147222222348",McFarlane Lobo (DC Classic) DC Multiverse 7-Inch Action Figure Collector Edition,,,"2","FIXED_PRICE","CAD",68.0,,,68.0,"0","1","0","Mar-24-26 20:13:07 PDT","Oct-24-26 20:13:07 PDT","Action Figures","261068","","","New","","","","","","CA","","",""
"147223311721",LEGO 76338 Marvel Spider-Man & Doc Oct Mech Battle New Sealed,,AF-23311721,"3","FIXED_PRICE","CAD",37.0,,,37.0,"0","","","Mar-25-26 10:23:11 PDT","Oct-25-26 10:23:11 PDT","LEGO (R) Complete Sets & Packs","19006","","","New","","","","","","CA","5702018063217","",""
"147227201486",Disney Stitch Real FX Puppet Interactive Toy BRAND NEW & SEALED,,,"1","FIXED_PRICE","CAD",72.99,,,72.99,"0","1","0","Mar-27-26 16:05:40 PDT","Oct-27-26 16:05:40 PDT","Disney","2597","","","New","","","","","","CA","05055394027404","",""
"147228401780",Horizon Forbidden West Deluxe Aloy 6'' Action Figure Official Sony PlayStation,,,"5","FIXED_PRICE","CAD",28.0,,,28.0,"0","","","Mar-28-26 08:49:43 PDT","Oct-28-26 08:49:43 PDT","Action Figures","261068","","","New","","","","","","CA","778988498705","",""
"147228440460",Mattel Wheels Vintage 1997 – Harry Stamper Bruce Willis Armageddon - Figure Hot,,,"1","FIXED_PRICE","CAD",90.0,,,90.0,"0","1","0","Mar-28-26 09:29:09 PDT","Oct-28-26 09:29:09 PDT","Action Figures","261068","","","New","","","","","","CA","0074299194122","",""
"147228453303",Looney Tunes Mash-Up Pack WB 100 Years Anniversary Limited Edition 5 Figure Pack,,,"1","FIXED_PRICE","CAD",34.0,,,34.0,"1","2","0","Mar-28-26 09:36:25 PDT","Oct-28-26 09:36:25 PDT","Action Figures","261068","","","New","","","","","","CA","778988403709","",""
"147228463807",Sapporo Katana Dragon Display Stand Japanese Style Collectible Decor Stand Only,,,"10","FIXED_PRICE","CAD",48.99,,,48.99,"2","12","0","Mar-28-26 09:50:47 PDT","Oct-28-26 09:50:47 PDT","Other Breweriana","118","","","New","","","","","","CA","","",""
"147233618940",PureGuardian H5450BCA Tabletop Humidifier 100hr Warm & Cool Mist Aromatherapy,,,"3","FIXED_PRICE","CAD",80.0,,,80.0,"0","","","Mar-31-26 11:06:29 PDT","Oct-31-26 11:06:29 PDT","Humidifiers","71240","","","Open box","","","","","","CA","Does not apply","",""
"147233826986",UFC Ultimate Series - Jorge Masvidal - Series 1 - Action Figure - 6 Inch,,,"2","FIXED_PRICE","CAD",34.0,,,34.0,"3","36","0","Mar-31-26 13:26:00 PDT","Oct-31-26 13:26:00 PDT","Action Figures","261068","","","New","","","","","","CA","","",""
"147235047222","AI Smart Glasses for Men, Dual-Lens, Bluetooth, Translation, 4K HD - 800K",Color=Black sunglasses;Blue light;Change color;Red coating;Eyeglass lens,3256809910041235,"15","FIXED_PRICE","CAD",86.75,,,86.75,"0","3","0","Apr-01-26 04:55:42 PDT","Nov-01-26 04:55:42 PST","Smart Glasses","178894","","","New","","","","","","CA","Does Not Apply","Does Not Apply",""
"147235047222","AI Smart Glasses for Men, Dual-Lens, Bluetooth, Translation, 4K HD - 800K",Color=Black sunglasses,12000051130013941,"3","FIXED_PRICE","CAD",86.97,,,,"0",,,"Apr-01-26 04:55:42 PDT","Nov-01-26 04:55:42 PST","Smart Glasses","178894","","","New",,,,,"","CA","Does Not Apply","Does Not Apply",""
"147235047222","AI Smart Glasses for Men, Dual-Lens, Bluetooth, Translation, 4K HD - 800K",Color=Blue light,12000051130013940,"3","FIXED_PRICE","CAD",86.75,,,,"0",,,"Apr-01-26 04:55:42 PDT","Nov-01-26 04:55:42 PST","Smart Glasses","178894","","","New",,,,,"","CA","Does Not Apply","Does Not Apply",""
"147235047222","AI Smart Glasses for Men, Dual-Lens, Bluetooth, Translation, 4K HD - 800K",Color=Change color,12000051130013937,"3","FIXED_PRICE","CAD",86.97,,,,"0",,,"Apr-01-26 04:55:42 PDT","Nov-01-26 04:55:42 PST","Smart Glasses","178894","","","New",,,,,"","CA","Does Not Apply","Does Not Apply",""
"147235047222","AI Smart Glasses for Men, Dual-Lens, Bluetooth, Translation, 4K HD - 800K",Color=Red coating,12000051130013939,"3","FIXED_PRICE","CAD",86.97,,,,"0",,,"Apr-01-26 04:55:42 PDT","Nov-01-26 04:55:42 PST","Smart Glasses","178894","","","New",,,,,"","CA","Does Not Apply","Does Not Apply",""
"147235047222","AI Smart Glasses for Men, Dual-Lens, Bluetooth, Translation, 4K HD - 800K",Color=Eyeglass lens,12000051130013938,"3","FIXED_PRICE","CAD",86.97,,,,"0",,,"Apr-01-26 04:55:42 PDT","Nov-01-26 04:55:42 PST","Smart Glasses","178894","","","New",,,,,"","CA","Does Not Apply","Does Not Apply",""
"147236070475",Hot Wheels Premium G.I.JOE Combat Jet Sky Striker (F-14 Tomcat) Pop Culture 2025,,,"1","FIXED_PRICE","CAD",18.99,,,18.99,"2","3","0","Apr-01-26 16:39:34 PDT","Nov-01-26 16:39:34 PST","Contemporary Manufacture","180506","","","New","","","","","","CA","194735262939","",""
"147236112362",NWT Jelly Roll Beautifully Broken 2024 Country Music Album Brown T-Shirt MEDIUM,,,"1","FIXED_PRICE","CAD",38.99,,,38.99,"0","","","Apr-01-26 17:20:27 PDT","Nov-01-26 17:20:27 PST","T-Shirts","15687","","","New with tags","","","","","","CA","","",""
"147236134322",Hasbro Disney Villains Black & Brights 4-Pack Dolls 11” Cruella Maleficent,,,"3","FIXED_PRICE","CAD",69.99,,,69.99,"0","","","Apr-01-26 17:40:18 PDT","Nov-01-26 17:40:18 PST","Dolls & Doll Playsets","262346","","","New","","","","","","CA","","",""
"147237144931","Disney Princess Villains Cruella De Vil Fashion Doll, Accessories and Removable",,,"2","FIXED_PRICE","CAD",20.0,,,20.0,"0","0","0","Apr-02-26 04:06:07 PDT","Nov-02-26 04:06:07 PST","Dolls & Doll Playsets","262346","","","New","","","","","","CA","","",""
"147237160797",LEGO NINJAGO 71846 The Fire Knight Mech NEW 2025 (996 PCS),,,"1","FIXED_PRICE","CAD",199.99,,,199.99,"1","2","0","Apr-02-26 04:11:37 PDT","Nov-02-26 04:11:37 PST","LEGO (R) Complete Sets & Packs","19006","","","New","","","","","","CA","","",""
"147237212766",New Polly Pocket Double Play Space Compact 2 In 1 Compact With 15+ Accessories,,,"3","FIXED_PRICE","CAD",24.99,,,24.99,"0","2","0","Apr-02-26 04:42:22 PDT","Nov-02-26 04:42:22 PST","Dolls & Doll Playsets","262346","","","New","","","","","","CA","194735009435","",""
"147240991644",2-Pack 2.4 Volt NiCd 600 mAh Cordless Phone Batteries (6392 UN),,,"1","FIXED_PRICE","CAD",18.99,,,18.99,"0","","","Apr-04-26 05:36:30 PDT","Nov-04-26 05:36:30 PST","Telephone Batteries","20034","","","New","","","","","","CA","","",""
"147240996528",2-Pack 3.6 Volt NiCd 300 mAh Cordless Phone Batteries (6396 UN) Chateau,,,"1","FIXED_PRICE","CAD",16.67,,,16.67,"0","","","Apr-04-26 05:39:54 PDT","Nov-04-26 05:39:54 PST","Telephone Batteries","20034","","","New","","","","","","CA","","",""
"147241277765",Pokémon Model Kit Hydreigon Evolution Set BANDAI Pokepla 22 Pokemon,,,"1","FIXED_PRICE","CAD",32.0,,,32.0,"0","5","0","Apr-04-26 08:39:24 PDT","Nov-04-26 08:39:24 PST","Figures & Statues","261055","","","New","","","","","","CA","","",""
"147241367286",TAMIYA PORSCHE 911GT3 IN 1/24 229 ST (104) - YELLOW Brand NEW,,,"1","FIXED_PRICE","CAD",65.55,,,65.55,"0","","","Apr-04-26 09:21:06 PDT","Nov-04-26 09:21:06 PST","Automotive","262320","","","New","","","","","","CA","Does not apply","",""
"147243867670",Hot Wheels 2026 Aston Martin Vantage GT3 2024 Turquoise 125/250 Exotic Cars,,HW-AMVGT3-125-2026,"1","FIXED_PRICE","CAD",8.05,,,8.05,"1","1","0","Apr-05-26 17:21:10 PDT","Nov-05-26 17:21:10 PST","Contemporary Manufacture","180506","","","New","","","","","","CA","Does not apply","",""
"147243867671",Hot Wheels 2020 Aston Martin One-77 Yellow 215/250 HW Rescue 4/10 Diecast,,HW-AM77-215-2020,"0","FIXED_PRICE","CAD",10.0,,,10.0,"0","","","Apr-05-26 17:21:10 PDT","Nov-05-26 17:21:10 PST","Contemporary Manufacture","180506","","","New","","","","","","CA","Does not apply","",""
"147243867673",Hot Wheels 2015 Honda Monkey Z50 Black 135/250 HW Moto 5/5 Motorcycle Rare,,HW-Z50-135-2015,"1","FIXED_PRICE","CAD",12.99,,,12.99,"0","","","Apr-05-26 17:21:10 PDT","Nov-05-26 17:21:10 PST","Contemporary Manufacture","180506","","","New","","","","","","CA","Does not apply","",""
"147243867675",Hot Wheels 2025 17 Audi RS 6 Avant Yellow 66/250 HW Euro 2/10 Diecast New,,HW-AUDIR6-66-2025,"0","FIXED_PRICE","CAD",6.99,,,6.99,"0","","","Apr-05-26 17:21:10 PDT","Nov-05-26 17:21:10 PST","Contemporary Manufacture","180506","","","New","","","","","","CA","Does not apply","",""
"147243867679",Hot Wheels 2024 Ford GT White Red 159/250 HW Modified Bora Exhaust Diecast,,HW-FORDGT-159-2024,"1","FIXED_PRICE","CAD",6.0,,,6.0,"0","","","Apr-05-26 17:21:10 PDT","Nov-05-26 17:21:10 PST","Contemporary Manufacture","180506","","","New","","","","","","CA","Does not apply","",""
"147243867680",Hot Wheels 2025 85 Honda City Turbo II Black 105/250 HW Compact Kings 4/10,,HW-HCITY-105-2025,"1","FIXED_PRICE","CAD",6.0,,,6.0,"0","","","Apr-05-26 17:21:10 PDT","Nov-05-26 17:21:10 PST","Contemporary Manufacture","180506","","","New","","","","","","CA","Does not apply","",""
"147243867681",Hot Wheels 2017 Porsche 918 Spyder Black Red 94/250 HW Roadsters 1/5 No4,,HW-P918-94-2017,"1","FIXED_PRICE","CAD",10.99,,,10.99,"0","1","0","Apr-05-26 17:21:10 PDT","Nov-05-26 17:21:10 PST","Contemporary Manufacture","180506","","","New","","","","","","CA","Does not apply","",""
"147243867683",Hot Wheels 2024 Cone Shaker Green Orange 148/250 HW Metro Fantasy Diecast,,HW-CONESHAKER-148-2024,"1","FIXED_PRICE","CAD",7.99,,,7.99,"0","","","Apr-05-26 17:21:10 PDT","Nov-05-26 17:21:10 PST","Contemporary Manufacture","180506","","","New","","","","","","CA","Does not apply","",""
"147243867684",Hot Wheels 2015 Lamborghini Countach Tooned White 54/365 Series 6/10 Diecast,,HW-LCOUNTACH-54-2015,"1","FIXED_PRICE","CAD",17.99,,,17.99,"0","2","0","Apr-05-26 17:21:11 PDT","Nov-05-26 17:21:11 PST","Contemporary Manufacture","180506","","","New","","","","","","CA","Does not apply","",""
"147243867685",Hot Wheels 2015 69 Ford Torino Talladega Green 35/365 HW Flames 4/10 Diecast,,HW-TORINO-35-2015,"1","FIXED_PRICE","CAD",9.99,,,9.99,"0","","","Apr-05-26 17:21:11 PDT","Nov-05-26 17:21:11 PST","Contemporary Manufacture","180506","","","New","","","","","","CA","Does not apply","",""
"147243867686",Hot Wheels 2024 Bentley Continental GT3 Black Gold 162/250 HW Race Day 7/10,,HW-BENTLEYGT3-162-2024,"1","FIXED_PRICE","CAD",6.99,,,6.99,"0","0","0","Apr-05-26 17:21:11 PDT","Nov-05-26 17:21:11 PST","Contemporary Manufacture","180506","","","New","","","","","","CA","Does not apply","",""
"147243867687",Hot Wheels 2025 Coupe Clip Purple 93/250 Series 4/5 Fantasy Original Diecast,,HW-COUPECLIP-93-2025,"0","FIXED_PRICE","CAD",2.0,,,2.0,"0","","","Apr-05-26 17:21:11 PDT","Nov-05-26 17:21:11 PST","Contemporary Manufacture","180506","","","New","","","","","","CA","Does not apply","",""
"147243867688",Hot Wheels 2024 Buns of Steel Red Yellow 153/250 Lets Race 5/5 Diecast,,HW-BUNSOFSTEEL-153-2024,"1","FIXED_PRICE","CAD",5.99,,,5.99,"0","","","Apr-05-26 17:21:11 PDT","Nov-05-26 17:21:11 PST","Contemporary Manufacture","180506","","","New","","","","","","CA","Does not apply","",""
"147243867689",Hot Wheels 2017 71 Porsche 911 White 115/365 Nightburnerz 10/10 Race 277,,HW-P911-71-115-2017,"1","FIXED_PRICE","CAD",11.0,,,11.0,"0","1","0","Apr-05-26 17:21:11 PDT","Nov-05-26 17:21:11 PST","Contemporary Manufacture","180506","","","New","","","","","","CA","Does not apply","",""
"147244935019",Hot Wheels '67 Ford GT40 Mk.IV Dark Green #27 220/250 Then & Now 5/10,,HW-GT40-220-2024,"1","FIXED_PRICE","CAD",6.99,,,6.99,"0","","","Apr-06-26 08:06:11 PDT","Oct-06-26 08:06:11 PDT","Contemporary Manufacture","180506","","","New","","","","","","CA","Does not apply","",""
"147244935021",Hot Wheels Piranha Terror Teal 87/250 HW Mega Bite 4/5 2024 HTC04,,HW-PIRAHNA-87-2024,"1","FIXED_PRICE","CAD",9.5,,,9.5,"0","","","Apr-06-26 08:06:11 PDT","Oct-06-26 08:06:11 PDT","Contemporary Manufacture","180506","","","New","","","","","","CA","Does not apply","",""
"147244935030",Hot Wheels Audi 90 Quattro IMSA Black 199/250 Peak Pursuit 2/10 JBC04,,HW-AUDI90-199-2025,"1","FIXED_PRICE","CAD",6.99,,,6.99,"0","0","0","Apr-06-26 08:06:11 PDT","Oct-06-26 08:06:11 PDT","Contemporary Manufacture","180506","","","New","","","","","","CA","Does not apply","",""
"147244935032",Hot Wheels '17 Pagani Huayra Roadster Green 101/250 Exotics Cars 7/10 2026,,HW-PAGANI-101-2026,"1","FIXED_PRICE","CAD",5.25,,,5.25,"0","","","Apr-06-26 08:06:11 PDT","Oct-06-26 08:06:11 PDT","Contemporary Manufacture","180506","","","New","","","","","","CA","Does not apply","",""
"147244935034",Hot Wheels Honda CB750 Cafe Red Black 150/250 HW Moto 1/5 2025 HYY85,,HW-CB750-150-2025,"1","FIXED_PRICE","CAD",5.99,,,5.99,"0","1","0","Apr-06-26 08:06:12 PDT","Oct-06-26 08:06:12 PDT","Contemporary Manufacture","180506","","","New","","","","","","CA","Does not apply","",""
"147244935035",Hot Wheels 2018 Bentley Continental GT3 Gold 162/250 Race Day 7/10,,HW-BENTLEYGT3-162-2025G,"1","FIXED_PRICE","CAD",5.99,,,5.99,"0","","","Apr-06-26 08:06:12 PDT","Oct-06-26 08:06:12 PDT","Contemporary Manufacture","180506","","","New","","","","","","CA","Does not apply","",""
"147244935036",Hot Wheels Lamborghini Huracan Sterrato Yellow 41/250 Safari Mode 1/5,,HW-STERRATO-41-2025,"1","FIXED_PRICE","CAD",5.99,,,5.99,"0","1","0","Apr-06-26 08:06:12 PDT","Oct-06-26 08:06:12 PDT","Contemporary Manufacture","180506","","","New","","","","","","CA","Does not apply","",""
"147244935037",Hot Wheels Custom 2020 Honda E Yellow 115/250 HW EV 9/10 2026 New Model,,HW-HONDAE-115-2026,"1","FIXED_PRICE","CAD",5.0,,,5.0,"1","0","0","Apr-06-26 08:06:12 PDT","Oct-06-26 08:06:12 PDT","Contemporary Manufacture","180506","","","New","","","","","","CA","Does not apply","",""
"147244935042",Hot Wheels '19 Chevy Silverado Trail Boss LT Blue 152/250 HW Dirt 8/10,,HW-SILVERADO-152-2025,"1","FIXED_PRICE","CAD",6.99,,,6.99,"0","","","Apr-06-26 08:06:12 PDT","Oct-06-26 08:06:12 PDT","Contemporary Manufacture","180506","","","New","","","","","","CA","Does not apply","",""
"147245384322","Star Wars 12” Figure Huge Lot 25, Darth Vader, Stormtroopers, Kylo Ren Complete",,,"1","FIXED_PRICE","CAD",219.0,,,219.0,"0","5","0","Apr-06-26 15:18:36 PDT","Oct-06-26 15:18:36 PDT","Action Figures","261068","","","New","","","","","","CA","Does not apply","",""
"147249944090",Maisto Tech 1:10 RC Red Bull Formula 1 Racing RB19 – Max Verstappen NEW,,,"1","FIXED_PRICE","CAD",125.0,,,125.0,"1","0","0","Apr-09-26 07:19:09 PDT","Oct-09-26 07:19:09 PDT","Cars, Trucks & Motorcycles","182183","","","New","","","","","","CA","0090159827740","",""
"147250150980",MASTERS OF THE UNIVERSE CHRONICLES TRI-KLOPS 6 INCH ACTION FIGURE INSTOCK,,,"1","FIXED_PRICE","CAD",51.0,,,51.0,"0","1","0","Apr-09-26 10:27:29 PDT","Oct-09-26 10:27:29 PDT","Action Figures","261068","","","New","","","","","","CA","027084836028","",""
"147250595641",Treasure X Dino Gold Rare Mystery Dino S2 NEW Sealed Unboxing Gold Chance,,,"4","FIXED_PRICE","CAD",12.99,,,12.99,"0","","","Apr-09-26 16:21:31 PDT","Oct-09-26 16:21:31 PDT","Action Figures","261068","","","New","","","","","","CA","Does not apply","",""
"147250667958",LandShark Beer Glasses Set of 2 Lager Pints with Coasters Gift Barware,,Landshark beer glasses,"4","FIXED_PRICE","CAD",13.0,,,13.0,"2","4","0","Apr-09-26 17:16:45 PDT","Oct-09-26 17:16:45 PDT","Other Glassware & Drinkware","261685","","","New","","","","","","CA","Does not apply","",""
"147250717723",Star Wars Black Series Lot x4 SEALED – Luke Kylo Ren Rey SDCC 2017 Exclusive,,,"1","FIXED_PRICE","CAD",130.0,,,130.0,"0","3","0","Apr-09-26 18:03:33 PDT","Oct-09-26 18:03:33 PDT","Action Figures","261068","","","New","","","","","16006571014","CA","0630509615865","",""
"147250731371",Star Wars Digital Release Commemorative Collection Complete Set Of 6 Ep I-VI New,,,"1","FIXED_PRICE","CAD",173.0,,,173.0,"0","1","0","Apr-09-26 18:14:06 PDT","Oct-09-26 18:14:06 PDT","Action Figures","261068","","","New","","","","","","CA","630509287475","",""
"147254354960",WWE JOHN CENA - Main Event - Top Picks 2026 Wave 2 - Action Figure NEW - Mattel,,,"1","FIXED_PRICE","CAD",35.0,,,35.0,"0","0","0","Apr-11-26 16:12:36 PDT","Oct-11-26 16:12:36 PDT","Action Figures","261068","","","New","","","","","","CA","Does not apply","",""
"147254437364",Transformers The Movie Studio Series 86 Dinobot Snarl NEW SEALED,,,"4","FIXED_PRICE","CAD",89.99,,,89.99,"0","0","0","Apr-11-26 17:24:57 PDT","Oct-11-26 17:24:57 PDT","Action Figures","261068","","","New","","","","","4059608022","CA","0195166203249","",""
"147255347662",Star Wars: The Vintage Collection Eleventh Brother Maul Shadow Lord 3.75 Instock,,,"4","FIXED_PRICE","CAD",22.99,,,22.99,"0","3","0","Apr-12-26 06:55:07 PDT","Oct-12-26 06:55:07 PDT","Action Figures","261068","","","New","","","","","","CA","Does not apply","",""
"147255350822",Star Wars The Vintage Collection Marrok - Maul - Shadow Lord 3.75” Action Figure,,,"4","FIXED_PRICE","CAD",22.99,,,22.99,"0","5","0","Apr-12-26 07:00:34 PDT","Oct-12-26 07:00:34 PDT","Action Figures","261068","","","New","","","","","","CA","","",""
"147255816964",2026 Hot Wheels Honda CR-X 1985 (Yellow) J-Imports Series – #89/250 – D Case,,,"1","FIXED_PRICE","CAD",15.0,,,15.0,"1","0","0","Apr-12-26 14:12:11 PDT","Oct-12-26 14:12:11 PDT","Contemporary Manufacture","180506","","","New","","","","","","CA","Does not apply","",""
"147255899222",LEGO Disney Pixar Toy Story Alien Pizza Planet Rocket Ride #43307 - 714pcs,,,"5","FIXED_PRICE","CAD",83.0,,,83.0,"0","9","0","Apr-12-26 15:50:39 PDT","Oct-12-26 15:50:39 PDT","LEGO (R) Complete Sets & Packs","19006","","","New","","","","","","CA","673419424660","",""
"147257936512",Marvel Legends Series: Scarlet Witch 6-inch Retro Action Figure,,,"1","FIXED_PRICE","CAD",80.0,,,80.0,"0","26","0","Apr-13-26 20:57:12 PDT","Oct-13-26 20:57:12 PDT","Action Figures","261068","","","New","","","","","","CA","Does not apply","",""
"147257938515","Marvel Legends Series Avengers Black Widow and Quicksilver 6"" Action Figure",,,"5","FIXED_PRICE","CAD",82.0,,,82.0,"0","0","0","Apr-13-26 21:02:30 PDT","Oct-13-26 21:02:30 PDT","Action Figures","261068","","","New","","","","","","CA","","",""
"147258906605",SEGA Genesis Console Heroes Altered Beast Graveyard Diorama NEW 2025,,,"5","FIXED_PRICE","CAD",9.0,,,9.0,"0","2","0","Apr-14-26 10:09:08 PDT","Oct-14-26 10:09:08 PDT","Video Games","139973","","","Brand New","","","","","","CA","","",""
"147259275472",Scrubber Cleanz Mini Portable Vacuum Cleaner 2-in-1 USB Rechargeable Car Home,,,"3","FIXED_PRICE","CAD",24.0,,,24.0,"0","1","0","Apr-14-26 16:25:58 PDT","Oct-14-26 16:25:58 PDT","Vacuum Cleaners","20614","","","New","","","","","","CA","0667888581825","",""
"147260089312",LEGO Star Wars 75108 Clone Commander Cody,,,"1","FIXED_PRICE","CAD",20.0,,,20.0,"0","1","0","Apr-15-26 05:46:06 PDT","Oct-15-26 05:46:06 PDT","LEGO (R) Complete Sets & Packs","19006","","","New","","","","","","CA","","",""
"147260573459",McFarlane Supergirl & Krypto Puppy Deluxe Theatrical Edition 7” DC Multiverse,,,"7","FIXED_PRICE","CAD",69.99,,,69.99,"1","1","0","Apr-15-26 11:21:28 PDT","Oct-15-26 11:21:28 PDT","Action Figures","261068","","","New","","","","","","CA","","",""
"147260919275",How To Train Your Dragon Toothless + Hiccup Action Figures Dreamworks Brand New,,,"1","FIXED_PRICE","CAD",21.0,,,21.0,"0","0","0","Apr-15-26 16:59:08 PDT","Oct-15-26 16:59:08 PDT","Action Figures","261068","","","New","","","","","","CA","Does not apply","",""
"147260925034",How to Train Your Dragon Deadly Nadder & Astrid Action Figure Set - DreamWorks,,,"1","FIXED_PRICE","CAD",36.0,,,36.0,"1","1","0","Apr-15-26 17:03:45 PDT","Oct-15-26 17:03:45 PDT","Action Figures","261068","","","New","","","","","","CA","Does not apply","",""
"147267649300",2026 Hot Wheels Boulevard Nissan 300ZX Twin Turbo / Bi-Turbo Diecast 1:64 GJT68,,,"2","FIXED_PRICE","CAD",13.0,,,13.0,"0","7","0","Apr-19-26 16:07:13 PDT","Oct-19-26 16:07:13 PDT","Contemporary Manufacture","180506","","","New","","","","","","CA","0194735336579","",""
"147267694866",4.5 Ft Inflatable Hot Tub Cover- Energy Saving Lid for round Hot Tub- Foldable P,,,"3","FIXED_PRICE","CAD",99.0,,,99.0,"0","","","Apr-19-26 16:56:27 PDT","Oct-19-26 16:56:27 PDT","Spas & Hot Tubs","84211","","","New","","","","","","CA","744759769657","",""
"147269025613",MASTERS OF THE UNIVERSE CHRONICLES MAN AT ARMS 6 INCH ACTION FIGURE INSTOCK,,,"1","FIXED_PRICE","CAD",49.99,,,49.99,"0","2","0","Apr-20-26 09:47:49 PDT","Oct-20-26 09:47:49 PDT","Action Figures","261068","","","New","","","","","","CA","027084836028","",""
"147271102639",Hot Wheels Color Shifters Nissan Skyline GT-R R32 BHR15 1:64 Color Change Sealed,,HW-CS-SKYLINE-R32,"1","FIXED_PRICE","CAD",25.0,,,25.0,"0","2","0","Apr-21-26 15:04:56 PDT","Oct-21-26 15:04:56 PDT","Contemporary Manufacture","180506","","","New","","","","","","CA","746775345716","",""
"147271146206",Hot Wheels Vintage Club '65 Mustang 2+2 Fastback 1/5 Yellow Car - Silver Series,,,"1","FIXED_PRICE","CAD",9.5,,,9.5,"0","2","0","Apr-21-26 15:35:21 PDT","Oct-21-26 15:35:21 PDT","Contemporary Manufacture","180506","","","New","","","","","","CA","0194735359035","",""
"147273144230",Shark TurboBlade XL Bladeless Tower Fan 180° Pivot 80FT Range Ultra Quiet Refurb,,,"1","FIXED_PRICE","CAD",299.99,,,299.99,"0","0","0","Apr-22-26 17:25:45 PDT","Oct-22-26 17:25:45 PDT","Portable Fans","20612","","","Open box","","","","","","CA","622356648004","",""
"147274664381",Hot Wheels Nissan Skyline GT-R (BCNR33) 2025 Black & Purple 144/250,,HW-BCNR33-144-2024,"1","FIXED_PRICE","CAD",2.99,,,2.99,"0","","","Apr-23-26 10:37:57 PDT","Oct-23-26 10:37:57 PDT","Contemporary Manufacture","180506","","","New","","","","","","CA","Does not apply","",""
"147279201052","MOTU Masters of the Universe Mekanec 5.5"" Action Figure Movie NEW 2026 Mattel",,,"2","FIXED_PRICE","CAD",28.0,,,28.0,"0","","","Apr-26-26 05:19:59 PDT","Oct-26-26 05:19:59 PDT","Action Figures","261068","","","New","","","","","","CA","194735350438","",""
"147279207946",Barbie Signature Ken Doll MOTU He-Man Movie Theme Collectible In Stock Now,,,"2","FIXED_PRICE","CAD",124.0,,,124.0,"0","2","0","Apr-26-26 05:26:26 PDT","Oct-26-26 05:26:26 PDT","Dolls & Doll Playsets","262346","","","New","","","","","","CA","","",""
"147279256240",2026 Little People Collector Masters of the Universe Evil Warriors Set 4 Figures,,,"1","FIXED_PRICE","CAD",40.0,,,40.0,"0","0","0","Apr-26-26 05:48:30 PDT","Oct-26-26 05:48:30 PDT","Little People (1997-Now)","158744","","","New","","","","","","CA","Does not apply","",""
"147279761829",Official League of Legends LOLCMGE Jinx Model FIGURES In Stock,,,"1","FIXED_PRICE","USD",52.0,,,52.0,"0","17","0","Apr-26-26 14:02:46 PDT","Oct-26-26 14:02:46 PDT","Action Figures","261068","","","New","","","","","","US","Does not apply","",""
"147279764784",Fisher-Price Little People Collector Masters of the Universe Evil Warriors 2026,,,"2","FIXED_PRICE","USD",39.99,,,39.99,"0","0","0","Apr-26-26 14:15:09 PDT","Oct-26-26 14:15:09 PDT","Action Figures","261068","","","New","","","","","","US","887961917802","",""
"147279779108",TY Teenie Beanie Boo Tusk Walrus McDonalds 2017 Plush Toy Sealed,,,"1","FIXED_PRICE","CAD",12.5,,,12.5,"0","","","Apr-26-26 15:25:02 PDT","Oct-26-26 15:25:02 PDT","Fast Food","767","","","New","","","","","","CA","","",""
"147279780849",Chap Mei Vintage Army SWAT Action Figures Lot of 12 4” Rare Military Set,,,"1","FIXED_PRICE","CAD",14.0,,,14.0,"0","1","0","Apr-26-26 15:37:25 PDT","Oct-26-26 15:37:25 PDT","Action Figures","261068","","","Used","","","","","","CA","Does not apply","",""
"147279785025","Mixed Lot 20 Actions Figures, Marvel DC TMNT, Power Rangers G.I Joe and More!",,,"1","FIXED_PRICE","CAD",26.0,,,26.0,"0","6","0","Apr-26-26 15:50:50 PDT","Oct-26-26 15:50:50 PDT","Mixed Lots","49018","","","Used","","","","","","CA","","",""
"147279862435",Marvel Legends Series Spider-Man 2099 Retro Cardback Comics Action Figure,,,"1","FIXED_PRICE","CAD",58.99,,,58.99,"0","1","0","Apr-26-26 19:46:43 PDT","Oct-26-26 19:46:43 PDT","Action Figures","261068","","","New","","","","","","CA","5010996355874","",""
"147282748544",Novelmore PLAYMOBIL - Violet Vale - Wizard Tower Playset #70745 ,,,"1","FIXED_PRICE","CAD",199.0,,,199.0,"0","3","0","Apr-28-26 16:32:11 PDT","Oct-28-26 16:32:11 PDT","Playmobil","19854","","","New","","","","","7041242293","CA","","",""
"147282773001",Fisher Price Little People Collector - The Devil Wears Prada - Ready To Ship NEW,,,"3","FIXED_PRICE","CAD",41.0,,,41.0,"0","2","0","Apr-28-26 16:46:24 PDT","Oct-28-26 16:46:24 PDT","Little People (1997-Now)","158744","","","New","","","","","","CA","194735355051","",""
"147282867477",McFarlane Toys DC Multiverse Eclipso (DC Classic) 7-Inch Action Figure Preorder,,,"1","FIXED_PRICE","CAD",39.0,,,39.0,"0","","","Apr-28-26 17:41:56 PDT","Oct-28-26 17:41:56 PDT","Action Figures","261068","","","New","","","","","","CA","787926176933","",""
"147284697211",2026 Matchbox 1997 Toyota RAV4 Off-Road Blue 1:64 Diecast Car – NEW Sealed,,,"1","FIXED_PRICE","CAD",5.25,,,5.25,"0","","","Apr-29-26 16:33:06 PDT","Oct-29-26 16:33:06 PDT","Contemporary Manufacture","180506","","","New","","","","","","CA","Does not apply","",""
"147286361130",Jada Toys Wednesday Addams & VW Beetle 1972 - Volkswagen Beetle Purple Diecast,,,"1","FIXED_PRICE","CAD",23.0,,,23.0,"0","","","Apr-30-26 09:55:35 PDT","Oct-30-26 09:55:35 PDT","Contemporary Manufacture","180506","","","New","","","","","","CA","801310351314","",""
"147286791226",Star Wars The Black Series - Imperial Remnant Stormtrooper 6 Inch Action Figure,,,"3","FIXED_PRICE","CAD",53.0,,,53.0,"0","0","0","Apr-30-26 14:58:46 PDT","Oct-30-26 14:58:46 PDT","Action Figures","261068","","","New","","","","","","CA","5010996367167","",""
"147286951168",Columbo VHS Tape Lot (4) 1996 Columbia House Collector’s Edition Peter Falk Test,,,"1","FIXED_PRICE","USD",17.0,,,17.0,"0","","","Apr-30-26 17:20:19 PDT","Oct-30-26 17:20:19 PDT","VHS Tapes","309","","","Like New","","","","","","US","Does not apply","",""
"147286970590",A Life Less Ordinary VHS 1997 Romance Comedy Tested Tape,,,"1","FIXED_PRICE","CAD",3.5,,,3.5,"0","","","Apr-30-26 17:33:23 PDT","Oct-30-26 17:33:23 PDT","VHS Tapes","309","","","Like New","","","","","","CA","Does not apply","",""
"147286970594",Six Days Seven Nights VHS 1998 Harrison Ford Adventure Tape English,,,"1","FIXED_PRICE","CAD",15.0,,,15.0,"0","","","Apr-30-26 17:33:24 PDT","Oct-30-26 17:33:24 PDT","VHS Tapes","309","","","Like New","","","","","","CA","Does not apply","",""
"147286970596",The Yearling VHS Classic Film Gregory Peck MGM Vintage Movie,,,"1","FIXED_PRICE","CAD",7.0,,,7.0,"0","","","Apr-30-26 17:33:24 PDT","Oct-30-26 17:33:24 PDT","VHS Tapes","309","","","Like New","","","","","","CA","0032621949536","",""
"147286970600",The Grudge RAGE MEURTRIÈRE VHS RARE Horror MOVIE Sarah Michelle Gellar FRENCH,,,"1","FIXED_PRICE","CAD",27.5,,,27.5,"0","","","Apr-30-26 17:33:24 PDT","Oct-30-26 17:33:24 PDT","VHS Tapes","309","","","Like New","","","","","","CA","011575062591","",""
"147286970601",Six Days Seven Nights VHS 1998 Adventure Harrison Ford Tested Tape,,,"1","FIXED_PRICE","CAD",9.0,,,9.0,"0","","","Apr-30-26 17:33:24 PDT","Oct-30-26 17:33:24 PDT","VHS Tapes","309","","","Like New","","","","","","CA","Does not apply","",""
"147287979449","McFarlane Toys DC Retro Bizarro Batman (Super Friends) 6"" Action Figure - Wave 3",,,"5","FIXED_PRICE","CAD",34.99,,,34.99,"0","","","May-01-26 06:16:38 PDT","Nov-01-26 06:16:38 PST","Action Figures","261068","","","New","","","","","","CA","787926178463","",""
"147288257627",15 Empty Clear Plastic Storage Bottles Medicine Container Vitamin Drug Holder Cl,,,"1","FIXED_PRICE","CAD",15.0,,,15.0,"0","","","May-01-26 09:35:02 PDT","Nov-01-26 09:35:02 PST","Pill Boxes, Pill Cases","75041","","","Used","","","","","","CA","Does not apply","",""
"147289673820",Star Wars Little People Collector Fisher-Price I Am Your Father - Factory Sealed,,,"1","FIXED_PRICE","CAD",25.0,,,25.0,"0","5","0","May-02-26 05:12:58 PDT","Nov-02-26 05:12:58 PST","Other Fisher-Price (1963-Now)","374","","","New","","","","","","CA","00194735307401","",""
"147290237066",Power Rangers Wild Force Red Ranger Cole Evans 12” Action Figure – Bandai 2002,,,"1","FIXED_PRICE","CAD",23.0,,,23.0,"0","1","0","May-02-26 10:04:35 PDT","Nov-02-26 10:04:35 PST","Action Figures","261068","","","New","","","","","","CA","","",""
"147290242662",Vintage Batmobile 1989 Batman Toy Biz 7” Michael Keaton Cars Collectible Lot 2,,,"1","FIXED_PRICE","CAD",34.0,,,34.0,"0","0","0","May-02-26 10:14:04 PDT","Nov-02-26 10:14:04 PST","Action Figures","261068","","","Used","","","","","","CA","","",""
"147292219523",18” Bronze Finish Cobra Snake Statue Gothic Man Cave Decor Large Resin,,,"1","FIXED_PRICE","CAD",299.99,,,299.99,"0","1","0","May-03-26 14:21:20 PDT","Nov-03-26 14:21:20 PST","Sculptures & Figurines","261628","","","Used","","","","","","CA","Does not apply","",""
"147295346985",Tesla Cybertruck Levitating Model – Official Tesla Collectible (New Sealed) 1:24,,,"1","FIXED_PRICE","CAD",360.0,,,360.0,"0","","","May-05-26 06:33:42 PDT","Nov-05-26 06:33:42 PST","Contemporary Manufacture","180506","","","New","","","","","","CA","Does not apply","",""
"147297281893",WWE Ultimate Edition Uncle Howdy Series 28 Action Figure Mattel,,,"1","FIXED_PRICE","CAD",39.99,,,39.99,"0","2","0","May-06-26 07:16:33 PDT","Oct-06-26 07:16:33 PDT","Action Figures","261068","","","New","","","","","","CA","","",""
"147297332911","Watchmen #1 by Alan Moore & Dave Gibbons, (2019, DC): Brand New Seal",,,"1","FIXED_PRICE","CAD",13.0,,,13.0,"0","","","May-06-26 07:54:16 PDT","Oct-06-26 07:54:16 PDT","Comics & Graphic Novels","259104","","","Brand New","","","","","","CA","","",""
"147297394708",Marvel & DC Comic Books Lot Of 6 Harley Quinn Iron Man Watchmen Suicide Squad,,,"1","FIXED_PRICE","CAD",36.0,,,36.0,"0","1","0","May-06-26 08:24:11 PDT","Oct-06-26 08:24:11 PDT","Comics & Graphic Novels","259104","","","Brand New","","","","","","CA","","",""
"147297415352",Vintage 1966 Batman Coloring Book #1032 Meets Blockbuster Whitman,,,"1","FIXED_PRICE","CAD",60.0,,,60.0,"0","","","May-06-26 08:34:23 PDT","Oct-06-26 08:34:23 PDT","Comics & Graphic Novels","259104","","","Very Good","","","","","","CA","","",""
"147297418648",2025 GI Joe Classified Series Cobra Viper 6” Action Figure Hasbro Retro Card,,,"1","FIXED_PRICE","CAD",23.99,,,23.99,"0","5","0","May-06-26 08:38:18 PDT","Oct-06-26 08:38:18 PDT","Action Figures","261068","","","New","","","","","","CA","5010996281913","",""
"147297434895",Pope John Paul II HBO VHS 2 Tape Set Christmas Easter Liturgy French Rare,,,"1","FIXED_PRICE","CAD",37.0,,,37.0,"0","1","0","May-06-26 08:54:03 PDT","Oct-06-26 08:54:03 PDT","VHS Tapes","309","","","Like New","","","","","","CA","0026359942334","",""
"147297456099",Huge 50+ Dinosaur & Ocean Animal Toy Figure Lot Schleich Included Sea Creatures,,,"1","FIXED_PRICE","CAD",45.0,,,45.0,"0","0","0","May-06-26 09:15:53 PDT","Oct-06-26 09:15:53 PDT","Animals & Nature","31744","","","Used","","","","","","CA","Not Specified","",""
"147297762817","Pokémon Pikachu Official Battle Figure, Battle Ready Pokemon Toy - Jazwares",,,"3","FIXED_PRICE","CAD",14.0,,,14.0,"0","1","0","May-06-26 13:49:22 PDT","Oct-06-26 13:49:22 PDT","Action Figures","261068","","","New","","","","","","CA","","",""
"147299287685",Archie 1989 French Canadian Sergaz Promo Comic First Edition Rare Vintage,,,"1","FIXED_PRICE","CAD",84.0,,,84.0,"0","","","May-07-26 11:08:57 PDT","Oct-07-26 11:08:57 PDT","Comics & Graphic Novels","259104","","","Like New","","","","","","CA","","",""
"147299305347",Archie Jumbo Comics - 50th Anniversary Comics Digest #139 The Archies Netflix,,,"1","FIXED_PRICE","CAD",27.0,,,27.0,"0","","","May-07-26 11:21:58 PDT","Oct-07-26 11:21:58 PDT","Comics & Graphic Novels","259104","","","","","","","","","CA","","",""
"147299321111",MICKEY PARADE n°89 Relax Dingo 1987 Disney’s Vintage Comic Book Journal,,,"1","FIXED_PRICE","CAD",13.0,,,13.0,"0","1","0","May-07-26 11:31:24 PDT","Oct-07-26 11:31:24 PDT","Comic Strips","259107","","","Like New","","","","","","CA","","",""
"147299835835","Majorette Toyota Corolla Rally Racing Car Red / Blue 8B 1:57 (3"") Wheels Retired",,,"1","FIXED_PRICE","CAD",17.0,,,17.0,"0","","","May-07-26 16:21:44 PDT","Oct-07-26 16:21:44 PDT","Contemporary Manufacture","180506","","","Used","","","","","","CA","744456726427","",""
"147299857346",Marvel - The Amazing Spider-Man - Vantasy Lizard - 2012 - Maisto Die Cast,,,"1","FIXED_PRICE","CAD",9.99,,,9.99,"0","","","May-07-26 16:35:15 PDT","Oct-07-26 16:35:15 PDT","Contemporary Manufacture","180506","","","Used","","","","","","CA","","",""
"147299879117","Majorette Ford Focus RS White 1:57 (3"") Wheel 5CSW / Unboxed",,,"1","FIXED_PRICE","CAD",20.0,,,20.0,"0","1","0","May-07-26 16:54:37 PDT","Oct-07-26 16:54:37 PDT","Contemporary Manufacture","180506","","","Used","","","","","","CA","744456726410","",""
"147301019259",Yolopark TRANSFORMERS ONE Optimus Prime Orion Pax & Megatron D-16 Set of 2,,,"1","FIXED_PRICE","CAD",49.0,,,49.0,"0","6","0","May-08-26 06:09:39 PDT","Oct-08-26 06:09:39 PDT","Action Figures","261068","","","New","","","","","","CA","4897131750708","",""
"147301189086",McFarlane Toys KISS Gene Simmons “The Demon” Bust Statue 2002 Rare Vintage NIB,,,"1","FIXED_PRICE","CAD",30.0,,,30.0,"0","","","May-08-26 07:04:18 PDT","Oct-08-26 07:04:18 PDT","Action Figures","261068","","","New","","","","","","CA","787926122619","",""
"147301189220","Hasbro Marvel Legends Series Classic Loki What If…? - 6"" Action Figure Hasbro",,,"1","FIXED_PRICE","CAD",14.99,,,14.99,"0","1","0","May-08-26 07:04:37 PDT","Oct-08-26 07:04:37 PDT","Action Figures","261068","","","New","","","","","20056442391","CA","","",""
"147301198689",Star Wars Unleashed 2003 Luke Skywalker Action Figure - New,,,"1","FIXED_PRICE","CAD",42.0,,,42.0,"0","1","0","May-08-26 07:11:02 PDT","Oct-08-26 07:11:02 PDT","Action Figures","261068","","","New","","","","","","CA","076930847343","",""
"147301220856",Aukey Wireless Earbuds EP-T21S for iPhone/Android True Wireless Water Resistant,,,"4","FIXED_PRICE","CAD",23.0,,,23.0,"0","1","0","May-08-26 07:31:45 PDT","Oct-08-26 07:31:45 PDT","Headphones","112529","","","New","","","","","","CA","","",""
"147301336862",MOTU Masters of the Universe Origins Battle Armor He-man and Battle Cat 2-Pack,,,"1","FIXED_PRICE","CAD",55.0,,,55.0,"0","12","0","May-08-26 09:14:47 PDT","Oct-08-26 09:14:47 PDT","Action Figures","261068","","","New","","","","","3048326608","CA","0194735005840","",""
"147302731571",HASBRO Dungeons & Dragons  Figure Of Presto NEW 2025,,,"5","FIXED_PRICE","CAD",30.0,,,30.0,"60","122","0","May-09-26 13:23:11 PDT","Oct-09-26 13:23:11 PDT","Action Figures","261068","","","New","","","","","","CA","5010994192617","",""
"147303713051","Marvel Legends Uncanny X-Men Retro 6"" Set of 4 Figures Scarlet Witch Loki Tigra",,,"1","FIXED_PRICE","CAD",200.0,,,200.0,"0","4","0","May-10-26 04:30:20 PDT","Oct-10-26 04:30:20 PDT","Action Figures","261068","","","New","","","","","","CA","Does not apply","",""
"147304290053",ARRIS TM822G DOCSIS 3.0 Cable Modem TESTED WORKING / OFFER ACCEPT ✅,,,"1","FIXED_PRICE","CAD",24.0,,,24.0,"0","","","May-10-26 13:22:06 PDT","Oct-10-26 13:22:06 PDT","Modems","58297","","","Used","","","","","10018325836","CA","0724131935962","",""
"147304300859",Videotron Helix 06CE Gateway Borne Router Modem Combo Internet Fast Wi-Fi,,,"1","FIXED_PRICE","CAD",24.0,,,24.0,"0","","","May-10-26 13:36:07 PDT","Oct-10-26 13:36:07 PDT","Modem-Router Combos","101270","","","Used","","","","","","CA","","",""
"147304338269",Original Hitachi CLE-972 Remote Control OEM Tested Working 42HDM12 42HDM12A TV,,,"1","FIXED_PRICE","CAD",25.0,,,25.0,"0","","","May-10-26 14:23:36 PDT","Oct-10-26 14:23:36 PDT","Remote Controls","61312","","","Used","","","","","","CA","","",""
"147304461853","Vintage Fisher Price Great Adventures Figures Lot Of 2 Knights , Gold Blue 1999",,,"1","FIXED_PRICE","CAD",10.0,,,10.0,"0","3","0","May-10-26 16:48:11 PDT","Oct-10-26 16:48:11 PDT","Other Fisher-Price (1963-Now)","374","","","Used","","","","","","CA","","",""
"147307437631",Anime Figure Nezuko Kamado (Demon Slayer) & Hatsune Miku Lot Of 2,,,"1","FIXED_PRICE","CAD",42.0,,,42.0,"0","3","0","May-12-26 09:53:02 PDT","Oct-12-26 09:53:02 PDT","Figures & Statues","261055","","","Used","","","","","","CA","","",""
"147307438946",Schleich Green Dragon Retired Fantasy Action Figure Collectible 70033,,,"1","FIXED_PRICE","CAD",22.0,,,22.0,"0","","","May-12-26 09:55:27 PDT","Oct-12-26 09:55:27 PDT","Action Figures","261068","","","Used","","","","","","CA","658183700332","",""
"147307439514",Vintage Toy RC 4x4 Buggy Race Car Battery Operated Tumble Buggy New in Box,,,"1","FIXED_PRICE","CAD",47.99,,,47.99,"0","","","May-12-26 09:56:58 PDT","Oct-12-26 09:56:58 PDT","Toy Vehicles","145946","","","New","","","","","","CA","Does not apply","",""
"147307440470",Lot 8 McDonald’s Happy Meal Toys Minions Cars Mater Flintstones Taz Figures,,,"1","FIXED_PRICE","CAD",10.0,,,10.0,"0","","","May-12-26 09:59:20 PDT","Oct-12-26 09:59:20 PDT","Fast Food","767","","","Used","","","","","","CA","Does not apply","",""
"147307443130",TDK D60 Type I Blank Audio Cassette Tape Sealed Factory NOS,,,"1","FIXED_PRICE","CAD",3.0,,,3.0,"0","","","May-12-26 10:03:06 PDT","Oct-12-26 10:03:06 PDT","Audio Tapes","14962","","","New","","","","","","CA","","",""
"147308990622",Vintage French VHS Movies YOU PICK & CHOOSE | BUY 3 GET 1 FREE | Rare Cult Movie,Movie Title=La forme Des Choses;Nos enfants Chéries;Procès devant Jury;Panne Fatale;Rage Meutrière;Rien sur Robert;Le plus beau métier du monde;Il pleut des roses sur Manhattan;Sécurité Nationale;Bon Voyage;La ronde Des Cocus;Music Box (VF);Trésor Nationale;Au coeur de la terre;Tout sur ma mère;Complot Mortel;Romance à Manhatan;Double Membre;MIB Hommes en noir (1);MIIB Hommes en Noir (2);La mari;ée est en fuite;âme perdues;Un pont entre les deux rives;Nez rouge;La secrétaire;Un homme d'exception;un jeu d'enfants;Le transporteur;Espece 2;Elizabeth;Coupable ou non coupable;La nuit du jugement;Raison et sentiments;Balance Maman hors du train;Nouveaux Mariés;Mina;Le passé revient;Notre histoire;Un mari idéal;Toutes les femmes sont folles;La patient anglais;Brillantine;Une seconde chance;Spiderman;Embrassez qui vous voudrez;Alice et Martin;Fargo;Tu peux compter sur moi;Nothing Hill;Drame Familial;Menteur Menteur;Du soleil plein la tete;Betty Fisher;Heureux Hasard;13 ans bientot 30;K-911;Rien à faire;On connait la chanson;Bienvenue à Gattaca;Drame Familia;Accès Interdit;Incognito;Le concierge;Inséparable;Intolérable Loyauté;Femme fatale;Protocole;Tunnel de L'enfer;Le couple chérie;Harry un ami qui veut du bien;Conte d'automne;Sade;Maelstrom;Erreur Mortelle;Infidèle;Le Cellulaire;Turbulence 2;Billets pour 2;Les 50 Premiers Rendez Vous;Top Gun;Mauvais Garcon 2;La Momie (No cover);Titanic;Seul Au monde (No Cover);The Doors;New York En Automne;Seulement Toi;Magnum Force (VF) Client Eastwood;Les banlieuse (Tom Hanks);Footlose (VF);Bruce Le tout Puissant,,"85","FIXED_PRICE","CAD",3.99,,,3.99,"8","1","0","May-13-26 07:29:48 PDT","Oct-13-26 07:29:48 PDT","Other Formats","41676","","","Very Good","","","","","","CA","Does not apply","",""
"147308990622",Vintage French VHS Movies YOU PICK & CHOOSE | BUY 3 GET 1 FREE | Rare Cult Movie,Movie Title=La forme Des Choses,La forme Des Choses,"1","FIXED_PRICE","CAD",3.99,,,,"0",,,"May-13-26 07:29:48 PDT","Oct-13-26 07:29:48 PDT","Other Formats","41676","","","Very Good",,,,,"","CA","Does not apply","",""
"147308990622",Vintage French VHS Movies YOU PICK & CHOOSE | BUY 3 GET 1 FREE | Rare Cult Movie,Movie Title=Nos enfants Chéries,Nos enfants Chéries,"1","FIXED_PRICE","CAD",3.99,,,,"0",,,"May-13-26 07:29:48 PDT","Oct-13-26 07:29:48 PDT","Other Formats","41676","","","Very Good",,,,,"","CA","Does not apply","",""
"147308990622",Vintage French VHS Movies YOU PICK & CHOOSE | BUY 3 GET 1 FREE | Rare Cult Movie,Movie Title=Procès devant Jury,Procès devant Jury,"1","FIXED_PRICE","CAD",3.99,,,,"0",,,"May-13-26 07:29:48 PDT","Oct-13-26 07:29:48 PDT","Other Formats","41676","","","Very Good",,,,,"","CA","Does not apply","",""
"147308990622",Vintage French VHS Movies YOU PICK & CHOOSE | BUY 3 GET 1 FREE | Rare Cult Movie,Movie Title=Panne Fatale,Panne Fatale,"1","FIXED_PRICE","CAD",3.99,,,,"0",,,"May-13-26 07:29:48 PDT","Oct-13-26 07:29:48 PDT","Other Formats","41676","","","Very Good",,,,,"","CA","Does not apply","",""
"147308990622",Vintage French VHS Movies YOU PICK & CHOOSE | BUY 3 GET 1 FREE | Rare Cult Movie,Movie Title=Rage Meutrière,Rage Meutrière,"1","FIXED_PRICE","CAD",29.99,,,,"0",,,"May-13-26 07:29:48 PDT","Oct-13-26 07:29:48 PDT","Other Formats","41676","","","Very Good",,,,,"","CA","Does not apply","",""
"147308990622",Vintage French VHS Movies YOU PICK & CHOOSE | BUY 3 GET 1 FREE | Rare Cult Movie,Movie Title=Rien sur Robert,Rien sur Robert,"1","FIXED_PRICE","CAD",3.99,,,,"0",,,"May-13-26 07:29:48 PDT","Oct-13-26 07:29:48 PDT","Other Formats","41676","","","Very Good",,,,,"","CA","Does not apply","",""
"147308990622",Vintage French VHS Movies YOU PICK & CHOOSE | BUY 3 GET 1 FREE | Rare Cult Movie,Movie Title=Le plus beau métier du monde,Le plus beau métier du monde,"1","FIXED_PRICE","CAD",3.99,,,,"0",,,"May-13-26 07:29:48 PDT","Oct-13-26 07:29:48 PDT","Other Formats","41676","","","Very Good",,,,,"","CA","Does not apply","",""
"147308990622",Vintage French VHS Movies YOU PICK & CHOOSE | BUY 3 GET 1 FREE | Rare Cult Movie,Movie Title=Il pleut des roses sur Manhattan,Il pleut des roses sur Manhattan,"1","FIXED_PRICE","CAD",3.99,,,,"0",,,"May-13-26 07:29:48 PDT","Oct-13-26 07:29:48 PDT","Other Formats","41676","","","Very Good",,,,,"","CA","","",""
"147308990622",Vintage French VHS Movies YOU PICK & CHOOSE | BUY 3 GET 1 FREE | Rare Cult Movie,Movie Title=Sécurité Nationale,Sécurité Nationale,"0","FIXED_PRICE","CAD",3.99,,,,"1",,,"May-13-26 07:29:48 PDT","Oct-13-26 07:29:48 PDT","Other Formats","41676","","","Very Good",,,,,"","CA","","",""
"147308990622",Vintage French VHS Movies YOU PICK & CHOOSE | BUY 3 GET 1 FREE | Rare Cult Movie,Movie Title=Bon Voyage,Bon Voyage,"1","FIXED_PRICE","CAD",3.99,,,,"0",,,"May-13-26 07:29:48 PDT","Oct-13-26 07:29:48 PDT","Other Formats","41676","","","Very Good",,,,,"","CA","","",""
"147308990622",Vintage French VHS Movies YOU PICK & CHOOSE | BUY 3 GET 1 FREE | Rare Cult Movie,Movie Title=La ronde Des Cocus,La ronde Des Cocus,"1","FIXED_PRICE","CAD",3.99,,,,"0",,,"May-13-26 07:29:48 PDT","Oct-13-26 07:29:48 PDT","Other Formats","41676","","","Very Good",,,,,"","CA","","",""
"147308990622",Vintage French VHS Movies YOU PICK & CHOOSE | BUY 3 GET 1 FREE | Rare Cult Movie,Movie Title=Music Box (VF),Music Box (VF),"1","FIXED_PRICE","CAD",6.99,,,,"0",,,"May-13-26 07:29:48 PDT","Oct-13-26 07:29:48 PDT","Other Formats","41676","","","Very Good",,,,,"","CA","","",""
"147308990622",Vintage French VHS Movies YOU PICK & CHOOSE | BUY 3 GET 1 FREE | Rare Cult Movie,Movie Title=Trésor Nationale,Trésor Nationale,"1","FIXED_PRICE","CAD",4.99,,,,"0",,,"May-13-26 07:29:48 PDT","Oct-13-26 07:29:48 PDT","Other Formats","41676","","","Very Good",,,,,"","CA","","",""
"147308990622",Vintage French VHS Movies YOU PICK & CHOOSE | BUY 3 GET 1 FREE | Rare Cult Movie,Movie Title=Au coeur de la terre,Au coeur de la terre,"1","FIXED_PRICE","CAD",3.99,,,,"0",,,"May-13-26 07:29:48 PDT","Oct-13-26 07:29:48 PDT","Other Formats","41676","","","Very Good",,,,,"","CA","","",""
"147308990622",Vintage French VHS Movies YOU PICK & CHOOSE | BUY 3 GET 1 FREE | Rare Cult Movie,Movie Title=Tout sur ma mère,Tout sur ma mère,"1","FIXED_PRICE","CAD",6.99,,,,"0",,,"May-13-26 07:29:48 PDT","Oct-13-26 07:29:48 PDT","Other Formats","41676","","","Very Good",,,,,"","CA","","",""
"147308990622",Vintage French VHS Movies YOU PICK & CHOOSE | BUY 3 GET 1 FREE | Rare Cult Movie,Movie Title=Complot Mortel,Complot Mortel,"1","FIXED_PRICE","CAD",3.99,,,,"0",,,"May-13-26 07:29:48 PDT","Oct-13-26 07:29:48 PDT","Other Formats","41676","","","Very Good",,,,,"","CA","","",""
"147308990622",Vintage French VHS Movies YOU PICK & CHOOSE | BUY 3 GET 1 FREE | Rare Cult Movie,Movie Title=Romance à Manhatan,Romance à Manhatan,"1","FIXED_PRICE","CAD",3.99,,,,"0",,,"May-13-26 07:29:48 PDT","Oct-13-26 07:29:48 PDT","Other Formats","41676","","","Very Good",,,,,"","CA","","",""
"147308990622",Vintage French VHS Movies YOU PICK & CHOOSE | BUY 3 GET 1 FREE | Rare Cult Movie,Movie Title=Double Membre,Double Membre,"1","FIXED_PRICE","CAD",3.99,,,,"0",,,"May-13-26 07:29:48 PDT","Oct-13-26 07:29:48 PDT","Other Formats","41676","","","Very Good",,,,,"","CA","","",""
"147308990622",Vintage French VHS Movies YOU PICK & CHOOSE | BUY 3 GET 1 FREE | Rare Cult Movie,Movie Title=MIB Hommes en noir (1),MIB Hommes en noir (1),"0","FIXED_PRICE","CAD",5.99,,,,"1",,,"May-13-26 07:29:48 PDT","Oct-13-26 07:29:48 PDT","Other Formats","41676","","","Very Good",,,,,"","CA","","",""
"147308990622",Vintage French VHS Movies YOU PICK & CHOOSE | BUY 3 GET 1 FREE | Rare Cult Movie,Movie Title=MIIB Hommes en Noir (2),MIIB Hommes en Noir (2),"0","FIXED_PRICE","CAD",5.99,,,,"1",,,"May-13-26 07:29:48 PDT","Oct-13-26 07:29:48 PDT","Other Formats","41676","","","Very Good",,,,,"","CA","","",""
"147308990622",Vintage French VHS Movies YOU PICK & CHOOSE | BUY 3 GET 1 FREE | Rare Cult Movie,Movie Title=La mari;ée est en fuite,La mari;ée est en fuite,"0","FIXED_PRICE","CAD",3.99,,,,"1",,,"May-13-26 07:29:48 PDT","Oct-13-26 07:29:48 PDT","Other Formats","41676","","","Very Good",,,,,"","CA","","",""
"147308990622",Vintage French VHS Movies YOU PICK & CHOOSE | BUY 3 GET 1 FREE | Rare Cult Movie,Movie Title=âme perdues,âme perdues,"1","FIXED_PRICE","CAD",3.99,,,,"0",,,"May-13-26 07:29:48 PDT","Oct-13-26 07:29:48 PDT","Other Formats","41676","","","Very Good",,,,,"","CA","","",""
"147308990622",Vintage French VHS Movies YOU PICK & CHOOSE | BUY 3 GET 1 FREE | Rare Cult Movie,Movie Title=Un pont entre les deux rives,Un pont entre les deux rives,"1","FIXED_PRICE","CAD",3.99,,,,"0",,,"May-13-26 07:29:48 PDT","Oct-13-26 07:29:48 PDT","Other Formats","41676","","","Very Good",,,,,"","CA","","",""
"147308990622",Vintage French VHS Movies YOU PICK & CHOOSE | BUY 3 GET 1 FREE | Rare Cult Movie,Movie Title=Nez rouge,Nez rouge,"1","FIXED_PRICE","CAD",3.99,,,,"0",,,"May-13-26 07:29:48 PDT","Oct-13-26 07:29:48 PDT","Other Formats","41676","","","Very Good",,,,,"","CA","","",""
"147308990622",Vintage French VHS Movies YOU PICK & CHOOSE | BUY 3 GET 1 FREE | Rare Cult Movie,Movie Title=La secrétaire,La secrétaire,"1","FIXED_PRICE","CAD",3.99,,,,"0",,,"May-13-26 07:29:48 PDT","Oct-13-26 07:29:48 PDT","Other Formats","41676","","","Very Good",,,,,"","CA","","",""
"147308990622",Vintage French VHS Movies YOU PICK & CHOOSE | BUY 3 GET 1 FREE | Rare Cult Movie,Movie Title=Un homme d'exception,Un homme d'exception,"1","FIXED_PRICE","CAD",4.99,,,,"0",,,"May-13-26 07:29:48 PDT","Oct-13-26 07:29:48 PDT","Other Formats","41676","","","Very Good",,,,,"","CA","","",""
"147308990622",Vintage French VHS Movies YOU PICK & CHOOSE | BUY 3 GET 1 FREE | Rare Cult Movie,Movie Title=un jeu d'enfants,un jeu d'enfants,"1","FIXED_PRICE","CAD",3.99,,,,"0",,,"May-13-26 07:29:48 PDT","Oct-13-26 07:29:48 PDT","Other Formats","41676","","","Very Good",,,,,"","CA","","",""
"147308990622",Vintage French VHS Movies YOU PICK & CHOOSE | BUY 3 GET 1 FREE | Rare Cult Movie,Movie Title=Le transporteur,Le transporteur,"1","FIXED_PRICE","CAD",3.99,,,,"0",,,"May-13-26 07:29:48 PDT","Oct-13-26 07:29:48 PDT","Other Formats","41676","","","Very Good",,,,,"","CA","","",""
"147308990622",Vintage French VHS Movies YOU PICK & CHOOSE | BUY 3 GET 1 FREE | Rare Cult Movie,Movie Title=Espece 2,Espece 2,"1","FIXED_PRICE","CAD",7.99,,,,"0",,,"May-13-26 07:29:48 PDT","Oct-13-26 07:29:48 PDT","Other Formats","41676","","","Very Good",,,,,"","CA","","",""
"147308990622",Vintage French VHS Movies YOU PICK & CHOOSE | BUY 3 GET 1 FREE | Rare Cult Movie,Movie Title=Elizabeth,Elizabeth,"1","FIXED_PRICE","CAD",4.99,,,,"0",,,"May-13-26 07:29:48 PDT","Oct-13-26 07:29:48 PDT","Other Formats","41676","","","Very Good",,,,,"","CA","","",""
"147308990622",Vintage French VHS Movies YOU PICK & CHOOSE | BUY 3 GET 1 FREE | Rare Cult Movie,Movie Title=Coupable ou non coupable,Coupable ou non coupable,"1","FIXED_PRICE","CAD",3.99,,,,"0",,,"May-13-26 07:29:48 PDT","Oct-13-26 07:29:48 PDT","Other Formats","41676","","","Very Good",,,,,"","CA","","",""
"147308990622",Vintage French VHS Movies YOU PICK & CHOOSE | BUY 3 GET 1 FREE | Rare Cult Movie,Movie Title=La nuit du jugement,La nuit du jugement,"1","FIXED_PRICE","CAD",3.99,,,,"0",,,"May-13-26 07:29:48 PDT","Oct-13-26 07:29:48 PDT","Other Formats","41676","","","Very Good",,,,,"","CA","","",""
"147308990622",Vintage French VHS Movies YOU PICK & CHOOSE | BUY 3 GET 1 FREE | Rare Cult Movie,Movie Title=Raison et sentiments,Raison et sentiments,"1","FIXED_PRICE","CAD",3.99,,,,"0",,,"May-13-26 07:29:48 PDT","Oct-13-26 07:29:48 PDT","Other Formats","41676","","","Very Good",,,,,"","CA","","",""
"147308990622",Vintage French VHS Movies YOU PICK & CHOOSE | BUY 3 GET 1 FREE | Rare Cult Movie,Movie Title=Balance Maman hors du train,Balance Maman hors du train,"1","FIXED_PRICE","CAD",7.99,,,,"0",,,"May-13-26 07:29:48 PDT","Oct-13-26 07:29:48 PDT","Other Formats","41676","","","Very Good",,,,,"","CA","","",""
"147308990622",Vintage French VHS Movies YOU PICK & CHOOSE | BUY 3 GET 1 FREE | Rare Cult Movie,Movie Title=Nouveaux Mariés,Nouveaux Mariés,"0","FIXED_PRICE","CAD",3.99,,,,"1",,,"May-13-26 07:29:48 PDT","Oct-13-26 07:29:48 PDT","Other Formats","41676","","","Very Good",,,,,"","CA","","",""
"147308990622",Vintage French VHS Movies YOU PICK & CHOOSE | BUY 3 GET 1 FREE | Rare Cult Movie,Movie Title=Mina,Mina,"1","FIXED_PRICE","CAD",4.99,,,,"0",,,"May-13-26 07:29:48 PDT","Oct-13-26 07:29:48 PDT","Other Formats","41676","","","Very Good",,,,,"","CA","","",""
"147308990622",Vintage French VHS Movies YOU PICK & CHOOSE | BUY 3 GET 1 FREE | Rare Cult Movie,Movie Title=Le passé revient,Le passé revient,"1","FIXED_PRICE","CAD",3.99,,,,"0",,,"May-13-26 07:29:48 PDT","Oct-13-26 07:29:48 PDT","Other Formats","41676","","","Very Good",,,,,"","CA","","",""
"147308990622",Vintage French VHS Movies YOU PICK & CHOOSE | BUY 3 GET 1 FREE | Rare Cult Movie,Movie Title=Notre histoire,Notre histoire,"1","FIXED_PRICE","CAD",3.99,,,,"0",,,"May-13-26 07:29:48 PDT","Oct-13-26 07:29:48 PDT","Other Formats","41676","","","Very Good",,,,,"","CA","","",""
"147308990622",Vintage French VHS Movies YOU PICK & CHOOSE | BUY 3 GET 1 FREE | Rare Cult Movie,Movie Title=Un mari idéal,Un mari idéal,"1","FIXED_PRICE","CAD",3.99,,,,"0",,,"May-13-26 07:29:48 PDT","Oct-13-26 07:29:48 PDT","Other Formats","41676","","","Very Good",,,,,"","CA","","",""
"147308990622",Vintage French VHS Movies YOU PICK & CHOOSE | BUY 3 GET 1 FREE | Rare Cult Movie,Movie Title=Toutes les femmes sont folles,Toutes les femmes sont folles,"1","FIXED_PRICE","CAD",3.99,,,,"0",,,"May-13-26 07:29:48 PDT","Oct-13-26 07:29:48 PDT","Other Formats","41676","","","Very Good",,,,,"","CA","","",""
"147308990622",Vintage French VHS Movies YOU PICK & CHOOSE | BUY 3 GET 1 FREE | Rare Cult Movie,Movie Title=La patient anglais,La patient anglais,"1","FIXED_PRICE","CAD",3.99,,,,"0",,,"May-13-26 07:29:48 PDT","Oct-13-26 07:29:48 PDT","Other Formats","41676","","","Very Good",,,,,"","CA","","",""
"147308990622",Vintage French VHS Movies YOU PICK & CHOOSE | BUY 3 GET 1 FREE | Rare Cult Movie,Movie Title=Brillantine,Brillantine,"1","FIXED_PRICE","CAD",6.99,,,,"0",,,"May-13-26 07:29:48 PDT","Oct-13-26 07:29:48 PDT","Other Formats","41676","","","Very Good",,,,,"","CA","","",""
"147308990622",Vintage French VHS Movies YOU PICK & CHOOSE | BUY 3 GET 1 FREE | Rare Cult Movie,Movie Title=Une seconde chance,Une seconde chance,"1","FIXED_PRICE","CAD",3.99,,,,"0",,,"May-13-26 07:29:48 PDT","Oct-13-26 07:29:48 PDT","Other Formats","41676","","","Very Good",,,,,"","CA","","",""
"147308990622",Vintage French VHS Movies YOU PICK & CHOOSE | BUY 3 GET 1 FREE | Rare Cult Movie,Movie Title=Spiderman,Spiderman,"0","FIXED_PRICE","CAD",9.99,,,,"1",,,"May-13-26 07:29:48 PDT","Oct-13-26 07:29:48 PDT","Other Formats","41676","","","Very Good",,,,,"","CA","","",""
"147308990622",Vintage French VHS Movies YOU PICK & CHOOSE | BUY 3 GET 1 FREE | Rare Cult Movie,Movie Title=Embrassez qui vous voudrez,Embrassez qui vous voudrez,"1","FIXED_PRICE","CAD",3.99,,,,"0",,,"May-13-26 07:29:48 PDT","Oct-13-26 07:29:48 PDT","Other Formats","41676","","","Very Good",,,,,"","CA","","",""
"147308990622",Vintage French VHS Movies YOU PICK & CHOOSE | BUY 3 GET 1 FREE | Rare Cult Movie,Movie Title=Alice et Martin,Alice et Martin,"1","FIXED_PRICE","CAD",3.99,,,,"0",,,"May-13-26 07:29:48 PDT","Oct-13-26 07:29:48 PDT","Other Formats","41676","","","Very Good",,,,,"","CA","","",""
"147308990622",Vintage French VHS Movies YOU PICK & CHOOSE | BUY 3 GET 1 FREE | Rare Cult Movie,Movie Title=Fargo,Fargo,"1","FIXED_PRICE","CAD",9.99,,,,"0",,,"May-13-26 07:29:48 PDT","Oct-13-26 07:29:48 PDT","Other Formats","41676","","","Very Good",,,,,"","CA","","",""
"147308990622",Vintage French VHS Movies YOU PICK & CHOOSE | BUY 3 GET 1 FREE | Rare Cult Movie,Movie Title=Tu peux compter sur moi,Tu peux compter sur moi,"1","FIXED_PRICE","CAD",3.99,,,,"0",,,"May-13-26 07:29:48 PDT","Oct-13-26 07:29:48 PDT","Other Formats","41676","","","Very Good",,,,,"","CA","","",""
"147308990622",Vintage French VHS Movies YOU PICK & CHOOSE | BUY 3 GET 1 FREE | Rare Cult Movie,Movie Title=Nothing Hill,Nothing Hill,"0","FIXED_PRICE","CAD",4.99,,,,"1",,,"May-13-26 07:29:48 PDT","Oct-13-26 07:29:48 PDT","Other Formats","41676","","","Very Good",,,,,"","CA","","",""
"147308990622",Vintage French VHS Movies YOU PICK & CHOOSE | BUY 3 GET 1 FREE | Rare Cult Movie,Movie Title=Drame Familial,Drame Familial,"1","FIXED_PRICE","CAD",3.99,,,,"0",,,"May-13-26 07:29:48 PDT","Oct-13-26 07:29:48 PDT","Other Formats","41676","","","Very Good",,,,,"","CA","","",""
"147308990622",Vintage French VHS Movies YOU PICK & CHOOSE | BUY 3 GET 1 FREE | Rare Cult Movie,Movie Title=Menteur Menteur,Menteur Menteur,"1","FIXED_PRICE","CAD",7.99,,,,"0",,,"May-13-26 07:29:48 PDT","Oct-13-26 07:29:48 PDT","Other Formats","41676","","","Very Good",,,,,"","CA","","",""
"147308990622",Vintage French VHS Movies YOU PICK & CHOOSE | BUY 3 GET 1 FREE | Rare Cult Movie,Movie Title=Du soleil plein la tete,Du soleil plein la tete,"1","FIXED_PRICE","CAD",3.99,,,,"0",,,"May-13-26 07:29:48 PDT","Oct-13-26 07:29:48 PDT","Other Formats","41676","","","Very Good",,,,,"","CA","","",""
"147308990622",Vintage French VHS Movies YOU PICK & CHOOSE | BUY 3 GET 1 FREE | Rare Cult Movie,Movie Title=Betty Fisher,Betty Fisher,"1","FIXED_PRICE","CAD",5.99,,,,"0",,,"May-13-26 07:29:48 PDT","Oct-13-26 07:29:48 PDT","Other Formats","41676","","","Very Good",,,,,"","CA","","",""
"147308990622",Vintage French VHS Movies YOU PICK & CHOOSE | BUY 3 GET 1 FREE | Rare Cult Movie,Movie Title=Heureux Hasard,Heureux Hasard,"1","FIXED_PRICE","CAD",3.99,,,,"0",,,"May-13-26 07:29:48 PDT","Oct-13-26 07:29:48 PDT","Other Formats","41676","","","Very Good",,,,,"","CA","","",""
"147308990622",Vintage French VHS Movies YOU PICK & CHOOSE | BUY 3 GET 1 FREE | Rare Cult Movie,Movie Title=13 ans bientot 30,13 ans bientot 30,"1","FIXED_PRICE","CAD",3.99,,,,"0",,,"May-13-26 07:29:48 PDT","Oct-13-26 07:29:48 PDT","Other Formats","41676","","","Very Good",,,,,"","CA","","",""
"147308990622",Vintage French VHS Movies YOU PICK & CHOOSE | BUY 3 GET 1 FREE | Rare Cult Movie,Movie Title=K-911,K-911,"1","FIXED_PRICE","CAD",5.99,,,,"0",,,"May-13-26 07:29:48 PDT","Oct-13-26 07:29:48 PDT","Other Formats","41676","","","Very Good",,,,,"","CA","","",""
"147308990622",Vintage French VHS Movies YOU PICK & CHOOSE | BUY 3 GET 1 FREE | Rare Cult Movie,Movie Title=Rien à faire,Rien à faire,"1","FIXED_PRICE","CAD",3.99,,,,"0",,,"May-13-26 07:29:48 PDT","Oct-13-26 07:29:48 PDT","Other Formats","41676","","","Very Good",,,,,"","CA","","",""
"147308990622",Vintage French VHS Movies YOU PICK & CHOOSE | BUY 3 GET 1 FREE | Rare Cult Movie,Movie Title=On connait la chanson,On connait la chanson,"1","FIXED_PRICE","CAD",9.99,,,,"0",,,"May-13-26 07:29:48 PDT","Oct-13-26 07:29:48 PDT","Other Formats","41676","","","Very Good",,,,,"","CA","","",""
"147308990622",Vintage French VHS Movies YOU PICK & CHOOSE | BUY 3 GET 1 FREE | Rare Cult Movie,Movie Title=Bienvenue à Gattaca,Bienvenue à Gattaca,"1","FIXED_PRICE","CAD",8.99,,,,"0",,,"May-13-26 07:29:48 PDT","Oct-13-26 07:29:48 PDT","Other Formats","41676","","","Very Good",,,,,"","CA","","",""
"147308990622",Vintage French VHS Movies YOU PICK & CHOOSE | BUY 3 GET 1 FREE | Rare Cult Movie,Movie Title=Drame Familia,Drame Familia,"1","FIXED_PRICE","CAD",3.99,,,,"0",,,"May-13-26 07:29:48 PDT","Oct-13-26 07:29:48 PDT","Other Formats","41676","","","Very Good",,,,,"","CA","","",""
"147308990622",Vintage French VHS Movies YOU PICK & CHOOSE | BUY 3 GET 1 FREE | Rare Cult Movie,Movie Title=Accès Interdit,Accès Interdit,"1","FIXED_PRICE","CAD",3.99,,,,"0",,,"May-13-26 07:29:48 PDT","Oct-13-26 07:29:48 PDT","Other Formats","41676","","","Very Good",,,,,"","CA","","",""
"147308990622",Vintage French VHS Movies YOU PICK & CHOOSE | BUY 3 GET 1 FREE | Rare Cult Movie,Movie Title=Incognito,Incognito,"1","FIXED_PRICE","CAD",3.99,,,,"0",,,"May-13-26 07:29:48 PDT","Oct-13-26 07:29:48 PDT","Other Formats","41676","","","Very Good",,,,,"","CA","","",""
"147308990622",Vintage French VHS Movies YOU PICK & CHOOSE | BUY 3 GET 1 FREE | Rare Cult Movie,Movie Title=Le concierge,Le concierge,"1","FIXED_PRICE","CAD",3.99,,,,"0",,,"May-13-26 07:29:48 PDT","Oct-13-26 07:29:48 PDT","Other Formats","41676","","","Very Good",,,,,"","CA","","",""
"147308990622",Vintage French VHS Movies YOU PICK & CHOOSE | BUY 3 GET 1 FREE | Rare Cult Movie,Movie Title=Inséparable,Inséparable,"1","FIXED_PRICE","CAD",3.99,,,,"0",,,"May-13-26 07:29:48 PDT","Oct-13-26 07:29:48 PDT","Other Formats","41676","","","Very Good",,,,,"","CA","","",""
"147308990622",Vintage French VHS Movies YOU PICK & CHOOSE | BUY 3 GET 1 FREE | Rare Cult Movie,Movie Title=Intolérable Loyauté,Intolérable Loyauté,"1","FIXED_PRICE","CAD",3.99,,,,"0",,,"May-13-26 07:29:48 PDT","Oct-13-26 07:29:48 PDT","Other Formats","41676","","","Very Good",,,,,"","CA","","",""
"147308990622",Vintage French VHS Movies YOU PICK & CHOOSE | BUY 3 GET 1 FREE | Rare Cult Movie,Movie Title=Femme fatale,Femme fatale,"1","FIXED_PRICE","CAD",10.99,,,,"0",,,"May-13-26 07:29:48 PDT","Oct-13-26 07:29:48 PDT","Other Formats","41676","","","Very Good",,,,,"","CA","","",""
"147308990622",Vintage French VHS Movies YOU PICK & CHOOSE | BUY 3 GET 1 FREE | Rare Cult Movie,Movie Title=Protocole,Protocole,"1","FIXED_PRICE","CAD",3.99,,,,"0",,,"May-13-26 07:29:48 PDT","Oct-13-26 07:29:48 PDT","Other Formats","41676","","","Very Good",,,,,"","CA","","",""
"147308990622",Vintage French VHS Movies YOU PICK & CHOOSE | BUY 3 GET 1 FREE | Rare Cult Movie,Movie Title=Tunnel de L'enfer,Tunnel de L'enfer,"1","FIXED_PRICE","CAD",3.99,,,,"0",,,"May-13-26 07:29:48 PDT","Oct-13-26 07:29:48 PDT","Other Formats","41676","","","Very Good",,,,,"","CA","","",""
"147308990622",Vintage French VHS Movies YOU PICK & CHOOSE | BUY 3 GET 1 FREE | Rare Cult Movie,Movie Title=Le couple chérie,Le couple chérie,"1","FIXED_PRICE","CAD",3.99,,,,"0",,,"May-13-26 07:29:48 PDT","Oct-13-26 07:29:48 PDT","Other Formats","41676","","","Very Good",,,,,"","CA","","",""
"147308990622",Vintage French VHS Movies YOU PICK & CHOOSE | BUY 3 GET 1 FREE | Rare Cult Movie,Movie Title=Harry un ami qui veut du bien,Harry un ami qui veut du bien,"1","FIXED_PRICE","CAD",9.99,,,,"0",,,"May-13-26 07:29:48 PDT","Oct-13-26 07:29:48 PDT","Other Formats","41676","","","Very Good",,,,,"","CA","","",""
"147308990622",Vintage French VHS Movies YOU PICK & CHOOSE | BUY 3 GET 1 FREE | Rare Cult Movie,Movie Title=Conte d'automne,Conte d'automne,"1","FIXED_PRICE","CAD",11.99,,,,"0",,,"May-13-26 07:29:48 PDT","Oct-13-26 07:29:48 PDT","Other Formats","41676","","","Very Good",,,,,"","CA","","",""
"147308990622",Vintage French VHS Movies YOU PICK & CHOOSE | BUY 3 GET 1 FREE | Rare Cult Movie,Movie Title=Sade,Sade,"1","FIXED_PRICE","CAD",3.99,,,,"0",,,"May-13-26 07:29:48 PDT","Oct-13-26 07:29:48 PDT","Other Formats","41676","","","Very Good",,,,,"","CA","","",""
"147308990622",Vintage French VHS Movies YOU PICK & CHOOSE | BUY 3 GET 1 FREE | Rare Cult Movie,Movie Title=Maelstrom,Maelstrom,"1","FIXED_PRICE","CAD",16.99,,,,"0",,,"May-13-26 07:29:48 PDT","Oct-13-26 07:29:48 PDT","Other Formats","41676","","","Very Good",,,,,"","CA","","",""
"147308990622",Vintage French VHS Movies YOU PICK & CHOOSE | BUY 3 GET 1 FREE | Rare Cult Movie,Movie Title=Erreur Mortelle,Erreur Mortelle,"1","FIXED_PRICE","CAD",3.99,,,,"0",,,"May-13-26 07:29:48 PDT","Oct-13-26 07:29:48 PDT","Other Formats","41676","","","Very Good",,,,,"","CA","","",""
"147308990622",Vintage French VHS Movies YOU PICK & CHOOSE | BUY 3 GET 1 FREE | Rare Cult Movie,Movie Title=Infidèle,Infidèle,"1","FIXED_PRICE","CAD",3.99,,,,"0",,,"May-13-26 07:29:48 PDT","Oct-13-26 07:29:48 PDT","Other Formats","41676","","","Very Good",,,,,"","CA","","",""
"147308990622",Vintage French VHS Movies YOU PICK & CHOOSE | BUY 3 GET 1 FREE | Rare Cult Movie,Movie Title=Le Cellulaire,Le Cellulaire,"1","FIXED_PRICE","CAD",3.99,,,,"0",,,"May-13-26 07:29:48 PDT","Oct-13-26 07:29:48 PDT","Other Formats","41676","","","Very Good",,,,,"","CA","","",""
"147308990622",Vintage French VHS Movies YOU PICK & CHOOSE | BUY 3 GET 1 FREE | Rare Cult Movie,Movie Title=Turbulence 2,Turbulence 2,"1","FIXED_PRICE","CAD",3.99,,,,"0",,,"May-13-26 07:29:48 PDT","Oct-13-26 07:29:48 PDT","Other Formats","41676","","","Very Good",,,,,"","CA","","",""
"147308990622",Vintage French VHS Movies YOU PICK & CHOOSE | BUY 3 GET 1 FREE | Rare Cult Movie,Movie Title=Billets pour 2,Billets pour 2,"1","FIXED_PRICE","CAD",3.99,,,,"0",,,"May-13-26 07:29:48 PDT","Oct-13-26 07:29:48 PDT","Other Formats","41676","","","Very Good",,,,,"","CA","","",""
"147308990622",Vintage French VHS Movies YOU PICK & CHOOSE | BUY 3 GET 1 FREE | Rare Cult Movie,Movie Title=Les 50 Premiers Rendez Vous,Les 50 Premiers Rendez Vous,"0","FIXED_PRICE","CAD",3.99,,,,"1",,,"May-13-26 07:29:48 PDT","Oct-13-26 07:29:48 PDT","Other Formats","41676","","","Very Good",,,,,"","CA","","",""
"147308990622",Vintage French VHS Movies YOU PICK & CHOOSE | BUY 3 GET 1 FREE | Rare Cult Movie,Movie Title=Top Gun,Top Gun,"1","FIXED_PRICE","CAD",15.99,,,,"0",,,"May-13-26 07:29:48 PDT","Oct-13-26 07:29:48 PDT","Other Formats","41676","","","Very Good",,,,,"","CA","","",""
"147308990622",Vintage French VHS Movies YOU PICK & CHOOSE | BUY 3 GET 1 FREE | Rare Cult Movie,Movie Title=Mauvais Garcon 2,Mauvais Garcon 2,"1","FIXED_PRICE","CAD",5.99,,,,"0",,,"May-13-26 07:29:48 PDT","Oct-13-26 07:29:48 PDT","Other Formats","41676","","","Very Good",,,,,"","CA","","",""
"147308990622",Vintage French VHS Movies YOU PICK & CHOOSE | BUY 3 GET 1 FREE | Rare Cult Movie,Movie Title=La Momie (No cover),La Momie (No cover),"1","FIXED_PRICE","CAD",3.99,,,,"0",,,"May-13-26 07:29:48 PDT","Oct-13-26 07:29:48 PDT","Other Formats","41676","","","Very Good",,,,,"","CA","","",""
"147308990622",Vintage French VHS Movies YOU PICK & CHOOSE | BUY 3 GET 1 FREE | Rare Cult Movie,Movie Title=Titanic,Titanic,"3","FIXED_PRICE","CAD",8.99,,,,"0",,,"May-13-26 07:29:48 PDT","Oct-13-26 07:29:48 PDT","Other Formats","41676","","","Very Good",,,,,"","CA","","",""
"147308990622",Vintage French VHS Movies YOU PICK & CHOOSE | BUY 3 GET 1 FREE | Rare Cult Movie,Movie Title=Seul Au monde (No Cover),Seul Au monde (No Cover),"1","FIXED_PRICE","CAD",3.99,,,,"0",,,"May-13-26 07:29:48 PDT","Oct-13-26 07:29:48 PDT","Other Formats","41676","","","Very Good",,,,,"","CA","","",""
"147308990622",Vintage French VHS Movies YOU PICK & CHOOSE | BUY 3 GET 1 FREE | Rare Cult Movie,Movie Title=The Doors,The Doors,"1","FIXED_PRICE","CAD",3.99,,,,"0",,,"May-13-26 07:29:48 PDT","Oct-13-26 07:29:48 PDT","Other Formats","41676","","","Very Good",,,,,"","CA","","",""
"147308990622",Vintage French VHS Movies YOU PICK & CHOOSE | BUY 3 GET 1 FREE | Rare Cult Movie,Movie Title=New York En Automne,New York En Automne,"1","FIXED_PRICE","CAD",3.99,,,,"0",,,"May-13-26 07:29:48 PDT","Oct-13-26 07:29:48 PDT","Other Formats","41676","","","Very Good",,,,,"","CA","","",""
"147308990622",Vintage French VHS Movies YOU PICK & CHOOSE | BUY 3 GET 1 FREE | Rare Cult Movie,Movie Title=Seulement Toi,Seulement Toi,"1","FIXED_PRICE","CAD",3.99,,,,"0",,,"May-13-26 07:29:48 PDT","Oct-13-26 07:29:48 PDT","Other Formats","41676","","","Very Good",,,,,"","CA","","",""
"147308990622",Vintage French VHS Movies YOU PICK & CHOOSE | BUY 3 GET 1 FREE | Rare Cult Movie,Movie Title=Magnum Force (VF) Client Eastwood,Magnum Force (VF) Client Eastwood,"1","FIXED_PRICE","CAD",3.99,,,,"0",,,"May-13-26 07:29:48 PDT","Oct-13-26 07:29:48 PDT","Other Formats","41676","","","Very Good",,,,,"","CA","","",""
"147308990622",Vintage French VHS Movies YOU PICK & CHOOSE | BUY 3 GET 1 FREE | Rare Cult Movie,Movie Title=Les banlieuse (Tom Hanks),Les banlieuse (Tom Hanks),"1","FIXED_PRICE","CAD",3.99,,,,"0",,,"May-13-26 07:29:48 PDT","Oct-13-26 07:29:48 PDT","Other Formats","41676","","","Very Good",,,,,"","CA","","",""
"147308990622",Vintage French VHS Movies YOU PICK & CHOOSE | BUY 3 GET 1 FREE | Rare Cult Movie,Movie Title=Footlose (VF),Footlose (VF),"1","FIXED_PRICE","CAD",9.99,,,,"0",,,"May-13-26 07:29:48 PDT","Oct-13-26 07:29:48 PDT","Other Formats","41676","","","Very Good",,,,,"","CA","","",""
"147308990622",Vintage French VHS Movies YOU PICK & CHOOSE | BUY 3 GET 1 FREE | Rare Cult Movie,Movie Title=Bruce Le tout Puissant,Bruce Le tout Puissant,"1","FIXED_PRICE","CAD",8.99,,,,"0",,,"May-13-26 07:29:48 PDT","Oct-13-26 07:29:48 PDT","Other Formats","41676","","","Very Good",,,,,"","CA","","",""
"147309133473",Crossnet Volleyball Net Set Portable Outdoor Backyard Game Set for Kids & Adults,,,"1","FIXED_PRICE","CAD",72.99,,,72.99,"0","","","May-13-26 09:17:52 PDT","Oct-13-26 09:17:52 PDT","Other Backyard Games","159081","","","New","","","","","","CA","Does not apply","",""
"147309238103",John Wayne Western Movie VHS Lot Of 10 Vintage Tapes Cowboy Movies,,,"1","FIXED_PRICE","CAD",30.0,,,30.0,"0","","","May-13-26 10:43:00 PDT","Oct-13-26 10:43:00 PDT","VHS Tapes","309","","","Like New","","","","","","CA","Does not Apply","",""
"147311139784","Lot Of 4 Masters of the Universe Movie 2026 Skel-Knight, He-Man Beast Mekaneck",,,"1","FIXED_PRICE","CAD",69.0,,,69.0,"0","","","May-14-26 15:03:29 PDT","Oct-14-26 15:03:29 PDT","Action Figures","261068","","","New","","","","","","CA","0194735350391","",""
"147311149478",Jada 1:24 Fast Furious Mia ‘s Acura Integra Blue Sealed Die Cast Car Model,,,"1","FIXED_PRICE","CAD",32.0,,,32.0,"0","7","0","May-14-26 15:10:40 PDT","Oct-14-26 15:10:40 PDT","Contemporary Manufacture","180533","","","New","","","","","","CA","801310307397","",""
"147312791300",2026 Maisto Formula 1 Ferrari Racing R/C 1:10 Racing Car Charles Leclerc #16 NEW,,,"5","FIXED_PRICE","CAD",131.99,,,131.99,"0","0","0","May-15-26 15:50:36 PDT","Oct-15-26 15:50:36 PDT","Formula 1 Cars","180270","","","New","","","","","","CA","090159827733","",""
"147312800335",Maisto Formula 1 Red Bull Racing RC 1:10 Scale Max Verstappen / Oracle - NEW Car,,,"5","FIXED_PRICE","CAD",132.0,,,132.0,"0","1","0","May-15-26 15:57:49 PDT","Oct-15-26 15:57:49 PDT","Cars, Trucks & Motorcycles","182183","","","New","","","","","","CA","Does not apply","",""
"147312816472",Maisto 1:10 RC Formula One McLaren Oscar Piastri GP Racing NEW Model For 2026,,,"2","FIXED_PRICE","CAD",129.99,,,129.99,"1","3","0","May-15-26 16:16:45 PDT","Oct-15-26 16:16:45 PDT","Cars, Trucks & Motorcycles","182183","","","New","","","","","","CA","Does not apply","",""
"147315595761",McFarlane Toys DC Batman The Animated Series Ras Al Ghul BAF Jonah Hex,,,"2","FIXED_PRICE","CAD",33.99,,,33.99,"0","7","0","May-17-26 13:41:49 PDT","Oct-17-26 13:41:49 PDT","Action Figures","261068","","","New","","","","","","CA","787926176384","",""
"147315617378",DC Multiverse Deathstroke The Terminator Collector Edition #46 Figure McFarlane,,,"1","FIXED_PRICE","CAD",45.0,,,45.0,"0","","","May-17-26 13:58:17 PDT","Oct-17-26 13:58:17 PDT","Action Figures","261068","","","New","","","","","","CA","787926173949","",""
"147315624588",DC Multiverse Collector Edition Doctor Mid-Nite Justice Society of America #48,,,"1","FIXED_PRICE","CAD",45.0,,,45.0,"0","","","May-17-26 14:05:24 PDT","Oct-17-26 14:05:24 PDT","Action Figures","261068","","","New","","","","","","CA","","",""
"147315625758","Batman: The Animated Series - Killercroc 6"" Action Figure BAF McFarlane Toys",,,"1","FIXED_PRICE","CAD",29.99,,,29.99,"0","4","0","May-17-26 14:07:12 PDT","Oct-17-26 14:07:12 PDT","Action Figures","261068","","","New","","","","","","CA","787926177718","",""
"147317106371",2026 Hot Wheels '71 Porsche 911 4/5 Blue VINTAGE CLUB 19 CLUB 68 SILVER SERIES,,,"1","FIXED_PRICE","CAD",10.05,,,10.05,"0","1","0","May-18-26 06:32:52 PDT","Oct-18-26 06:32:52 PDT","Contemporary Manufacture","180506","","","New","","","","","","CA","887961367508","",""
"147317156660",2026 Hot Wheels Team Transport Toyota GR Supra ‘20 Fleet Street #86,,,"0","FIXED_PRICE","CAD",28.99,,,28.99,"1","1","0","May-18-26 07:20:41 PDT","Oct-18-26 07:20:41 PDT","Contemporary Manufacture","180506","","","New","","","","","","CA","n/a","",""
"147317164920",2025 Hot Wheels Honda S800 Racing Treasure Hunt Orange TH #212 Compact Kings,,,"1","FIXED_PRICE","CAD",12.99,,,12.99,"0","","","May-18-26 07:28:42 PDT","Oct-18-26 07:28:42 PDT","Contemporary Manufacture","180506","","","New","","","","","","CA","Does not apply","",""
"147317247157",Hot Wheels Premium Back to Future DeLorean Time Machine 1955 POP Culture Diecast,,HW-BTTF-1955,"2","FIXED_PRICE","CAD",14.75,,,14.75,"1","4","0","May-18-26 08:38:29 PDT","Oct-18-26 08:38:29 PDT","Contemporary Manufacture","180506","","","New","","","","","","CA","194735263172","",""
"147317560075",2009 Matchbox Jeep Willys Military Police X-Team Diecast 1:64 Scale Car,,,"1","FIXED_PRICE","CAD",6.0,,,6.0,"0","0","0","May-18-26 13:22:58 PDT","Oct-18-26 13:22:58 PDT","Contemporary Manufacture","180506","","","Used","","","","","","CA","Does not apply","",""
"147317572013",Apple Lightning to HDMI VGA 3-in-1 Hub Mirror Display iPhone iPad Dockin Station,,,"1","FIXED_PRICE","CAD",8.99,,,8.99,"0","2","0","May-18-26 13:32:35 PDT","Oct-18-26 13:32:35 PDT","USB Cables, Hubs & Adapters","44932","","","Used","","","","","","CA","","",""
"147317575837",Budweiser Beer Collectible Mini Speaker Portable AMP AUX Bar Man Cave Decor,,,"1","FIXED_PRICE","CAD",10.99,,,10.99,"0","1","0","May-18-26 13:39:08 PDT","Oct-18-26 13:39:08 PDT","Budweiser","50738","","","Used","","","","","","CA","","",""
"147317587297",Samsung PS-RT2312 Rear Surround Speakers Pair Replacement Home Theater Black,,,"1","FIXED_PRICE","CAD",28.99,,,28.99,"0","2","0","May-18-26 13:45:48 PDT","Oct-18-26 13:45:48 PDT","Home Speakers & Subwoofers","14990","","","Used","","","","","","CA","","",""
"147317608880",Vintage Alfred Hitchcock Film Classics Collection VHS Tapes Lot Of 5,,,"1","FIXED_PRICE","CAD",21.99,,,21.99,"0","","","May-18-26 14:07:20 PDT","Oct-18-26 14:07:20 PDT","VHS Tapes","309","","","Like New","","","","","","CA","Does not apply","",""
"147317617141",Marilyn Monroe VHS Lot 2 Gentlemen Prefer Blondes River of No Return Classic,,,"1","FIXED_PRICE","CAD",18.99,,,18.99,"0","","","May-18-26 14:11:42 PDT","Oct-18-26 14:11:42 PDT","VHS Tapes","309","","","Like New","","","","","","CA","","",""
"147317618675","The Godfather Part II (VHS, 1986, 2-Tape Set) Al Pacino, Robert De Niro",,,"1","FIXED_PRICE","CAD",10.99,,,10.99,"0","","","May-18-26 14:14:58 PDT","Oct-18-26 14:14:58 PDT","VHS Tapes","309","","","Like New","","","","","","CA","NA","",""
"147318690315","MANDALORIAN Electronic Helmet Talking Mask Cosplay Costume, Star Wars NEW in Box",,,"4","FIXED_PRICE","CAD",19.5,,,19.5,"1","1","0","May-19-26 06:39:59 PDT","Oct-19-26 06:39:59 PDT","Clothing & Accessories","99970","","","New","","","","","","CA","","",""
"147318698219",Hot Wheels Star Wars Mandalorian 1964 GMC Panel Van 4/5 Premium 2023,,,"1","FIXED_PRICE","CAD",5.99,,,5.99,"0","0","0","May-19-26 06:47:32 PDT","Oct-19-26 06:47:32 PDT","Contemporary Manufacture","180506","","","New","","","","","","CA","194735100729","",""
"147318705040",Mandalorian Super Commando Figure VC353 Ahsoka VINTAGE Collection Star Wars NEW,,,"1","FIXED_PRICE","CAD",19.99,,,19.99,"0","0","0","May-19-26 06:51:27 PDT","Oct-19-26 06:51:27 PDT","Action Figures","261068","","","New","","","","","","CA","5010996299260","",""
"147319265676",WWE Knuckle Crunchers Mini Mayhem Ring Bundle Cody Rhodes Seth Rollins John Cena,,,"3","FIXED_PRICE","CAD",26.0,,,26.0,"0","2","0","May-19-26 15:40:08 PDT","Oct-19-26 15:40:08 PDT","Action Figures","261068","","","New","","","","","","CA","194735238903","",""
"147319402719",2018 Hot Wheels The Amazing Spider-Man Spider Mobile HW Screen Time,,,"1","FIXED_PRICE","CAD",13.0,,,13.0,"0","1","0","May-19-26 17:11:01 PDT","Oct-19-26 17:11:01 PDT","Contemporary Manufacture","180506","","","New","","","","","","CA","0027084120134","",""
"147319417454",LEGO Minifigures Series 29 6-Pack Mystery Box CMF Collectible Figures Set 66814,,,"10","FIXED_PRICE","CAD",51.99,,,51.99,"0","","","May-19-26 17:25:41 PDT","Oct-19-26 17:25:41 PDT","LEGO (R) Complete Sets & Packs","19006","","","New","","","","","","CA","","",""
"147319494816",Marvel Legends X-Men 97 - Archangel 6-Inch Figure PRE ORDER JUNE 1 2026,,,"1","FIXED_PRICE","CAD",80.0,,,80.0,"0","","","May-19-26 18:17:56 PDT","Oct-19-26 18:17:56 PDT","Action Figures","261068","","","New","","","","","","CA","5010996352446","",""
"147320769421",2026 Hot Wheels Mercedes-Benz CLA HW EURO (HW2737) Blue & Pink,,,"0","FIXED_PRICE","CAD",6.8,,,6.8,"8","0","0","May-20-26 08:43:00 PDT","Oct-20-26 08:43:00 PDT","Contemporary Manufacture","180506","","","New","","","","","","CA","0027084120134","",""
"147320784746",Hot Wheels 2026 Mainline Case H – Tooned Volkswagen Golf MK1 White,,,"1","FIXED_PRICE","CAD",7.99,,,7.99,"0","0","0","May-20-26 08:48:09 PDT","Oct-20-26 08:48:09 PDT","Contemporary Manufacture","180506","","","New","","","","","","CA","Does not apply","",""
"147320798145",2026 Hot Wheels ‘41 Willys Purple HW Custom Rod Squad Combined Shipping,,,"1","FIXED_PRICE","CAD",6.99,,,6.99,"0","1","0","May-20-26 08:51:39 PDT","Oct-20-26 08:51:39 PDT","Contemporary Manufacture","180506","","","New","","","","","","CA","Does not apply","",""
"147320806420",Hot Wheels 2026 `64 Lincoln Continental - Cool Classics (HW2722) Orange,,,"1","FIXED_PRICE","CAD",6.79,,,6.79,"0","0","0","May-20-26 08:56:12 PDT","Oct-20-26 08:56:12 PDT","Contemporary Manufacture","180506","","","New","","","","","","CA","0194735339372","",""
"147320812234",Hot Wheels 2026 BMW 635 CSi HW Euro White #80 (HW2721),,,"1","FIXED_PRICE","CAD",7.02,,,7.02,"0","","","May-20-26 08:59:32 PDT","Oct-20-26 08:59:32 PDT","Contemporary Manufacture","180506","","","New","","","","","","CA","0027084120134","",""
"147320817269",Hot Wheels 2026 Case G Mario Kart Standard KART Mainline Screen Time,,,"1","FIXED_PRICE","CAD",10.49,,,10.49,"0","0","0","May-20-26 09:06:20 PDT","Oct-20-26 09:06:20 PDT","Contemporary Manufacture","180506","","","New","","","","","","CA","Does not apply","",""
"147320828682",2026 Hot Wheels Ford F-150 Lightning Super Truck First Edition Blue 1/64,,,"0","FIXED_PRICE","CAD",6.99,,,6.99,"3","0","0","May-20-26 09:14:21 PDT","Oct-20-26 09:14:21 PDT","Contemporary Manufacture","180506","","","New","","","","","","CA","Does not apply","",""
"147323357264",Mattel Brick Shop Hot Wheels Custom '90 HONDA CIVIC EF - Speed Series - New,,,"1","FIXED_PRICE","CAD",41.99,,,41.99,"1","5","0","May-21-26 14:27:30 PDT","Oct-21-26 14:27:30 PDT","Contemporary Manufacture","180506","","","New","","","","","","CA","0194735330546","",""
"147323660811",Hot Wheels 2026 ’96 Porsche Carrera Brown Then & Now #98/250 4/10 C Case NEW MOC,,,"1","FIXED_PRICE","CAD",5.99,,,5.99,"0","","","May-21-26 18:04:33 PDT","Oct-21-26 18:04:33 PDT","Contemporary Manufacture","180506","","","New","","","","","","CA","0194735339334","",""
"147327175591",2026 Little People Collector Set! The Simpsons TV Series - Fisher Price In Stock,,,"1","FIXED_PRICE","CAD",35.99,,,35.99,"0","2","0","May-23-26 15:13:12 PDT","Oct-23-26 15:13:12 PDT","Little People (1997-Now)","158744","","","New","","","","","","CA","Does not apply","",""
"147328875162",Vintage Stanley Bailey No. 4 Wood Plane Corrugated Bottom,,,"1","FIXED_PRICE","CAD",69.99,,,69.99,"0","1","0","May-24-26 09:53:11 PDT","Oct-24-26 09:53:11 PDT","Planes","13874","","","Used","","","","","","CA","","",""
"147328877498",Lot Nintendo DS Xbox Games LEGO Ninjago Assassin’s Creed Madden Golden Compass,,,"1","FIXED_PRICE","CAD",18.0,,,18.0,"0","","","May-24-26 09:58:00 PDT","Oct-24-26 09:58:00 PDT","Video Games","139973","","","Like New","","","","","","CA","Not Apply","",""
"147328994912",Antique Adjustable wrench 7” Pat. Sep 1737 Loop Handle PAT'D 737 Farm Tool 1902,,,"1","FIXED_PRICE","CAD",35.0,,,35.0,"0","","","May-24-26 11:20:16 PDT","Oct-24-26 11:20:16 PDT","Mechanics","4122","","","Used","","","","","","CA","","",""
"147329289275",Star Wars Riot Control Baton Force FX 1:1 Life-Size Replica Black Series No Box,,,"1","FIXED_PRICE","CAD",105.0,,,105.0,"1","3","0","May-24-26 14:54:02 PDT","Oct-24-26 14:54:02 PDT","Reproductions","60361","","","","","","","","","CA","","",""
"147329367405",Vintage Stanley Handyman Bailey No. 4 Wood Plane Corrugated Bottom,,,"1","FIXED_PRICE","CAD",67.0,,,67.0,"0","1","0","May-24-26 15:59:10 PDT","Oct-24-26 15:59:10 PDT","Planes","13874","","","Used","","","","","","CA","","",""
"147329459617",McFarlane Helldivers 2 CE-25 Trench Engineer 7” Elite Edition (In Stock NOW!),,,"1","FIXED_PRICE","CAD",82.0,,,82.0,"0","2","0","May-24-26 17:20:26 PDT","Oct-24-26 17:20:26 PDT","Action Figures","261068","","","New","","","","","","CA","","",""
"147330740288",Maisto 1:12 Harley-Davidson 2021 CVO Tri Glide Orange Diecast Motorcycle Model,,,"1","FIXED_PRICE","CAD",21.0,,,21.0,"0","1","0","May-25-26 08:57:59 PDT","Oct-25-26 08:57:59 PDT","Contemporary Manufacture","45348","","","New","","","","","","CA","693039627074","",""
"147330743420",Maisto 1:12 Red 2021 Harley Davidson CVO Tri Glide Diecast Motorcycle Model,,B09TNQ3DJZ,"3","FIXED_PRICE","CAD",19.2,,,19.2,"3","7","0","May-25-26 09:03:14 PDT","Oct-25-26 09:03:14 PDT","Contemporary Manufacture","45348","","","New","","","","","","CA","Does Not Apply","",""
"147333732590",Hot Wheels 67 Mustang Black 189/250 Muscle Mania 3/10 2025 Ford Diecast,,HW-MUSTANG67-189-2025,"0","FIXED_PRICE","CAD",5.98,,,5.98,"2","2","0","May-26-26 17:10:05 PDT","Oct-26-26 17:10:05 PDT","Contemporary Manufacture","180506","","","New","","","","","","CA","Does not apply","",""
"147333732595",Hot Wheels Lotus Sport Elise Orange 160/250 Compact Kings 7/10 2026,,HW-LOTUS-ELISE-160-2026,"1","FIXED_PRICE","CAD",8.99,,,8.99,"1","0","0","May-26-26 17:10:05 PDT","Oct-26-26 17:10:05 PDT","Contemporary Manufacture","180506","","","New","","","","","","CA","Does not apply","",""
"147333732602",Hot Wheels 16 Mercedes-AMG GT3 Yellow 74/250 HW Race Day 1/10 2019,,HW-AMGGT3-74-2019,"1","FIXED_PRICE","CAD",11.0,,,11.0,"0","","","May-26-26 17:10:05 PDT","Oct-26-26 17:10:05 PDT","Contemporary Manufacture","180506","","","New","","","","","","CA","Does not apply","",""
"147333732607",Hot Wheels Nissan Fairlady Z Blue 54/250 Nissan Series 5/5 2019 JDM,,HW-FAIRLADYZ-54-2019,"1","FIXED_PRICE","CAD",11.0,,,11.0,"0","1","0","May-26-26 17:10:05 PDT","Oct-26-26 17:10:05 PDT","Contemporary Manufacture","180506","","","New","","","","","","CA","0027084120134","",""
"147333732608",Hot Wheels ’89 Mercedes-Benz 560 SEC AMG Grey 186/250 Wild Widebody 2/5,,HW-MERC560SEC-186-2025,"1","FIXED_PRICE","CAD",8.0,,,8.0,"0","","","May-26-26 17:10:05 PDT","Oct-26-26 17:10:05 PDT","Contemporary Manufacture","180506","","","New","","","","","","CA","0027084120134","",""
"147333732614",Hot Wheels Mazda RX-3 Gray 108/250 Compact Kings 5/10 2026 JDM Rotary,,HW-RX3-108-2026,"1","FIXED_PRICE","CAD",8.0,,,8.0,"0","","","May-26-26 17:10:05 PDT","Oct-26-26 17:10:05 PDT","Contemporary Manufacture","180506","","","New","","","","","","CA","Does not apply","",""
"147333791816",Hot Wheels 2026 Honda Odyssey HW J-Imports 6/10 (HW2725),,,"1","FIXED_PRICE","CAD",8.99,,,8.99,"0","1","0","May-26-26 17:51:46 PDT","Oct-26-26 17:51:46 PDT","Contemporary Manufacture","180506","","","New","","","","","","CA","0194735339372","",""
"147333794486",2026 Hot Wheels ’17 Audi RS 6 Avant Grey Case H (HW Euro) #66,,,"0","FIXED_PRICE","CAD",6.0,,,6.0,"0","0","0","May-26-26 17:54:27 PDT","Oct-26-26 17:54:27 PDT","Contemporary Manufacture","180506","","","New","","","","","","CA","027084120134","",""
"147333804650",Terreur Sous Mer VHS Francais Promo Warner Bros Cassette Gratuite Rare Quebec,,VHS-TERREUR-MER-FR,"1","FIXED_PRICE","CAD",19.99,,,19.99,"0","","","May-26-26 18:05:30 PDT","Oct-26-26 18:05:30 PDT","VHS Tapes","309","","","Very Good","","","","","","CA","","",""
"147333804651",Spider-Man 2 VHS Francais 2004 Tobey Maguire Alfred Molina Sam Raimi VF Quebec,,VHS-SPIDERMAN2-FR,"0","FIXED_PRICE","CAD",14.0,,,14.0,"2","7","0","May-26-26 18:05:30 PDT","Oct-26-26 18:05:30 PDT","VHS Tapes","309","","","Very Good","","","","","","CA","","",""
"147333804654",Tresor National VHS Francais National Treasure 2005 Nicolas Cage Disney HTF QC,,VHS-TRESOR-NATIONAL-FR,"1","FIXED_PRICE","CAD",50.0,,,50.0,"0","1","0","May-26-26 18:05:30 PDT","Oct-26-26 18:05:30 PDT","VHS Tapes","309","","","Very Good","","","","","","CA","","",""
"147333804657",Lancer Frappe VHS Francais Slapshot 1977 Paul Newman George Roy Hill VF Quebec,,VHS-LANCER-FRAPPE-FR,"1","FIXED_PRICE","CAD",19.99,,,19.99,"0","1","0","May-26-26 18:05:30 PDT","Oct-26-26 18:05:30 PDT","VHS Tapes","309","","","Very Good","","","","","","CA","","",""
"147333804658",Mortal Kombat Aneantissement VHS Francais 1998 Robin Shou Annihilation VF QC,,VHS-MK-ANEANTISSEMENT-FR,"1","FIXED_PRICE","CAD",12.99,,,12.99,"0","0","0","May-26-26 18:05:30 PDT","Oct-26-26 18:05:30 PDT","VHS Tapes","309","","","Very Good","","","","","","CA","","",""
"147333804659",Terminator VHS Francais 1984 Arnold Schwarzenegger James Cameron Linda Hamilton,,VHS-TERMINATOR1-FR,"1","FIXED_PRICE","CAD",14.99,,,14.99,"0","","","May-26-26 18:05:30 PDT","Oct-26-26 18:05:30 PDT","VHS Tapes","309","","","Very Good","","","","","","CA","","",""
"147333804660",X2 X-Men Unis VHS Francais Edition Speciale 2003 Hugh Jackman Wolverine VF QC,,VHS-X2-FR-SPEC,"1","FIXED_PRICE","CAD",12.99,,,12.99,"0","","","May-26-26 18:05:30 PDT","Oct-26-26 18:05:30 PDT","VHS Tapes","309","","","Very Good","","","","","","CA","","",""
"147333804664",Marche ou Creve VHS Francais Die Hard 3 1995 Bruce Willis Jeremy Irons VF QC,,VHS-DIE-HARD3-FR,"1","FIXED_PRICE","CAD",14.99,,,14.99,"0","","","May-26-26 18:05:30 PDT","Oct-26-26 18:05:30 PDT","VHS Tapes","309","","","Very Good","","","","","","CA","","",""
"147333804665",Godzilla VHS Francais 1998 Jaquette Oeil Rouge Matthew Broderick Jean Reno VF,,VHS-GODZILLA-FR,"1","FIXED_PRICE","CAD",12.99,,,12.99,"0","","","May-26-26 18:05:30 PDT","Oct-26-26 18:05:30 PDT","VHS Tapes","309","","","Very Good","","","","","","CA","","",""
"147333804666",Empire Contre Attaque VHS Francais Edition Speciale 1997 Star Wars V Hamill Ford,,VHS-EMPIRE-FR-SPEC,"1","FIXED_PRICE","CAD",24.0,,,24.0,"0","","","May-26-26 18:05:30 PDT","Oct-26-26 18:05:30 PDT","VHS Tapes","309","","","Very Good","","","","","","CA","","",""
"147333804667",Alien La Resurrection VHS Francais 1997 Sigourney Weaver Winona Ryder VF QC,,VHS-ALIEN-RESURRECT-FR,"1","FIXED_PRICE","CAD",12.99,,,12.99,"0","","","May-26-26 18:05:30 PDT","Oct-26-26 18:05:30 PDT","VHS Tapes","309","","","Very Good","","","","","","CA","","",""
"147333804669",Terminator 2 Jugement Dernier VHS Francais 1991 Schwarzenegger Cameron VF QC,,VHS-T2-FR,"0","FIXED_PRICE","CAD",14.99,,,14.99,"1","1","0","May-26-26 18:05:30 PDT","Oct-26-26 18:05:30 PDT","VHS Tapes","309","","","Very Good","","","","","","CA","0065935910657","",""
"147333804670",RARE The Accident Mini VHS Cal Vista General Gilles Villeneuve Formula 1 OOP,,VHS-CALVISTA-ACCIDENT,"1","FIXED_PRICE","CAD",75.99,,,75.99,"0","1","0","May-26-26 18:05:30 PDT","Oct-26-26 18:05:30 PDT","VHS Tapes","309","","","Very Good","","","","","","CA","","",""
"147335941143",Transformers X Hot Wheels Collaborative GT-Scorcher & El Segundo Coupe PREORDER,,,"1","FIXED_PRICE","CAD",125.0,,,125.0,"0","4","0","May-27-26 17:43:00 PDT","Oct-27-26 17:43:00 PDT","Action Figures","261068","","","New","","","","","","CA","","",""
"147336844203",HASBRO Dungeons & Dragons Figure Of Hank NEW 2025,,,"9","FIXED_PRICE","CAD",16.99,,,16.99,"1","2","0","May-28-26 05:22:36 PDT","Oct-28-26 05:22:36 PDT","Action Figures","261068","","","New","","","","","","CA","5010994192617","",""
"147336979135",Hot Wheels Japan Historics '77 Toyota Celica Premium Diecast Car Culture,,,"1","FIXED_PRICE","CAD",13.25,,,13.25,"0","","","May-28-26 07:04:57 PDT","Oct-28-26 07:04:57 PDT","Contemporary Manufacture","180506","","","New","","","","","","CA","Does not apply","",""
"147337110291","Star Wars Black Series The Stranger Qimir #10 6"" Figure The Acolyte Sealed NIB",,,"4","FIXED_PRICE","CAD",63.0,,,63.0,"12","51","0","May-28-26 08:45:12 PDT","Oct-28-26 08:45:12 PDT","Action Figures","261068","","","New","","","","","","CA","5010996314154","",""
"147337534987",HASBRO Dungeons & Dragons  Figure Of Diana NEW 2025,,,"5","FIXED_PRICE","CAD",14.99,,,14.99,"1","1","0","May-28-26 13:51:45 PDT","Oct-28-26 13:51:45 PDT","Action Figures","261068","","","New","","","","","","CA","5010994192617","",""
"147337569341",2026 Matchbox Collectors 2004 Maserati MC12 #14/20 Case G Diecast,,,"1","FIXED_PRICE","CAD",16.49,,,16.49,"1","1","0","May-28-26 14:11:09 PDT","Oct-28-26 14:11:09 PDT","Contemporary Manufacture","180506","","","New","","","","","","CA","Does not apply","",""
"147337571150",2026 Matchbox Collectors 2023 Audi RS 6 Avant #13/20 White Case G Diecast,,,"1","FIXED_PRICE","CAD",16.49,,,16.49,"0","2","0","May-28-26 14:15:11 PDT","Oct-28-26 14:15:11 PDT","Contemporary Manufacture","180506","","","New","","","","","","CA","Does not apply","",""
"147339815033",2026 Matchbox Collectors 1992 Mazda Autozam Az-1 Silver #15 / 20 Diecast,,,"1","FIXED_PRICE","CAD",17.0,,,17.0,"0","0","0","May-29-26 16:31:06 PDT","Oct-29-26 16:31:06 PDT","Contemporary Manufacture","180506","","","New","","","","","","CA","Does not apply","",""
"147339964626",Star Wars Jawa Life Size 1:1 LED Eyes Sound Replica Full-Scale Display Statue,,,"1","FIXED_PRICE","CAD",2599.99,,,2599.99,"0","12","0","May-29-26 18:34:12 PDT","Oct-29-26 18:34:12 PDT","Other Star Wars Collectibles","154","","","Used","","","","","","CA","","",""
"147340929207",Star Wars Black Series The Stranger Helmet The Acolyte Electronic Mask - NEW,,,"1","FIXED_PRICE","CAD",145.0,,,145.0,"0","5","0","May-30-26 07:13:30 PDT","Oct-30-26 07:13:30 PDT","Action Figures","261068","","","New","","","","","","CA","5010996320179","",""
"147341050676",Star Wars The Black Series Prop Replica Trapper Wolf Electronic Helmet Open Box,,,"1","FIXED_PRICE","CAD",120.0,,,120.0,"0","4","0","May-30-26 08:34:48 PDT","Oct-30-26 08:34:48 PDT","Action Figures","261068","","","New","","","","","11055452712","CA","","",""
"147342885461",Star Wars: The Mandalorian & Grogu The Black Series Garazeb Zeb Orrelios Presale,,,"4","FIXED_PRICE","CAD",60.0,,,60.0,"1","9","0","May-31-26 06:55:06 PDT","Oct-31-26 06:55:06 PDT","Action Figures","261068","","","New","","","","","","CA","","",""
"147343152898",K-Pop Demon Hunters Keychain Mira Devil Cute Collectible Bag Charm Random Color,,,"1","FIXED_PRICE","CAD",8.99,,,8.99,"0","","","May-31-26 10:33:28 PDT","Oct-31-26 10:33:28 PDT","Keychains","261057","","","New","","","","","","CA","","",""
"147343184397",Gumby & Pokey Bendable Action Figures Set Of 2 - NJCroce 2014,,,"1","FIXED_PRICE","CAD",38.0,,,38.0,"0","3","0","May-31-26 10:58:37 PDT","Oct-31-26 10:58:37 PDT","Action Figures","261068","","","New","","","","","","CA","054382011161","",""
"147343443252",Hot Wheels Premium Fast and Furious 2010 BMW M5 Black - 25th Anniversary (2026),,,"2","FIXED_PRICE","CAD",10.99,,,10.99,"5","2","0","May-31-26 14:17:18 PDT","Oct-31-26 14:17:18 PDT","Contemporary Manufacture","180506","","","New","","","","","","CA","194735337071","",""
"147343444588",2026 Hot Wheels Premium Pop Culture - Forza '66 Porsche 906 Carrera 6,,,"1","FIXED_PRICE","CAD",15.99,,,15.99,"0","1","0","May-31-26 14:18:12 PDT","Oct-31-26 14:18:12 PDT","Contemporary Manufacture","180506","","","New","","","","","","CA","0194735337316","",""
"147343447969",2026 Hot Wheels Thrill Climbers - Subaru WRX & Mitsubishi Lancer Evo VI NEW,,,"0","FIXED_PRICE","CAD",28.99,,,28.99,"1","2","0","May-31-26 14:24:33 PDT","Oct-31-26 14:24:33 PDT","Contemporary Manufacture","180506","","","New","","","","","","CA","Does not apply","",""
"147343466730",Hot Wheels Premium Thrill Climbers Mitsubishi Lancer Evolution VI,,,"1","FIXED_PRICE","CAD",12.99,,,12.99,"0","3","0","May-31-26 14:37:02 PDT","Oct-31-26 14:37:02 PDT","Contemporary Manufacture","180506","","","New","","","","","","CA","Does not apply","",""
"147343468206",Hot Wheels Premium Car Culture Thrill Climbers Subaru Impreza WRX,,,"0","FIXED_PRICE","CAD",12.99,,,12.99,"1","1","0","May-31-26 14:38:41 PDT","Oct-31-26 14:38:41 PDT","Contemporary Manufacture","180506","","","New","","","","","","CA","194735347902","",""
"147343470762",HOT WHEELS Car Culture Thrill Climbers MERCEDES-BENZ 300 SEL 6.8 AMG NEW,,,"0","FIXED_PRICE","CAD",12.99,,,12.99,"0","","","May-31-26 14:43:11 PDT","Oct-31-26 14:43:11 PDT","Contemporary Manufacture","180506","","","New","","","","","","CA","194735347834","",""
"147343577531",Hot Wheels 2023 Red Nissan 350Z HW J-Imports #46 NISMO Nissan Z 370z 300zx,,,"1","FIXED_PRICE","CAD",13.0,,,13.0,"0","","","May-31-26 16:07:34 PDT","Oct-31-26 16:07:34 PDT","Contemporary Manufacture","180506","","","New","","","","","","CA","Does not apply","",""
"147343590802",Hot Wheels Nissan Skyline LB-Silhouette Works 35GT-RR White Dream Garage - Mint,,,"1","FIXED_PRICE","CAD",8.99,,,8.99,"0","2","0","May-31-26 16:12:07 PDT","Oct-31-26 16:12:07 PDT","Contemporary Manufacture","180506","","","New","","","","","","CA","0027084120134","",""
"147345258723","G.I. Joe Classified Series #203, Cobra Destro & Iron Grenadier Despoiler Instock",,,"1","FIXED_PRICE","CAD",172.0,,,172.0,"0","2","0","Jun-01-26 09:39:47 PDT","Nov-01-26 09:39:47 PST","Action Figures","261068","","","New","","","","","","CA","Does not apply","",""
"147346328259",Jurassic World 2-Pack of Dinosaur Figures Giganotosaurus & Therizinosaurus - New,,,"1","FIXED_PRICE","CAD",65.0,,,65.0,"0","1","0","Jun-01-26 20:34:35 PDT","Nov-01-26 20:34:35 PST","Action Figures","261068","","","New","","","","","","CA","","",""
"147347760460","2026 MATCHBOX TOYOTA Lot Of 3 LANDCRUISER 78, RAV4 TRD & RAV4 Diecast",,,"1","FIXED_PRICE","CAD",12.99,,,12.99,"0","","","Jun-02-26 13:28:50 PDT","Nov-02-26 13:28:50 PST","Contemporary Manufacture","180506","","","New","","","","","","CA","Does not apply","",""
"147347966246",McFarlane DC Multiverse - Joker Bank Robber (The Dark Knight) Vault Serie PRESAL,,,"5","FIXED_PRICE","CAD",45.0,,,45.0,"1","21","0","Jun-02-26 16:08:46 PDT","Nov-02-26 16:08:46 PST","Action Figures","261068","","","New","","","","","","CA","","",""
"147347999797",Mortal Kombat Klassic Sub-Zero Ice Clone & Reptile Clear Exclusive Set - Presale,,,"5","FIXED_PRICE","CAD",96.0,,,96.0,"0","0","0","Jun-02-26 16:35:48 PDT","Nov-02-26 16:35:48 PST","Action Figures","261068","","","New","","","","","","CA","","",""
"147348006732",McFarlane DC Retro Super Friends Evil Wonder Woman Chase 6” DC Comics In Hands,,,"4","FIXED_PRICE","CAD",40.03,,,40.03,"14","31","0","Jun-02-26 16:47:33 PDT","Nov-02-26 16:47:33 PST","Action Figures","261068","","","New","","","","","","CA","","",""
"147348022600",McFarlane DC Batman Phantom Zone Retro Super Friends 6″ Figure Chase - In Hands,,,"3","FIXED_PRICE","CAD",31.93,,,31.93,"3","6","0","Jun-02-26 16:56:34 PDT","Nov-02-26 16:56:34 PST","Action Figures","261068","","","New","","","","","","CA","","",""
"147348061054",McFarlane DC Retro Super Friends Complete Wave 5 Set 6 Figures & Chase In Hands,,,"1","FIXED_PRICE","CAD",318.0,,,318.0,"4","17","0","Jun-02-26 17:22:46 PDT","Nov-02-26 17:22:46 PST","Action Figures","261068","","","New","","","","","","CA","","",""
"147349429936",Florida Panthers Reebok NHL Ice Hockey Navy Polo Shirt Adult Men's Large Playdry,,,"1","FIXED_PRICE","CAD",41.0,,,41.0,"0","1","0","Jun-03-26 07:50:17 PDT","Nov-03-26 07:50:17 PST","Activewear Tops","185076","","","Pre-owned - Excellent","","","","","","CA","","",""
"147349465846",Star Wars: The Mandalorian & Grogu The Black Series Garazeb Embo #10 Presale,,,"2","FIXED_PRICE","CAD",50.0,,,50.0,"2","13","0","Jun-03-26 08:25:18 PDT","Nov-03-26 08:25:18 PST","Action Figures","261068","","","New","","","","","","CA","","",""
"147351633000",Hot Wheels Silver Series Fast And Furious 1999 Subaru Impreza Red Dream Lineup,,,"1","FIXED_PRICE","CAD",9.99,,,9.99,"1","0","0","Jun-04-26 09:44:44 PDT","Nov-04-26 09:44:44 PST","Contemporary Manufacture","180506","","","New","","","","","","CA","Does not apply","",""
"147351766268",Hot Wheels Premium Fast & Furious Mitsubishi Lancer Evolution IX Red 2/5 Mattel,,,"1","FIXED_PRICE","CAD",18.99,,,18.99,"3","6","0","Jun-04-26 11:20:57 PDT","Nov-04-26 11:20:57 PST","Contemporary Manufacture","180506","","","New","","","","","","CA","Does not apply","",""
"147351771791",2026 HOT WHEELS Silver Series - Audi 90 Quattro White & Red 1/5,,,"1","FIXED_PRICE","CAD",11.5,,,11.5,"3","1","0","Jun-04-26 11:28:43 PDT","Nov-04-26 11:28:43 PST","Contemporary Manufacture","180506","","","New","","","","","","CA","Does not apply","",""
"147351790484",2026 Hot Wheels Silver Series Audi R8 LMS Silver 2/5 Audi Series,,,"1","FIXED_PRICE","CAD",7.0,,,7.0,"1","0","0","Jun-04-26 11:37:45 PDT","Nov-04-26 11:37:45 PST","Contemporary Manufacture","180506","","","New","","","","","","CA","Does Not Apply","",""
"147351891820",Marvel Doctor Doom 1:6th Scale Collectible Future Foundation Gold Label Presale,,,"1","FIXED_PRICE","CAD",82.0,,,82.0,"0","4","0","Jun-04-26 12:48:21 PDT","Nov-04-26 12:48:21 PST","Action Figures","261068","","","New","","","","","","CA","787926148473","",""
"147352272458",McFarlane DC Retro Super Friends Wonder Woman 6” Figure DC Comics In Hands,,,"1","FIXED_PRICE","CAD",31.93,,,31.93,"5","13","0","Jun-04-26 18:12:21 PDT","Nov-04-26 18:12:21 PST","Action Figures","261068","","","New","","","","","","CA","","",""
"147355838696",Star Wars The Black Series Clone Lieutenant Galle #03 Revenge of the Sith Figure,,,"1","FIXED_PRICE","CAD",39.0,,,39.0,"1","1","0","Jun-06-26 08:23:05 PDT","Oct-06-26 08:23:05 PDT","Action Figures","261068","","","New","","","","","","CA","5010996314185","",""
"147355902487",Electronic Robot Dog Toy Kids Interactive Plush Puppy Realistic Gift New,,,"10","FIXED_PRICE","CAD",5.99,,,5.99,"0","","","Jun-06-26 09:13:16 PDT","Oct-06-26 09:13:16 PDT","Other Interactive Toys","232","","","New","","","","","","CA","Does not apply","",""
"147355902488",Hot Wheels Treasure Hunt 1978 Dodge Lil Red Express Truck 5/10 New,,,"1","FIXED_PRICE","CAD",15.99,,,15.99,"0","1","0","Jun-06-26 09:13:16 PDT","Oct-06-26 09:13:16 PDT","Contemporary Manufacture","180506","","","New","","","","","","CA","Does not apply","",""
"147355902489",Maisto Tech RC Ferrari SF-23 F1 Leclerc #16 1:24 Scale Remote Control 2.4GHz New,,,"1","FIXED_PRICE","CAD",50.0,,,50.0,"0","","","Jun-06-26 09:13:16 PDT","Oct-06-26 09:13:16 PDT","Cars, Trucks & Motorcycles","182183","","","New","","","","","","CA","Does not apply","",""
"147355902490","Batman 85th Anniversary 4"" Action Figure 3-Pack DC Comics Collector Gift New",,,"3","FIXED_PRICE","CAD",35.99,,,35.99,"0","","","Jun-06-26 09:13:16 PDT","Oct-06-26 09:13:16 PDT","Action Figures","261068","","","New","","","","","","CA","681147031616","",""
"147355902491",Sonic the Hedgehog 3 Sega Genesis Diorama Carnival Night Zone Collectible New,,,"1","FIXED_PRICE","CAD",14.0,,,14.0,"0","2","0","Jun-06-26 09:13:16 PDT","Oct-06-26 09:13:16 PDT","Video Games","139973","","","Brand New","","","","","","CA","990311800010","",""
"147355902492",Lasko 5538 Tower Heater Ceramic 1500W Remote Control Oscillating Indoor New,,,"1","FIXED_PRICE","CAD",66.0,,,66.0,"0","","","Jun-06-26 09:13:16 PDT","Oct-06-26 09:13:16 PDT","Space Heaters","20613","","","New","","","","","12014966226","CA","0046013766151","",""
"147355902493",Adidas White Fleece Hoodie Men XL 3-Stripes Pullover Sweatshirt Preowned,,,"1","FIXED_PRICE","CAD",8.0,,,8.0,"0","0","0","Jun-06-26 09:13:16 PDT","Oct-06-26 09:13:16 PDT","Coats, Jackets & Vests","57988","","","Pre-owned - Good","","","","","2331397566","CA","0191980524478","",""
"147355902494",Sega Genesis Altered Beast Mini Diorama Collectible Retro Gaming Decor 2025 New,,,"1","FIXED_PRICE","CAD",13.6,,,13.6,"0","","","Jun-06-26 09:13:16 PDT","Oct-06-26 09:13:16 PDT","Action Figures","261068","","","New","","","","","","CA","Does Not Apply","",""
"147355904493",WWE Elite John Cena 2025 Collector Edition Invisible Hands Action Figure New,,,"1","FIXED_PRICE","USD",39.0,,,39.0,"0","","","Jun-06-26 09:16:10 PDT","Oct-06-26 09:16:10 PDT","Action Figures","261068","","","New","","","","","","US","194735322626","",""
"147355906859",Terminator 2 T-800 Skull Box Nemesis Now Polyresin Collectible Figure New,,,"5","FIXED_PRICE","USD",90.0,,,90.0,"0","1","0","Jun-06-26 09:19:02 PDT","Oct-06-26 09:19:02 PDT","Action Figures","261068","","","New","","","","","","US","801269064785","",""
"147355998276",Darth Vader Latex Replica Full Head Mask Vintage Adult Star Wars Halloween 1997,,,"1","FIXED_PRICE","CAD",62.0,,,62.0,"0","","","Jun-06-26 10:31:28 PDT","Oct-06-26 10:31:28 PDT","Clothing & Accessories","99970","","","Used","","","","","","CA","","",""
"147356004108",Millennium Falcon Kessel Run Star Wars Hasbro Electronic Light Sound Vibration,,,"1","FIXED_PRICE","CAD",25.0,,,25.0,"0","1","0","Jun-06-26 10:39:37 PDT","Oct-06-26 10:39:37 PDT","Action Figures","261068","","","Used","","","","","","CA","","",""
"147356018803",Star Wars 3.75 Speeder Bike Lot Scarif Stormtrooper AT-DP Pilot Rogue One Rebels,,,"1","FIXED_PRICE","CAD",45.0,,,45.0,"0","4","0","Jun-06-26 10:51:19 PDT","Oct-06-26 10:51:19 PDT","Action Figures","261068","","","Used","","","","","","CA","630509420810","",""
"147356248474","Mortal Kombat Klassic Ermac 7"" Action Figure McFarlane Toys (2026)  - Ship Now",,,"1","FIXED_PRICE","CAD",44.0,,,44.0,"0","1","0","Jun-06-26 13:43:56 PDT","Oct-06-26 13:43:56 PDT","Action Figures","261068","","","New","","","","","","CA","787926118124","",""
"147356769186",Shipping Container UPS Miniature 1:20 Scale Diorama Tin Model Storage Box Cargo,,,"10","FIXED_PRICE","CAD",14.99,,,14.99,"0","2","0","Jun-06-26 19:21:10 PDT","Oct-06-26 19:21:10 PDT","Dioramas","166800","","","New","","","","","","CA","Does not apply","",""
"147357615189",Playmobil Naruto Shippuden Hidan Building Set 71106 NEW IN STOCK,,,"3","FIXED_PRICE","CAD",12.5,,,12.5,"0","","","Jun-07-26 05:41:40 PDT","Oct-07-26 05:41:40 PDT","Building Toy Complete Sets & Packs","258040","","","New","","","","","","CA","","",""
"147358045427",POKÉMON TCG MEGA EVOLUTION SET 4 - CHAOS RISING ELITE TRAINER BOX,,,"1","FIXED_PRICE","CAD",150.0,,,150.0,"0","2","0","Jun-07-26 11:07:52 PDT","Oct-07-26 11:07:52 PDT","CCG Sealed Boxes","261044","","","New/Factory Sealed","","","","","","CA","","",""
"147358211703",FurReal Millie My Lovin Pup 2025 Hasbro Interactive Dog Talk Move 150 + Sounds,,,"1","FIXED_PRICE","CAD",290.0,,,290.0,"1","34","0","Jun-07-26 13:13:00 PDT","Oct-07-26 13:13:00 PDT","Other Interactive Toys","232","","","New","","","","","","CA","886144281648","",""
"147358239535",KidKraft Lakeview Villa Wooden Dollhouse Greenhouse 60 Pieces 5FT Tall New Box,,,"1","FIXED_PRICE","CAD",399.99,,,399.99,"0","6","0","Jun-07-26 13:41:14 PDT","Oct-07-26 13:41:14 PDT","Dollhouse Size","19179","","","New","","","","","","CA","Does not apply","",""
"147358596912",McFarlane Movie Maniacs Neo Matrix WB Celebrating 100 Years 7” Figure (2024),,,"1","FIXED_PRICE","CAD",42.0,,,42.0,"0","1","0","Jun-07-26 17:56:52 PDT","Oct-07-26 17:56:52 PDT","Action Figures","261068","","","New","","","","","","CA","0787926140088","",""
"147359995507","Hot Wheels '18 Ford Mustang RTR Spec 5, Silver Series, 1:64 Scale Diecast, Gray",,,"1","FIXED_PRICE","CAD",10.25,,,10.25,"1","2","0","Jun-08-26 09:13:06 PDT","Oct-08-26 09:13:06 PDT","Contemporary Manufacture","180506","","","New","","","","","","CA","0194735266135","",""
"147360614117",FedEx Express Shipping Container 1:20 Scale Miniature Diorama Model Replica New,,,"10","FIXED_PRICE","CAD",16.0,,,16.0,"0","3","0","Jun-08-26 16:19:42 PDT","Oct-08-26 16:19:42 PDT","Dioramas","166800","","","New","","","","","","CA","Does not apply","",""
"147360640402",2026 Hot Wheels Corvette C7 Z06 Night Speed 9/10 Pink 113/250 Brand New Diecast,,,"1","FIXED_PRICE","CAD",6.19,,,6.19,"0","3","0","Jun-08-26 16:47:37 PDT","Oct-08-26 16:47:37 PDT","Contemporary Manufacture","180506","","","New","","","","","","CA","027084120134","",""
"147360645390",2026 Hot Wheels 1966 Bat Boat Batman Series #3/5 Black S30,,,"0","FIXED_PRICE","CAD",7.0,,,7.0,"2","1","0","Jun-08-26 16:49:19 PDT","Oct-08-26 16:49:19 PDT","Contemporary Manufacture","180506","","","New","","","","","","CA","na","",""
"147360657309",2026 Hot Wheels Aston Martin Vantage GT3 Metallic Green 2024 - HW Exoticars #125,,,"1","FIXED_PRICE","CAD",4.99,,,4.99,"0","","","Jun-08-26 16:52:12 PDT","Oct-08-26 16:52:12 PDT","Contemporary Manufacture","180506","","","New","","","","","","CA","0027084120134","",""
"147360658858",2026 Hot Wheels 2019 Audi R8 Spyder Black 130/250 Mint Card / Case E,,,"1","FIXED_PRICE","CAD",4.99,,,4.99,"1","0","0","Jun-08-26 16:54:32 PDT","Oct-08-26 16:54:32 PDT","Contemporary Manufacture","180506","","","New","","","","","","CA","0027084120134","",""
"147362796281",McFarlane DC Batman The Animated Series VENTRILOQUIST & SCARFACE Figure BTAS BAF,,,"2","FIXED_PRICE","CAD",69.0,,,69.0,"7","27","0","Jun-09-26 10:29:45 PDT","Oct-09-26 10:29:45 PDT","Action Figures","261068","","","New","","","","","","CA","787926179699","",""
"147363451989",Fisher Price Little People Collector SEINFELD Special Edition Set *NEW In Box,,,"1","FIXED_PRICE","CAD",16.8,,,16.8,"1","4","0","Jun-09-26 16:02:20 PDT","Oct-09-26 16:02:20 PDT","Little People (1997-Now)","158744","","","New","","","","","","CA","194735007141","",""
"147363470665","Sealy Cooling Gel Contour Memory Foam Pillow, 28"" L x 18"" W x 5"" H + Cool Cover",,,"1","FIXED_PRICE","CAD",45.0,,,45.0,"0","","","Jun-09-26 16:14:19 PDT","Oct-09-26 16:14:19 PDT","Bed Pillows","20445","","","New with tags","","","","","","CA","8 10143 39313 2","",""
"147364880256",Hot Wheels Premium POP Culture Jurassic Park '92 Jeep Wrangler Sahara Diecast,,,"1","FIXED_PRICE","CAD",19.0,,,19.0,"2","3","0","Jun-10-26 06:27:10 PDT","Oct-10-26 06:27:10 PDT","Contemporary Manufacture","180506","","","New","","","","","","CA","0194735263080","",""
"147365677681",Pokemon Battle Figures Lot Of 3 Jazwares NEW Pikachu Squirtle Charmander,,,"1","FIXED_PRICE","CAD",23.99,,,23.99,"0","1","0","Jun-10-26 15:57:45 PDT","Oct-10-26 15:57:45 PDT","Action Figures","261068","","","New","","","","","","CA","","",""
"147366819646",Hot Wheels Premium - Pop Culture Forza 2016 Ford GT Race/Course (BBJBL67),,,"4","FIXED_PRICE","CAD",9.99,,,9.99,"0","0","0","Jun-11-26 05:47:36 PDT","Oct-11-26 05:47:36 PDT","Contemporary Manufacture","180506","","","New","","","","","","CA","Does not apply","",""
"147366834685",Hot Wheels Premium Pop Culture Gran Turismo Lamborghini Huracan LP 620-2 Super,,,"4","FIXED_PRICE","CAD",10.99,,,10.99,"0","1","0","Jun-11-26 05:51:52 PDT","Oct-11-26 05:51:52 PDT","Contemporary Manufacture","180506","","","New","","","","","","CA","Does Not Apply","",""
"147366839913",2025 Hot Wheels Premium Pop Culture Mission: Impossible 2021 BMW M5,,,"3","FIXED_PRICE","CAD",12.75,,,12.75,"2","4","0","Jun-11-26 06:00:17 PDT","Oct-11-26 06:00:17 PDT","Contemporary Manufacture","180506","","","New","","","","","","CA","194735263059","",""
"147373786640",2 Dozen Prior Gen TaylorMade Distance+ Golf Balls - Non-retail packaging,,,"1","FIXED_PRICE","CAD",40.0,,,40.0,"0","","","Jun-14-26 09:35:24 PDT","Oct-14-26 09:35:24 PDT","Golf Balls","18924","","","New","","","","","11044303673","CA","0192371332481","",""
"147374035929",NECA TMNT The Last Ronin: Lost Years GRAMMY APRIL & BABY YI & MOJA Figure Set,,,"1","FIXED_PRICE","CAD",34.75,,,34.75,"0","4","0","Jun-14-26 12:31:00 PDT","Oct-14-26 12:31:00 PDT","Action Figures","261068","","","New","","","","","","CA","634482544129","",""
"147374047630",Vintage Barbie Snack Shop Mattel Arco Toys 1992 + Huge VTG Clothes & Accessories,,,"1","FIXED_PRICE","CAD",74.0,,,74.0,"0","3","0","Jun-14-26 12:46:54 PDT","Oct-14-26 12:46:54 PDT","Houses & Furniture","180102","","","New","","","","","","CA","Does Not Apply","",""
"147374094693",Bakugan Battle Brawlers DVD Vol 1 & 5 2009 Teletoon Anime Series,,,"1","FIXED_PRICE","CAD",24.9,,,24.9,"0","","","Jun-14-26 13:23:39 PDT","Oct-14-26 13:23:39 PDT","DVDs & Blu-ray Discs","617","","","Like New","","","","","74168382","CA","0776974277655","",""
"147374316311",Luke Skywalker Imperial Light Cruiser VC264 STAR WARS Vintage Collection NEW,,,"1","FIXED_PRICE","CAD",49.0,,,49.0,"0","4","0","Jun-14-26 16:28:17 PDT","Oct-14-26 16:28:17 PDT","Action Figures","261068","","","New","","","","","","CA","Does not apply","",""
"147374424727",McFarlane CYBORG SUPERMAN Green Vault Collection DC Multiverse Pre order,,,"1","FIXED_PRICE","CAD",63.0,,,63.0,"0","6","0","Jun-14-26 17:35:34 PDT","Oct-14-26 17:35:34 PDT","Action Figures","261068","","","New","","","","","","CA","787926174441","",""
"147377336209",Thomas & Friends Hyper Glow In The Dark Thomas Motorized Glowing Track FVJ73,,,"2","FIXED_PRICE","CAD",29.0,,,29.0,"1","11","0","Jun-15-26 21:25:18 PDT","Oct-15-26 21:25:18 PDT","Action Figures","261068","","","New","","","","","","CA","887961660333","",""
"147379516215",Vintage 1975 Great Mazinger Popy Japan Diecast Robot - Functional Rocket Punch!,,,"1","FIXED_PRICE","CAD",160.0,,,160.0,"0","3","0","Jun-16-26 18:00:05 PDT","Oct-16-26 18:00:05 PDT","Other Vintage & Antique Toys","30","","","Used","","","","","","CA","","",""
"147379576370",Stranger Things Chronicles 1985 McDonald's Happy Meal Toys Max & Demodog,,,"1","FIXED_PRICE","CAD",9.99,,,9.99,"0","","","Jun-16-26 18:32:20 PDT","Oct-16-26 18:32:20 PDT","Fast Food","767","","","New","","","","","","CA","","",""
"147379649658",Transformers EarthRise WFC-E31 Prowl Deluxe Edition Complete Classics Toys 2010,,,"1","FIXED_PRICE","CAD",37.0,,,37.0,"0","1","0","Jun-16-26 19:06:19 PDT","Oct-16-26 19:06:19 PDT","Action Figures","261068","","","Used","","","","","","CA","","",""
"147383421235",2026 Hot Wheels Silver Series Audi RS 5 Coupe Orange Audi Series 3/5 Mint Card,,,"2","FIXED_PRICE","CAD",7.05,,,7.05,"0","2","0","Jun-18-26 05:51:00 PDT","Oct-18-26 05:51:00 PDT","Contemporary Manufacture","180506","","","New","","","","","","CA","Does Not Apply","",""
"147383425195","Hot Wheels 2026, Audi Silver Series, Audi RS E-Tron GT (HW2765)",,,"2","FIXED_PRICE","CAD",6.99,,,6.99,"0","","","Jun-18-26 05:53:42 PDT","Oct-18-26 05:53:42 PDT","Contemporary Manufacture","180506","","","New","","","","","","CA","0887961911077","",""
"147383437975",Mcfarlane Batman The Animated Series BATS JERVIS TETCH BAF Clock King DC Direct,,,"1","FIXED_PRICE","CAD",69.99,,,69.99,"0","12","0","Jun-18-26 06:06:19 PDT","Oct-18-26 06:06:19 PDT","Action Figures","261068","","","New","","","","","","CA","0787926179682","",""
"147384160542",Hot Wheels Ferrari SF90 Stradale Blue HW Ferrari 1/5 Mainline #41/250 JJJ12,,,"1","FIXED_PRICE","CAD",5.99,,,5.99,"0","","","Jun-18-26 13:43:21 PDT","Oct-18-26 13:43:21 PDT","Contemporary Manufacture","180506","","","New","","","","","","CA","0027084120134","",""
"147384163491",2026 Hot Wheels Datsun 240Z Orange Mainline Then And Now #72/250,,,"1","FIXED_PRICE","CAD",5.99,,,5.99,"1","0","0","Jun-18-26 13:46:55 PDT","Oct-18-26 13:46:55 PDT","Contemporary Manufacture","180506","","","New","","","","","","CA","194735339327","",""
"147384175065",2023 Hot Wheels Disney Pixar LightYEAR THE ARMADILLO #79/250 HW Screen Time #5,,,"1","FIXED_PRICE","CAD",11.25,,,11.25,"0","","","Jun-18-26 13:49:58 PDT","Oct-18-26 13:49:58 PDT","Contemporary Manufacture","180506","","","New","","","","","","CA","Does not apply","",""
"147384178753",Hot Wheels 1986 Toyota Van HW J-Imports Series #6/10 Diecast 1:64 Scale New,,,"1","FIXED_PRICE","CAD",13.0,,,13.0,"0","1","0","Jun-18-26 13:52:07 PDT","Oct-18-26 13:52:07 PDT","Contemporary Manufacture","180506","","","New","","","","","","CA","194735103072","",""
"147384180841",‘83 Chevy Silverado Black Widow 2025 Hot Wheels HW Truckin’ Along 42/250 3/5,,,"0","FIXED_PRICE","CAD",8.0,,,8.0,"1","0","0","Jun-18-26 13:55:18 PDT","Oct-18-26 13:55:18 PDT","Contemporary Manufacture","180506","","","New","","","","","","CA","Does not apply","",""
"147384182359",Hot Wheels Optimus Prime Transformers Screentime 2025 Car Diecast 1:64 Mint,,,"0","FIXED_PRICE","CAD",9.35,,,9.35,"1","0","0","Jun-18-26 13:59:22 PDT","Oct-18-26 13:59:22 PDT","Contemporary Manufacture","180506","","","New","","","","","","CA","0027084120134","",""
"147384288264",Hot Wheels Character Cars Godzilla Camo Tank Vehicle Die Cast Toy 2020 Mattel ,,,"0","FIXED_PRICE","CAD",17.99,,,17.99,"4","0","0","Jun-18-26 15:28:19 PDT","Oct-18-26 15:28:19 PDT","Contemporary Manufacture","180506","","","New","","","","","","CA","NA","",""
"147384301363",Hot Wheels 1966 Batboat Black BATMAN CLASSICS TV Series #107 DC,,,"1","FIXED_PRICE","CAD",7.0,,,7.0,"0","","","Jun-18-26 15:31:22 PDT","Oct-18-26 15:31:22 PDT","Contemporary Manufacture","180506","","","New","","","","","","CA","0027084120134","",""
"147384304806",Matchbox MBX 2026 - Black 1995 BMW 318 Ti New Diecast 79/125,,,"1","FIXED_PRICE","CAD",6.05,,,6.05,"0","","","Jun-18-26 15:36:36 PDT","Oct-18-26 15:36:36 PDT","Contemporary Manufacture","180506","","","New","","","","","","CA","Does not apply","",""
"147384306583",Matchbox MBX 2026 Lamborghini LM002 White 87/125 Combined Shipping,,,"1","FIXED_PRICE","CAD",6.28,,,6.28,"0","0","0","Jun-18-26 15:40:58 PDT","Oct-18-26 15:40:58 PDT","Contemporary Manufacture","180506","","","New","","","","","","CA","Does not apply","",""
"147384320130",1985 Porsche 911 Rally/Rallye 2026 Matchbox MBX - 73/125 Combined Shipping,,,"1","FIXED_PRICE","CAD",6.88,,,6.88,"0","","","Jun-18-26 15:49:54 PDT","Oct-18-26 15:49:54 PDT","Contemporary Manufacture","180506","","","New","","","","","","CA","Does not apply","",""
"147390091519",Vintage Foo Dog Brass Incense Burner Japan w/ Toledo Letter Opener From Spain,,,"1","FIXED_PRICE","CAD",28.0,,,28.0,"0","","","Jun-21-26 14:55:54 PDT","Oct-21-26 14:55:54 PDT","Incense & Incense Holders","165669","","","Used","","","","","","CA","","",""
"147390157621",Vintage Playmobil 1986 Blue Convertible Suzuki Swift GSI Style Geobra 2 Figures,,,"1","FIXED_PRICE","CAD",11.85,,,11.85,"0","1","0","Jun-21-26 15:50:15 PDT","Oct-21-26 15:50:15 PDT","Playmobil","19854","","","Used","","","","","","CA","","",""
"147390599004",Thomas and Friends Hyper Glow Nia Motorized Engine Train Trackmaster New,,,"3","FIXED_PRICE","CAD",21.0,,,21.0,"0","7","0","Jun-21-26 20:06:50 PDT","Oct-21-26 20:06:50 PDT","Brio Compatible","16517","","","New","","","","","","CA","Does not apply","",""
"147390605879",FISHER PRICE Thomas & Friends Hyper Glow Percy Motorized Glowing Tracks NEW,,,"2","FIXED_PRICE","CAD",27.0,,,27.0,"1","8","0","Jun-21-26 20:09:35 PDT","Oct-21-26 20:09:35 PDT","Action Figures","261068","","","New","","","","","","CA","Does not apply","",""
"147391718950",LEGO Star Wars 75418 NEW Advent calendar 2025 (263 Pzs) IN HAND FREE SHIPPING,,,"1","FIXED_PRICE","CAD",67.99,,,67.99,"0","","","Jun-22-26 09:48:20 PDT","Oct-22-26 09:48:20 PDT","LEGO (R) Complete Sets & Packs","19006","","","New","","","","","","CA","","",""
"147393887994",Honda Civic Custom REVERSE RAKE 5/5 Red And Blue 1:64 Diecast 2025 Hot Wheels,,,"1","FIXED_PRICE","CAD",7.0,,,7.0,"0","","","Jun-23-26 14:57:48 PDT","Oct-23-26 14:57:48 PDT","Contemporary Manufacture","180506","","","New","","","","","","CA","0027084120134","",""
"147393889106",Hot Wheels Mercedes AMG Petronas F1 Formula One Team Track Aces 1/5,,,"1","FIXED_PRICE","CAD",7.85,,,7.85,"0","","","Jun-23-26 15:00:26 PDT","Oct-23-26 15:00:26 PDT","Contemporary Manufacture","180506","","","New","","","","","","CA","0027084120134","",""
"147393891374",Hot Wheels PEAK PURSUIT 2/10 Audi 90 Quattro Grey And Orange 1:64 Diecast,,,"1","FIXED_PRICE","CAD",5.02,,,5.02,"0","1","0","Jun-23-26 15:03:52 PDT","Oct-23-26 15:03:52 PDT","Contemporary Manufacture","180506","","","New","","","","","","CA","0027084120134","",""
"147394066605",Guinness Officially Licensed 20oz Beer Glasses Twin Pack Tankards w/ Harp Logo,,,"1","FIXED_PRICE","CAD",38.0,,,38.0,"1","1","0","Jun-23-26 17:27:25 PDT","Oct-23-26 17:27:25 PDT","Other Vintage Beer Glasses","35723","","","New","","","","","","CA","","",""
"147394115280",2026 Marvel Legends Psylocke  X-Men Conics Collectible Figure In Stock Now,,,"1","FIXED_PRICE","CAD",47.0,,,47.0,"0","0","0","Jun-23-26 18:07:56 PDT","Oct-23-26 18:07:56 PDT","Action Figures","261068","","","New","","","","","","CA","035112711810","",""
"147398320511","G.I. Joe Classified Series Retro Cardback William Wild Bill Hardy 6"" Figure",,,"1","FIXED_PRICE","CAD",60.0,,,60.0,"0","1","0","Jun-25-26 18:47:59 PDT","Oct-25-26 18:47:59 PDT","Action Figures","261068","","","New","","","","","","CA","5010996361356","",""
"147398329071",G.I. Joe Classified Series #197 Snake Eyes (Dawn Moreno) 6-Inch Action Figure,,,"1","FIXED_PRICE","CAD",41.99,,,41.99,"0","0","0","Jun-25-26 18:50:22 PDT","Oct-25-26 18:50:22 PDT","Action Figures","261068","","","New","","","","","","CA","5010996376725","",""
"147398332241","The Black Series Stormtrooper Premium Mini Helmet For Display 6"" Scale Star Wars",,,"1","FIXED_PRICE","CAD",69.0,,,69.0,"0","4","0","Jun-25-26 18:56:34 PDT","Oct-25-26 18:56:34 PDT","Other Star Wars Collectibles","154","","","New","","","","","","CA","","",""
"147398335425",Mattel WWE Main Event Series 165 - Hollywood Hulk Hogan Action Figure,,,"3","FIXED_PRICE","CAD",13.0,,,13.0,"0","0","0","Jun-25-26 19:02:08 PDT","Oct-25-26 19:02:08 PDT","Action Figures","261068","","","New","","","","","","CA","194735332229","",""
"147399167033","Maisto VW Volkswagen 1960s Samba Bus 1:25 Scale 7"" Red Diecast Model New",,,"1","FIXED_PRICE","USD",12.0,,,12.0,"0","0","0","Jun-26-26 05:42:49 PDT","Oct-26-26 05:42:49 PDT","Contemporary Manufacture","180506","","","New","","","","","","US","Does not apply","",""
"147399199133",2025 Hot Wheels '62 Corvette Gasser 182/250 (BBJBB08) HW Reverse Rake Diecast,,,"1","FIXED_PRICE","CAD",6.0,,,6.0,"0","0","0","Jun-26-26 06:04:57 PDT","Oct-26-26 06:04:57 PDT","Contemporary Manufacture","180506","","","New","","","","","","CA","0027084120134","",""
"147399200298",'71 Lamborghini Miura SV Black 2025 Hot Wheels  HW '70 vs. '90s #78 Mint Card,,,"1","FIXED_PRICE","CAD",4.99,,,4.99,"0","0","0","Jun-26-26 06:07:07 PDT","Oct-26-26 06:07:07 PDT","Contemporary Manufacture","180506","","","New","","","","","","CA","N/A","",""
"147399203605",Hot Wheels Custom 18 Ford Mustang GT Blue / Mustang 60 5/5,,,"1","FIXED_PRICE","CAD",7.0,,,7.0,"0","","","Jun-26-26 06:10:13 PDT","Oct-26-26 06:10:13 PDT","Contemporary Manufacture","180506","","","New","","","","","","CA","Does not apply","",""
"147399204764",Hot Wheels Ford F-150 Raptor 2017 Blue HW Dirt 9/10 2025 J Case 178/250 MINT,,,"0","FIXED_PRICE","CAD",5.6,,,5.6,"1","1","0","Jun-26-26 06:12:32 PDT","Oct-26-26 06:12:32 PDT","Contemporary Manufacture","180506","","","New","","","","","","CA","Does not apply","",""
"147399231565",Vintage Power Rangers 1991 Red Tyrannosaurus T-Rex Zord Megazord MMPR Mighty,,,"1","FIXED_PRICE","CAD",24.0,,,24.0,"0","1","0","Jun-26-26 06:32:34 PDT","Oct-26-26 06:32:34 PDT","Action Figures","261068","","","Used","","","","","","CA","","",""
"147399237951","Mixed Toy Lot Batman Tiny Tans BTS, Playmobil Lol Surprise Princess Peach & More",,,"1","FIXED_PRICE","CAD",6.0,,,6.0,"0","","","Jun-26-26 06:39:47 PDT","Oct-26-26 06:39:47 PDT","Mixed Lots","49018","","","Used","","","","","","CA","","",""
"147399260188",Playmobil Batman Kinder Surprise DC Large Figure 4 Inch VCB19 Geobra,,,"1","FIXED_PRICE","CAD",11.0,,,11.0,"0","","","Jun-26-26 06:55:16 PDT","Oct-26-26 06:55:16 PDT","Action Figures","261068","","","Used","","","","","","CA","","",""
"147404869734",Hot Wheels Premium 2025 Fast & Furious Porsche 911 Carrera RS 3.8 Grey HNW46,,,"1","FIXED_PRICE","CAD",15.99,,,15.99,"0","1","0","Jun-29-26 05:49:44 PDT","Oct-29-26 05:49:44 PDT","Contemporary Manufacture","180506","","","New","","","","","","CA","194735263516","",""
"147407269559",Hot Wheels Premium 1993 Honda Civic EJ1 Fast & Furious Black Coupe 2025,,,"0","FIXED_PRICE","CAD",18.99,,,18.99,"2","2","0","Jun-30-26 09:37:54 PDT","Oct-30-26 09:37:54 PDT","Contemporary Manufacture","180506","","","New","","","","","","CA","194735263448","",""
"147407836337",Hot Wheels Premium Pop Culture Mission Impossible BMW Gi Joe JET + Gran Turismo,,,"1","FIXED_PRICE","CAD",35.0,,,35.0,"0","","","Jun-30-26 16:04:52 PDT","Oct-30-26 16:04:52 PDT","Contemporary Manufacture","180506","","","New","","","","","","CA","Does not apply","",""
"147410001812",The Lord of the Rings: The Fellowship of the Ring DVD [Brand New Sealed] 2-Disc,,,"1","FIXED_PRICE","CAD",2.0,,,2.0,"0","","","Jul-01-26 13:23:05 PDT","Nov-01-26 13:23:05 PST","DVDs & Blu-ray Discs","617","","","Brand New","","","","","","CA","Does not apply","",""
"147410004352",Six Feet Under: The Complete Fourth Season [DVD],,,"1","FIXED_PRICE","CAD",13.0,,,13.0,"0","","","Jul-01-26 13:25:07 PDT","Nov-01-26 13:25:07 PST","DVDs & Blu-ray Discs","617","","","Brand New","","","","","","CA","026359238420","",""
"147410006646",BATMAN RETURNS VHS Movie + HULK VHS french Lot of 2 Movies,,,"1","FIXED_PRICE","CAD",9.99,,,9.99,"0","","","Jul-01-26 13:27:37 PDT","Nov-01-26 13:27:37 PST","VHS Tapes","309","","","Like New","","","","","","CA","","",""
"147410020942","Arnold Schwarzenegger VHS Lot | The Terminator, Predator, Commando, Batman Robin",,,"1","FIXED_PRICE","CAD",19.99,,,19.99,"0","","","Jul-01-26 13:31:42 PDT","Nov-01-26 13:31:42 PST","VHS Tapes","309","","","Like New","","","","","","CA","","",""
"147410022187",Lot Of 2 VHS Star Wars Return Of The Jedi & Star Wars Episode 1 Phantom Menace,,,"1","FIXED_PRICE","CAD",15.99,,,15.99,"0","","","Jul-01-26 13:34:43 PDT","Nov-01-26 13:34:43 PST","VHS Tapes","309","","","Like New","","","","","","CA","","",""
"147410031879",Lara Croft Tomb Raider & The Cradle of Life 2 FRENCH VHS Lot! Angelina Jolie,,,"1","FIXED_PRICE","CAD",13.99,,,13.99,"0","0","0","Jul-01-26 13:41:39 PDT","Nov-01-26 13:41:39 PST","VHS Tapes","309","","","Brand New","","","","","","CA","Does not apply","",""
"147410074988",Vintage 1989 ToyBiz Batman & Robin DC Comics Super Heroe Action Figures NIB Seal,,,"1","FIXED_PRICE","CAD",150.0,,,150.0,"0","5","0","Jul-01-26 14:09:30 PDT","Nov-01-26 14:09:30 PST","Action Figures","261068","","","New","","","","","","CA","0058259944002","",""
"147410095332",WWE Main Event Series - JOHN CENA Green Shirt Action Figure NEW - Mattel,,,"1","FIXED_PRICE","CAD",31.0,,,31.0,"0","","","Jul-01-26 14:15:56 PDT","Nov-01-26 14:15:56 PST","Action Figures","261068","","","New","","","","","","CA","Does not apply","",""
"147417909013",McFarlane Marvel The Punisher Movie Posed Figure 1/10 In Stock,,,"1","FIXED_PRICE","CAD",69.99,,,69.99,"1","2","0","Jul-05-26 07:08:51 PDT","Nov-05-26 07:08:51 PST","Action Figures","261068","","","New","","","","","","CA","0787926149388","",""
"147417958475",Wingman Rumblepad USB Controller / Logitech Vibrating G-UA3 Untested,,,"1","FIXED_PRICE","CAD",8.99,,,8.99,"0","0","0","Jul-05-26 07:42:40 PDT","Nov-05-26 07:42:40 PST","Controllers & Attachments","117042","","","Used","","","","","","CA","","",""
"147421106613","Star Wars: The Vintage Collection Embo 3.75"" Action Figure VC406 Presale Sep 01",,,"5","FIXED_PRICE","CAD",26.0,,,26.0,"0","6","0","Jul-06-26 16:26:43 PDT","Oct-06-26 16:26:43 PDT","Action Figures","261068","","","New","","","","","","CA","","",""
"147421125422",Disney Steamboat Mickey Mouse Hot Wheels Black HW Screen Time 166/250 10/10,,,"1","FIXED_PRICE","CAD",4.95,,,4.95,"0","","","Jul-06-26 16:43:22 PDT","Oct-06-26 16:43:22 PDT","Contemporary Manufacture","180506","","","New","","","","","","CA","Does not apply","",""
"147422301229",Guitar Hero Harmonix Fender Stratocaster Playstation PS2 PS3 822151,,,"1","FIXED_PRICE","CAD",28.0,,,28.0,"0","","","Jul-07-26 06:37:22 PDT","Oct-07-26 06:37:22 PDT","Controllers & Attachments","117042","","","Used","","","","","","CA","Does not apply","",""
"147422376151",RED DINO 206 GT FERRARI HOT WHEELS 2026 5/5 HW FERRARI SERIES 150/250 S30,,,"4","FIXED_PRICE","CAD",5.79,,,5.79,"0","1","0","Jul-07-26 07:13:50 PDT","Oct-07-26 07:13:50 PDT","Contemporary Manufacture","180506","","","New","","","","","","CA","Does not apply","",""
"147422378157",Hot Wheels Ferrari SF90 Stradale RED Factory Fresh 5/5 Diecast Car #191,,,"1","FIXED_PRICE","CAD",7.0,,,7.0,"0","1","0","Jul-07-26 07:16:59 PDT","Oct-07-26 07:16:59 PDT","Contemporary Manufacture","180506","","","New","","","","","","CA","Does not apply","",""
"147423163705",Hot WHeels 2026 Fast & Furious MAZDA RX-7 1995 WHITE Race-Off 2/5 Silver Series,,,"1","FIXED_PRICE","CAD",8.0,,,8.0,"0","","","Jul-07-26 15:37:49 PDT","Oct-07-26 15:37:49 PDT","Contemporary Manufacture","180506","","","New","","","","","","CA","Does not apply","",""
"147423175210",Hot Wheels Performance Trucks 2019 Chevy Silverado Trail Boss LT (Silver Series),,,"1","FIXED_PRICE","CAD",7.51,,,7.51,"0","1","0","Jul-07-26 15:48:26 PDT","Oct-07-26 15:48:26 PDT","Contemporary Manufacture","180506","","","New","","","","","","CA","0194735358755","",""
"147423185300",Hot Wheels 2026 Silver Series Performance Trucks Ford Bronco R 5/5 Yellow New,,,"1","FIXED_PRICE","CAD",7.0,,,7.0,"1","1","0","Jul-07-26 15:51:05 PDT","Oct-07-26 15:51:05 PDT","Contemporary Manufacture","180506","","","New","","","","","","CA","Does not apply","",""
"147423214123",2026 Hot Wheels Performance Trucks 2019 Ford Ranger Raptor Grey 4/5 (HW2751),,,"1","FIXED_PRICE","CAD",7.0,,,7.0,"0","0","0","Jul-07-26 16:01:52 PDT","Oct-07-26 16:01:52 PDT","Contemporary Manufacture","180506","","","New","","","","","","CA","Does not apply","",""
"147425000359","Batman: The Animated Series - Killercroc 6"" Action Figure Build A Figure New",,,"1","FIXED_PRICE","CAD",42.0,,,42.0,"0","0","0","Jul-08-26 09:23:24 PDT","Oct-08-26 09:23:24 PDT","Action Figures","261068","","","New","","","","","","CA","787926177718","",""
"147425028354",MATCHBOX Germany #6 - Mercedes-Benz GLE Coupe  -  Bent Corners - Review All Pic,,,"1","FIXED_PRICE","CAD",9.99,,,9.99,"0","","","Jul-08-26 09:32:41 PDT","Oct-08-26 09:32:41 PDT","Contemporary Manufacture","180506","","","New","","","","","","CA","Does not apply","",""
"147427322175",McFarlane Toys The Walking Dead Wave 3 Morgan Jones Action Figure New,,,"1","FIXED_PRICE","CAD",13.0,,,13.0,"0","3","0","Jul-09-26 11:23:51 PDT","Oct-09-26 11:23:51 PDT","Action Figures","261068","","","New","","","","","","CA","","",""
"147427334187",VHS Horror Lot of 4 Dracula Hellboy Freddy vs Jason Plague Monkeys French Bundle,,,"1","FIXED_PRICE","CAD",100.0,,,100.0,"0","8","0","Jul-09-26 11:30:55 PDT","Oct-09-26 11:30:55 PDT","VHS Tapes","309","","","Very Good","","","","","","CA","","",""
"147427348830",James Bond 007 VHS Tape Collection Lot 8 Movies Goldeneye Dr No Octopussy,,,"1","FIXED_PRICE","CAD",18.0,,,18.0,"0","","","Jul-09-26 11:38:25 PDT","Oct-09-26 11:38:25 PDT","VHS Tapes","309","","","Like New","","","","","","CA","","",""
"147427351589",Blade 1 & 2 Lot Of 2 VHS Wesley Snipes Vampire Action Horror Movie French RARE,,,"0","FIXED_PRICE","CAD",30.0,,,30.0,"1","0","0","Jul-09-26 11:42:25 PDT","Oct-09-26 11:42:25 PDT","VHS Tapes","309","","","Like New","","","","","","CA","Does not apply","",""
"147428954940","2 Fast 2 Furious (VHS, 2003, French) Paul Walker - Tyrese - Eva Mendes LOT of 2",,,"1","FIXED_PRICE","CAD",19.0,,,19.0,"0","2","0","Jul-10-26 06:18:29 PDT","Oct-10-26 06:18:29 PDT","VHS Tapes","309","","","Like New","","","","","","CA","096896199133","",""
"147429049001",Vintage Mattel 1981-1984 Masters of The Universe Loose Figures YOU PICK HE-MAN,MPN=1981 Webstor;1984 Thunder Punch HE-MAN;1981 Prince Adam HE-MAN;1984 TWO-BAD;1981 Skeletor,,"5","FIXED_PRICE","CAD",21.0,,,21.0,"0","","","Jul-10-26 07:01:39 PDT","Oct-10-26 07:01:39 PDT","Action Figures","261068","","","Used","","","","","","CA","Does not apply","",""
"147429049001",Vintage Mattel 1981-1984 Masters of The Universe Loose Figures YOU PICK HE-MAN,MPN=1981 Webstor,,"1","FIXED_PRICE","CAD",35.0,,,,"0",,,"Jul-10-26 07:01:39 PDT","Oct-10-26 07:01:39 PDT","Action Figures","261068","","","Used",,,,,"","CA","Does not apply","",""
"147429049001",Vintage Mattel 1981-1984 Masters of The Universe Loose Figures YOU PICK HE-MAN,MPN=1984 Thunder Punch HE-MAN,,"1","FIXED_PRICE","CAD",21.0,,,,"0",,,"Jul-10-26 07:01:39 PDT","Oct-10-26 07:01:39 PDT","Action Figures","261068","","","Used",,,,,"","CA","Does not apply","",""
"147429049001",Vintage Mattel 1981-1984 Masters of The Universe Loose Figures YOU PICK HE-MAN,MPN=1981 Prince Adam HE-MAN,,"1","FIXED_PRICE","CAD",21.0,,,,"0",,,"Jul-10-26 07:01:39 PDT","Oct-10-26 07:01:39 PDT","Action Figures","261068","","","Used",,,,,"","CA","Does not apply","",""
"147429049001",Vintage Mattel 1981-1984 Masters of The Universe Loose Figures YOU PICK HE-MAN,MPN=1984 TWO-BAD,,"1","FIXED_PRICE","CAD",25.0,,,,"0",,,"Jul-10-26 07:01:39 PDT","Oct-10-26 07:01:39 PDT","Action Figures","261068","","","Used",,,,,"","CA","Does not apply","",""
"147429049001",Vintage Mattel 1981-1984 Masters of The Universe Loose Figures YOU PICK HE-MAN,MPN=1981 Skeletor,,"1","FIXED_PRICE","CAD",42.0,,,,"0",,,"Jul-10-26 07:01:39 PDT","Oct-10-26 07:01:39 PDT","Action Figures","261068","","","Used",,,,,"","CA","Does not apply","",""
"147430493984",2026 Hot Wheels Silver Series Vintage Club Racing Custom '70 Honda N600,,,"2","FIXED_PRICE","CAD",7.5,,,7.5,"3","1","0","Jul-11-26 05:37:51 PDT","Oct-11-26 05:37:51 PDT","Contemporary Manufacture","180506","","","New","","","","","","CA","194735359059","",""
"147430496288",Mattel HOT WHEELS Silver Series Vintage Club Racing Alfa Romeo GTV6 30 3/5 NEW,,,"2","FIXED_PRICE","CAD",7.99,,,7.99,"0","1","0","Jul-11-26 05:39:48 PDT","Oct-11-26 05:39:48 PDT","Contemporary Manufacture","180506","","","New","","","","","","CA","194735359028","",""
"147430497956",Mattel HOT WHEELS Silver Series Vintage Club Racing BMW 507 Diecast 1/5 NEW,,,"2","FIXED_PRICE","CAD",8.0,,,8.0,"0","","","Jul-11-26 05:41:22 PDT","Oct-11-26 05:41:22 PDT","Contemporary Manufacture","180506","","","New","","","","","","CA","194735359127","",""
"147430503128",2025 Hot Wheels Car Culture 2 pack Lamborghini Countach & Lancia Stratos,,,"2","FIXED_PRICE","CAD",19.99,,,19.99,"0","","","Jul-11-26 05:46:43 PDT","Oct-11-26 05:46:43 PDT","Contemporary Manufacture","180506","","","New","","","","","","CA","Does not apply","",""
"147430534244",2026 Matchbox '71 Porsche 914 Red New #95/125 30782,,,"1","FIXED_PRICE","CAD",6.2,,,6.2,"0","","","Jul-11-26 06:05:50 PDT","Oct-11-26 06:05:50 PDT","Contemporary Manufacture","180506","","","New","","","","","","CA","Does not apply","",""
"147430893417",Vintage Handcrafted Porcelain Grandpa Figurine in Rocking Chair with Cat w/ Box,,,"1","FIXED_PRICE","CAD",26.0,,,26.0,"0","","","Jul-11-26 09:56:48 PDT","Oct-11-26 09:56:48 PDT","Sculptures & Figurines","261628","","","Used","","","","","","CA","","",""
"147430905702","Guild Wars: Eye of the North (PC, 2007) New And Sealed",,,"1","FIXED_PRICE","CAD",14.99,,,14.99,"0","","","Jul-11-26 10:12:11 PDT","Oct-11-26 10:12:11 PDT","Video Games","139973","","","Brand New","","","","","","CA","0875646000413","",""
"147430911763",Vintage 1998 Toy Biz Xena Jumping Attack Action Figure Brand New & SEAL,,,"1","FIXED_PRICE","CAD",42.0,,,42.0,"0","","","Jul-11-26 10:16:30 PDT","Oct-11-26 10:16:30 PDT","Action Figures","261068","","","New","","","","","","CA","","",""
"147432130336",Anime Figure Lot 4 Kagami Nezuko Kotobukiya Deadpool XForce Hatsune Miku Wedding,,,"1","FIXED_PRICE","CAD",60.0,,,60.0,"0","","","Jul-12-26 06:47:47 PDT","Oct-12-26 06:47:47 PDT","Other Animation Merchandise","69528","","","Used","","","","","","CA","","",""
"147432133508",Assassin's Creed Americas Collection Xbox 360 + Madden NFL 17 Xbox One Lot,,,"1","FIXED_PRICE","CAD",14.99,,,14.99,"0","1","0","Jul-12-26 06:50:17 PDT","Oct-12-26 06:50:17 PDT","Video Games","139973","","","Like New","","","","","","CA","","",""
"147432137052",Quilted Zip Women's Wallet Lot Of 3 Red Black V Logo Hardware Wristlet NEW,,,"1","FIXED_PRICE","CAD",28.0,,,28.0,"0","","","Jul-12-26 06:54:38 PDT","Oct-12-26 06:54:38 PDT","Wallets","45258","","","New with tags","","","","","","CA","","",""
"147432142779","POKER WSOP Texas Hold ’Em Plug & Play TV Game, 6-Player VR39 Excalibur",,,"1","FIXED_PRICE","CAD",19.99,,,19.99,"0","","","Jul-12-26 07:01:17 PDT","Oct-12-26 07:01:17 PDT","Electronic Games","2540","","","Used","","","","","","CA","","",""
"147432157909",Intex Quick Fill Electric Air Pump 110-120V AC Inflate & Deflate Tested Working,,,"1","FIXED_PRICE","CAD",10.99,,,10.99,"0","","","Jul-12-26 07:22:09 PDT","Oct-12-26 07:22:09 PDT","Air Pumps","27912","","","Used","","","","","","CA","078257326532","",""
"147432169213",2025 Hot Wheels Gordon Murray T.50s Turquoise #190 HW Exotics 3/5 MOC,,,"1","FIXED_PRICE","CAD",5.2,,,5.2,"0","","","Jul-12-26 07:34:59 PDT","Oct-12-26 07:34:59 PDT","Contemporary Manufacture","180506","","","New","","","","","","CA","does not apply","",""
"147432171812",2025 Hot Wheels '78 Dodge Li'l Red Express White #173 Hot Trucks 10/10 MOC,,,"1","FIXED_PRICE","CAD",4.0,,,4.0,"0","1","0","Jul-12-26 07:37:14 PDT","Oct-12-26 07:37:14 PDT","Contemporary Manufacture","180506","","","New","","","","","","CA","Does not apply","",""
"147432192987","Mixed Electronics Lot Chargers, cables, Phone & Answering Retro Systems Speakers",,,"1","FIXED_PRICE","CAD",40.0,,,40.0,"0","","","Jul-12-26 07:55:07 PDT","Oct-12-26 07:55:07 PDT","Mixed Lots","259701","","","Used","","","","","","CA","","",""
"147432476024",DISNEY PIXAR CARS RALPH CARLOW - 2026 LIL TORQUEY PISTONS - RARE CHASE DIECAST,,,"1","FIXED_PRICE","CAD",24.0,,,24.0,"0","","","Jul-12-26 12:50:03 PDT","Oct-12-26 12:50:03 PDT","Action Figures","261068","","","New","","","","","","CA","","",""
"147432482308",Maisto Porsche Cayman S Coupe Black Car Special Edition 1:18 Diecast Model,,,"2","FIXED_PRICE","CAD",35.0,,,35.0,"1","5","0","Jul-12-26 12:59:17 PDT","Oct-12-26 12:59:17 PDT","Contemporary Manufacture","180506","","","New","","","","","","CA","090159318002","",""
"147432486796",Maisto 1/18 Scale Diecast 46629 - Porsche 911 Targa 4 GTS (992.2) Lime Green,,,"3","FIXED_PRICE","CAD",29.99,,,29.99,"0","","","Jul-12-26 13:05:09 PDT","Oct-12-26 13:05:09 PDT","Contemporary Manufacture","180506","","","New","","","","","2128245515","CA","Does Not Apply","",""
"147432491242",Maisto Porsche 911 Carrera Grey Kids Model Diecast Toy Car 1:18 3+,,,"1","FIXED_PRICE","CAD",35.99,,,35.99,"0","1","0","Jul-12-26 13:11:05 PDT","Oct-12-26 13:11:05 PDT","Contemporary Manufacture","180506","","","New","","","","","","CA","090159318002","",""
"147432653094",2026 Disney Pixar Cars 20th Anniversary- Dirt Track Fabulous Hudson Hornet,,,"1","FIXED_PRICE","CAD",22.0,,,22.0,"0","1","0","Jul-12-26 16:28:37 PDT","Oct-12-26 16:28:37 PDT","Contemporary Manufacture","180506","","","New","","","","","","CA","0887961403336","",""
"147432654170",Disney Pixar Cars 20th Anniversary Card - Clutch Aid Racing Tractor 2026 Mattel,,,"1","FIXED_PRICE","CAD",22.99,,,22.99,"0","0","0","Jul-12-26 16:30:12 PDT","Oct-12-26 16:30:12 PDT","Contemporary Manufacture","180506","","","New","","","","","","CA","887961910674","",""
"147432656211",2026 HOT WHEELS #177 - ‘88 Mitsubishi Starion (White #8 J-Imports Long Card),,,"2","FIXED_PRICE","CAD",6.09,,,6.09,"0","1","0","Jul-12-26 16:34:33 PDT","Oct-12-26 16:34:33 PDT","Contemporary Manufacture","180506","","","New","","","","","","CA","Does not apply","",""
"147432658351",HOT WHEELS TOYOTA GR86 CUP HW COMPACT KINGS (1/10)  79/250,,,"2","FIXED_PRICE","CAD",6.0,,,6.0,"0","","","Jul-12-26 16:36:32 PDT","Oct-12-26 16:36:32 PDT","Contemporary Manufacture","180506","","","New","","","","","","CA","027084120134","",""
"147432660520",2025 Hot Wheels ‘73 Pontiac Firebird Muscle Mania Diecast White Brand New MOC,,,"0","FIXED_PRICE","CAD",8.99,,,8.99,"0","","","Jul-12-26 16:38:59 PDT","Oct-12-26 16:38:59 PDT","Contemporary Manufacture","180506","","","New","","","","","","CA","0027084120134","",""
"147432662264",2025 Hot Wheels 1967 Ford Mustang BLACK Diecast Car Muscle Mania 3/10 #189,,,"1","FIXED_PRICE","CAD",6.0,,,6.0,"0","0","0","Jul-12-26 16:41:02 PDT","Oct-12-26 16:41:02 PDT","Contemporary Manufacture","180506","","","New","","","","","","CA","0027084120134","",""
"147432709474",2026 Hot Wheels Silver Series Audi Themed Complete Set of 5 GRT01 Mattel,,,"1","FIXED_PRICE","CAD",24.0,,,24.0,"0","1","0","Jul-12-26 17:28:40 PDT","Oct-12-26 17:28:40 PDT","Contemporary Manufacture","180506","","","New","","","","","","CA","n/a","",""
"147433817180",2026 Hot Wheels Silver Series Performance Trucks Complete Set Of 5 Trucks 1:64,,,"1","FIXED_PRICE","CAD",26.86,,,26.86,"0","3","0","Jul-13-26 07:17:09 PDT","Oct-13-26 07:17:09 PDT","Contemporary Manufacture","180506","","","New","","","","","","CA","Does not apply","",""
"147433901614",2026 Hot Wheels Porsche Taycan Turbo S Blue #34 J Case HW EV #34/250,,,"1","FIXED_PRICE","CAD",4.99,,,4.99,"0","","","Jul-13-26 08:08:31 PDT","Oct-13-26 08:08:31 PDT","Contemporary Manufacture","180506","","","New","","","","","","CA","027084120134","",""
"147433943067",55 Chevy Red 2026 Hot Wheels Cool Classics 2/10 189/250 Combined Shipping ,,,"1","FIXED_PRICE","CAD",4.99,,,4.99,"0","2","0","Jul-13-26 08:35:15 PDT","Oct-13-26 08:35:15 PDT","Contemporary Manufacture","180506","","","New","","","","","","CA","0027084120134","",""
"147433944752",2026 Hot Wheels: '18 Camaro SS (White) #207/250 HW Torque #4/10,,,"1","FIXED_PRICE","CAD",4.99,,,4.99,"0","","","Jul-13-26 08:36:38 PDT","Oct-13-26 08:36:38 PDT","Contemporary Manufacture","180506","","","New","","","","","","CA","Does not apply","",""
"147433947869",2026 Matchbox 1997 McLaren F1 GT 32/125 GREEN VHTF!! Mattel MOC,,,"0","FIXED_PRICE","CAD",7.05,,,7.05,"1","0","0","Jul-13-26 08:39:32 PDT","Oct-13-26 08:39:32 PDT","Contemporary Manufacture","180506","","","New","","","","","","CA","Does not apply","",""
"147433950335",Hot Wheels Silver Series Summit Surge Blue McLaren Speedtail 2/5 NEW 2026,,,"1","FIXED_PRICE","CAD",8.46,,,8.46,"0","","","Jul-13-26 08:42:04 PDT","Oct-13-26 08:42:04 PDT","Contemporary Manufacture","180506","","","New","","","","","","CA","Does not apply","",""
"147434067177",Hot Wheels Premium Nissan GT-R Nismo GT3 R35 2-Pack 1:64 JBL05,,,"1","FIXED_PRICE","CAD",23.0,,,23.0,"0","1","0","Jul-13-26 09:56:59 PDT","Oct-13-26 09:56:59 PDT","Other Animation Merchandise","69528","","","New","","","","","","CA","","",""
"147434362334",Large Mixed Cable Lot HDMI RCA AUX Audio Video Adapters Monster TYLT More,,,"1","FIXED_PRICE","CAD",19.99,,,19.99,"0","","","Jul-13-26 13:01:35 PDT","Oct-13-26 13:01:35 PDT","Audio Cables & Interconnects","14964","","","Used","","","","","","CA","","",""
"147434539293",Mortal Kombat Klassic Sub-Zero Action Figure Ice Clone McFarlane Pre Sale 12 Aug,,,"8","FIXED_PRICE","CAD",54.0,,,54.0,"0","","","Jul-13-26 15:06:16 PDT","Oct-13-26 15:06:16 PDT","Action Figures","261068","","","New","","","","","","CA","Does not apply","",""
"147434555255",Mortal Kombat Klassic Invisible Reptile 7-Inch Figure McFarlane Presale 12 Aug.,,,"8","FIXED_PRICE","CAD",54.0,,,54.0,"0","","","Jul-13-26 15:12:38 PDT","Oct-13-26 15:12:38 PDT","Action Figures","261068","","","New","","","","","","CA","Does not apply","",""
"147436133791",Teenage Mutant Ninja Turtles Hello Kitty Happy Meal Toys MY MELODY x LEONARDO,,,"1","FIXED_PRICE","CAD",7.83,,,7.83,"0","","","Jul-14-26 09:48:03 PDT","Oct-14-26 09:48:03 PDT","Fast Food","767","","","New","","","","","","CA","","",""
"147436138126",TMNT x Hello Kitty & Friends Lot of 2 Figures Complete Cards & Boxes Happy Meal,,,"1","FIXED_PRICE","CAD",21.0,,,21.0,"0","","","Jul-14-26 09:53:16 PDT","Oct-14-26 09:53:16 PDT","Fast Food","767","","","New","","","","","","CA","","",""
"147436333902",⭐ Star Wars Black Series Jaina & Jacen Solo 2-Pack Sealed Pre-Order Ships 1/10,,,"5","FIXED_PRICE","CAD",124.0,,,124.0,"1","5","0","Jul-14-26 11:12:08 PDT","Oct-14-26 11:12:08 PDT","Collectible Action Figures","111997","","","New","","","","","","CA","","",""
"147436549421",WWE Main Event Showdown Series 23: Jey Uso vs Drew McIntyre 2 Pack,,,"1","FIXED_PRICE","CAD",43.0,,,43.0,"0","","","Jul-14-26 13:18:08 PDT","Oct-14-26 13:18:08 PDT","Other Games","234","","","New","","","","","","CA","194735311408","",""
"147436578772",Jurassic World Rebirth Lab Lockdown Tyrannosaurus Rex T-Rex 18 Inch Figure NEW,,,"1","FIXED_PRICE","CAD",41.0,,,41.0,"0","1","0","Jul-14-26 13:37:45 PDT","Oct-14-26 13:37:45 PDT","Action Figures","261068","","","New","","","","","","CA","","",""
"147436677765","Hasbro G1 Transformers Retro 6"" Autobot Wheelie Figure MOC New",,,"1","FIXED_PRICE","CAD",31.0,,,31.0,"0","4","0","Jul-14-26 14:41:52 PDT","Oct-14-26 14:41:52 PDT","Action Figures","261068","","","New","","","","","","CA","5010996367846","",""
"147436846781",Little People Collector K-Pop Demon Hunters Saja Boys Special Edition 5 Figures,,,"5","FIXED_PRICE","CAD",45.0,,,45.0,"0","","","Jul-14-26 16:37:32 PDT","Oct-14-26 16:37:32 PDT","Little People (1997-Now)","158744","","","New","","","","","","CA","194735424412","",""
"147436851909",Marvel Legends Series Rivals Spider-Man + Luna Snow Figures Set Pre Order 09-01,,,"5","FIXED_PRICE","CAD",125.0,,,125.0,"0","1","0","Jul-14-26 16:45:42 PDT","Oct-14-26 16:45:42 PDT","Action Figures","261068","","","New","","","","","","CA","5010996411242","",""
"147436956315",Marvel Legends Future Foundation The Thing & Invisible Woman PRE Order 09/01,,,"3","FIXED_PRICE","CAD",108.0,,,108.0,"0","2","0","Jul-14-26 17:44:31 PDT","Oct-14-26 17:44:31 PDT","Action Figures","261068","","","New","","","","","","CA","5010996384973","",""
"147436970069",Marvel Legends Series Future Foundation Mister Fantastic Spider-Man In Stock,,,"3","FIXED_PRICE","CAD",95.0,,,95.0,"0","1","0","Jul-14-26 17:50:44 PDT","Oct-14-26 17:50:44 PDT","Action Figures","261068","","","New","","","","","","CA","","",""
"147438665162",Barbie Outdoor Camping Adventure Playset | W/ Two Dolls Complete Toy Set Kids,,,"3","FIXED_PRICE","CAD",92.0,,,92.0,"0","3","0","Jul-15-26 11:51:05 PDT","Oct-15-26 11:51:05 PDT","Dolls & Doll Playsets","262346","","","New","","","","","","CA","","",""
"147438676231",Yummi Land Bianca Bubblegum Mega Doll Lip Gloss Body Scent Kit - New Costco,,,"3","FIXED_PRICE","CAD",51.99,,,51.99,"0","3","0","Jul-15-26 12:01:58 PDT","Oct-15-26 12:01:58 PDT","Dolls & Doll Playsets","262346","","","New","","","","","","CA","","",""
"147438681319",Yummiland Skyler Rainbow Belt Doll Lip Gloss Body Scent Kit NEW MGA Costco Model,,,"3","FIXED_PRICE","CAD",51.99,,,51.99,"0","1","0","Jul-15-26 12:08:46 PDT","Oct-15-26 12:08:46 PDT","Dolls & Doll Playsets","262346","","","New","","","","","","CA","","",""
"147438812930",Star Wars Return of the Jedi Lando Calrissian Skiff Guard 40th anniversary 6inch,,,"1","FIXED_PRICE","CAD",19.99,,,19.99,"0","0","0","Jul-15-26 13:47:37 PDT","Oct-15-26 13:47:37 PDT","Action Figures","261068","","","New","","","","","","CA","","",""
"147438819066",Star Wars Boba Fett The Empire Strikes Back TVC 6 Inch Action Figure,,,"1","FIXED_PRICE","USD",24.0,,,24.0,"0","","","Jul-15-26 13:50:00 PDT","Oct-15-26 13:50:00 PDT","Action Figures","261068","","","New","","","","","140651110","US","0653569498698","",""
"147438823284",Star Wars 18 Inch TIE Pilot Big Figure with Blaster Rogue One Jakks Pacific,,,"1","FIXED_PRICE","USD",20.0,,,20.0,"0","","","Jul-15-26 13:51:38 PDT","Oct-15-26 13:51:38 PDT","Action Figures","261068","","","New","","","","","","US","Does not apply","",""
"147438833807",Star Wars The Black Series #09 Luke Skywalker Action Figure - A New Hope Hasbro,,AF-22928877,"1","FIXED_PRICE","CAD",32.0,,,32.0,"0","","","Jul-15-26 13:54:57 PDT","Oct-15-26 13:54:57 PDT","Action Figures","261068","","","New","","","","","","CA","5010996282002","",""
"147438835278","Star Wars Saga Collection – Biker Scout 3.75"" Action Figure – HASBRO w/protector",,AF-22928883,"1","FIXED_PRICE","CAD",15.99,,,15.99,"0","","","Jul-15-26 13:56:12 PDT","Oct-15-26 13:56:12 PDT","Action Figures","261068","","","New","","","","","","CA","","",""
"147440595129",SONIC THE HEDGEHOG 2025 UK EXCLUSIVE SET OF 3 CALAMITI CARS PINK GREY RED - NEW,,,"1","FIXED_PRICE","CAD",48.0,,,48.0,"1","1","0","Jul-16-26 08:17:26 PDT","Oct-16-26 08:17:26 PDT","Action Figures","261068","","","New","","","","","","CA","5056474212635","",""
"147440986778",Pokemon TCG Mega Evolution Pitch Black ETB Elite Trainer Box Factory Sealed MOC,,,"1","FIXED_PRICE","CAD",134.0,,,134.0,"1","2","0","Jul-16-26 12:07:53 PDT","Oct-16-26 12:07:53 PDT","CCG Sealed Boxes","261044","","","New/Factory Sealed","","","","","","CA","","",""
"147443644983",2026 Hot Wheels Silver Series Dream LINEUP 1999 Nissan MAXIMA Fast & Furious,,,"1","FIXED_PRICE","CAD",9.0,,,9.0,"1","2","0","Jul-17-26 16:44:12 PDT","Oct-17-26 16:44:12 PDT","Contemporary Manufacture","180506","","","New","","","","","","CA","Does not apply","",""
"147443645501",Hot Wheels Fast & Furious 1999 Subaru Impreza Silver Series Dream Lineup Red Car,,,"1","FIXED_PRICE","CAD",6.99,,,6.99,"0","2","0","Jul-17-26 16:45:12 PDT","Oct-17-26 16:45:12 PDT","Contemporary Manufacture","180506","","","New","","","","","","CA","Does not apply","",""
"147443667114",Star Wars Lot Anakin Skywalker to Darth Vader Interactech Imperial Stormtrooper,,,"1","FIXED_PRICE","CAD",40.0,,,40.0,"0","","","Jul-17-26 16:54:46 PDT","Oct-17-26 16:54:46 PDT","Action Figures","261068","","","Used","","","","","","CA","0065356985487","",""
"147445007657",Overwatch Game of the Year Edition PC DVD-ROM Blizzard Bonus WOW & Heroes Storm,,,"1","FIXED_PRICE","CAD",14.99,,,14.99,"0","1","0","Jul-18-26 08:23:46 PDT","Oct-18-26 08:23:46 PDT","Video Games","139973","","","Very Good","","","","","","CA","Does not apply","",""
"147445010155",2026 Matchbox RADICAL SR3 XXR Yellow New Diecast 71/125,,,"0","FIXED_PRICE","CAD",7.05,,,7.05,"1","0","0","Jul-18-26 08:26:32 PDT","Oct-18-26 08:26:32 PDT","Contemporary Manufacture","180506","","","New","","","","","","CA","Does not apply","",""
"147445029659",Bucky Dent Bobblehead NY Yankees SGA 8/4/23 Benjamin Moore Promo New In Box,,,"1","FIXED_PRICE","CAD",25.0,,,25.0,"0","","","Jul-18-26 08:34:43 PDT","Oct-18-26 08:34:43 PDT","Celebrities","156999","","","New","","","","","","CA","","",""
"147445030973",DC Super Friends Retro Batman 6 Inch Action Figure New McFarlane,,,"1","FIXED_PRICE","CAD",38.0,,,38.0,"0","0","0","Jul-18-26 08:37:00 PDT","Oct-18-26 08:37:00 PDT","Action Figures","261068","","","New","","","","","","CA","","",""
"147449934528",NEW Mainstays Iced Coffee Maker with 20 fl oz Reusable Tumbler and Filter Silver,,,"1","FIXED_PRICE","CAD",20.0,,,20.0,"0","","","Jul-20-26 12:15:37 PDT","Oct-20-26 12:15:37 PDT","Tea Makers","101424","","","New","","","","","","CA","","",""
"147450023400",Crystal LED Touch Lamp RGB Rechargeable USB 10” Color Changing Light - Brand New,,,"2","FIXED_PRICE","CAD",11.99,,,11.99,"0","","","Jul-20-26 13:21:28 PDT","Oct-20-26 13:21:28 PDT","Lamps","112581","","","New","","","","","","CA","Does not apply","",""
"147450046589",2026 Disney Pixar Cars Lightning McQueen Mater Race To Celebrate 2 Pack 20th,,,"1","FIXED_PRICE","CAD",22.99,,,22.99,"3","3","0","Jul-20-26 13:40:47 PDT","Oct-20-26 13:40:47 PDT","Contemporary Manufacture","180506","","","New","","","","","","CA","194735357949","",""
"147450232520",Thomas & Friends Die-Cast Metal Push Along Thomas Toy Train Engine Mattel JLK57,,,"3","FIXED_PRICE","CAD",23.0,,,23.0,"0","2","0","Jul-20-26 15:54:53 PDT","Oct-20-26 15:54:53 PDT","Contemporary Manufacture","180506","","","New","","","","","","CA","Does not apply","",""
"147450486961",Mattel Brick Shop Hot Wheels ’24 Aston Martin Vantage GT3 793 PCS Presale 09/16,,,"3","FIXED_PRICE","CAD",95.0,,,95.0,"1","23","0","Jul-20-26 18:41:14 PDT","Oct-20-26 18:41:14 PDT","Contemporary Manufacture","180506","","","New","","","","","","CA","Does not apply","",""
"147450494342",Mattel Brick Shop Hot Wheels ’71 Lamborghini Miura P400 1523 Pcs -Pre Sale 02/10,,,"2","FIXED_PRICE","CAD",249.99,,,249.99,"0","17","0","Jul-20-26 18:48:48 PDT","Oct-20-26 18:48:48 PDT","Contemporary Manufacture","180506","","","New","","","","","","CA","Does not apply","",""
"147451360680",Vintage Toledo Letter Opener From Spain & Brass Foo Dog Incense Burner japan,,,"1","FIXED_PRICE","CAD",38.0,,,38.0,"0","","","Jul-21-26 04:10:52 PDT","Oct-21-26 04:10:52 PDT","Letter Openers","28020","","","Used","","","","","","CA","","",""
"147451370270",Star Wars Mandalorian & Grogu Guard Droid & Mercenary Stap Action Figure Hasbro,,,"2","FIXED_PRICE","CAD",13.99,,,13.99,"0","","","Jul-21-26 04:15:25 PDT","Oct-21-26 04:15:25 PDT","Action Figures","261068","","","New","","","","","","CA","5010996366429","",""
"147451445727",Transformers x Scooby-Doo Mysterious Prime & Automutt Action Figure Set Hasbro,,,"5","FIXED_PRICE","CAD",94.99,,,94.99,"0","8","0","Jul-21-26 04:53:51 PDT","Oct-21-26 04:53:51 PDT","Action Figures Playsets","261069","","","New","","","","","","CA","Does not apply","",""
"147452010168",Vintage Japanese Wood Bamboo Back Scratcher Signed Massage Tool Showa Era,,,"1","FIXED_PRICE","CAD",65.0,,,65.0,"0","","","Jul-21-26 10:27:22 PDT","Oct-21-26 10:27:22 PDT","Other Japanese Antiques","73466","","","","","","","","","CA","","",""
"147452111014",Dungeons & Dragons Wizard Metal Figure by Jada Toys 2020 Loose No Box,,,"1","FIXED_PRICE","CAD",2.0,,,2.0,"0","","","Jul-21-26 11:29:46 PDT","Oct-21-26 11:29:46 PDT","Miniatures","166803","","","Used","","","","","","CA","","",""
"147452208089",2026 Hot Wheels NIGHTSPEED 3/10 2018 HONDA CIVIC TYPE R Green Soft Corner,,,"1","FIXED_PRICE","CAD",5.25,,,5.25,"0","1","0","Jul-21-26 12:32:30 PDT","Oct-21-26 12:32:30 PDT","Contemporary Manufacture","180506","","","New","","","","","","CA","N/A","",""
"147452336003",Lot Of 2 Hot Wheels '98 Honda Prelude Black JDM Honda Factory Fresh 136/250 2026,,,"3","FIXED_PRICE","CAD",12.99,,,12.99,"1","4","0","Jul-21-26 14:03:25 PDT","Oct-21-26 14:03:25 PDT","Contemporary Manufacture","180506","","","New","","","","","","CA","0027084120134","",""
"147452340550",Hot Wheels Scuderia Ferrari HP Formula 1 F1 Car #120/250 RED Diecast JJJ78-N7C5,,,"0","FIXED_PRICE","CAD",8.5,,,8.5,"5","4","0","Jul-21-26 14:08:19 PDT","Oct-21-26 14:08:19 PDT","Contemporary Manufacture","180506","","","New","","","","","","CA","Does not apply","",""
"147452356095","2026 Hot Wheels Factory Fresh, Porsche 911 Carrera T Black #15/250",,,"3","FIXED_PRICE","CAD",7.0,,,7.0,"2","0","0","Jul-21-26 14:11:40 PDT","Oct-21-26 14:11:40 PDT","Contemporary Manufacture","180506","","","New","","","","","","CA","na","",""
"147452362129",Lot 2 Hot Wheels HONDA CIVIC TYPE R Green NIGHTSPEED 3/10 2018 Soft Corner,,,"1","FIXED_PRICE","CAD",6.0,,,6.0,"0","","","Jul-21-26 14:18:35 PDT","Oct-21-26 14:18:35 PDT","Contemporary Manufacture","180506","","","New","","","","","","CA","N/A","",""
"147452474787",Vintage Suntone Mini Portable AM/FM Radio RR2500 Twin Speaker System Retro Black,,Suntone radio,"1","FIXED_PRICE","CAD",32.0,,,32.0,"0","","","Jul-21-26 15:43:26 PDT","Oct-21-26 15:43:26 PDT","Other Collectible Radios","132","","","Used","","","","","","CA","","",""
"147453872104",GOD of War RAGNAROK Kratos McFarlane Elite Edition Action Figure Playstation,,,"3","FIXED_PRICE","CAD",99.99,,,99.99,"0","1","0","Jul-22-26 06:15:45 PDT","Oct-22-26 06:15:45 PDT","Action Figures","261068","","","New","","","","","","CA","787926118193","",""
"147453905281",Star Wars Vintage Collection Luuke VC401 Hasbro The Last Command In Stock,,,"11","FIXED_PRICE","CAD",44.0,,,44.0,"1","23","0","Jul-22-26 06:33:27 PDT","Oct-22-26 06:33:27 PDT","Action Figures","261068","","","New","","","","","","CA","5010996427090","",""
"147454584533",2026 Hot Wheels '20 Toyota GR Supra #157 Grey HW Then & Now 6/10,,,"4","FIXED_PRICE","CAD",5.55,,,5.55,"0","","","Jul-22-26 14:09:53 PDT","Oct-22-26 14:09:53 PDT","Contemporary Manufacture","180506","","","New","","","","","","CA","Does not apply","",""
"147454598861",Bburago 1:18 Formula One You Pick Verstappen Perez Hamilton Leclerc RB19,Pick Your Car=#11 Sergio Perez — Oracle Red Bull Racing RB19 (Mi;#1 Max Verstappen — Oracle Red Bull Racing RB19 (L;#44 Lewis Hamilton — Mercedes-AMG F1 W07 Hybrid;#16 Charles Leclerc — Ferrari SF-24;#1 Max Verstappen — With Blue Accent,,"24","FIXED_PRICE","CAD",50.0,,,50.0,"0","4","0","Jul-22-26 14:18:46 PDT","Oct-22-26 14:18:46 PDT","Contemporary Manufacture","180506","","","New","","","","","","CA","Does not apply","",""
"147454598861",Bburago 1:18 Formula One You Pick Verstappen Perez Hamilton Leclerc RB19,Pick Your Car=#11 Sergio Perez — Oracle Red Bull Racing RB19 (Mi,#11 Sergio Perez teal pink purple,"3","FIXED_PRICE","CAD",54.99,,,,"0",,,"Jul-22-26 14:18:46 PDT","Oct-22-26 14:18:46 PDT","Contemporary Manufacture","180506","","","New",,,,,"","CA","Does not apply","",""
"147454598861",Bburago 1:18 Formula One You Pick Verstappen Perez Hamilton Leclerc RB19,Pick Your Car=#1 Max Verstappen — Oracle Red Bull Racing RB19 (L,#1 Max Verstappen — Oracle RED BULL FULL BLACK,"4","FIXED_PRICE","CAD",54.99,,,,"0",,,"Jul-22-26 14:18:46 PDT","Oct-22-26 14:18:46 PDT","Contemporary Manufacture","180506","","","New",,,,,"","CA","Does not apply","",""
"147454598861",Bburago 1:18 Formula One You Pick Verstappen Perez Hamilton Leclerc RB19,Pick Your Car=#44 Lewis Hamilton — Mercedes-AMG F1 W07 Hybrid,#44 Lewis Hamilton — Mercedes-AMG F1 W07 Hybrid,"1","FIXED_PRICE","CAD",58.99,,,,"0",,,"Jul-22-26 14:18:46 PDT","Oct-22-26 14:18:46 PDT","Contemporary Manufacture","180506","","","New",,,,,"","CA","Does not apply","",""
"147454598861",Bburago 1:18 Formula One You Pick Verstappen Perez Hamilton Leclerc RB19,Pick Your Car=#16 Charles Leclerc — Ferrari SF-24,#16 Charles Leclerc — Ferrari SF-24,"15","FIXED_PRICE","CAD",50.0,,,,"0",,,"Jul-22-26 14:18:46 PDT","Oct-22-26 14:18:46 PDT","Contemporary Manufacture","180506","","","New",,,,,"","CA","Does not apply","",""
"147454598861",Bburago 1:18 Formula One You Pick Verstappen Perez Hamilton Leclerc RB19,Pick Your Car=#1 Max Verstappen — With Blue Accent,#1 Max Verstappen — With Blue Accent,"1","FIXED_PRICE","CAD",58.99,,,,"0",,,"Jul-22-26 14:18:46 PDT","Oct-22-26 14:18:46 PDT","Contemporary Manufacture","180506","","","New",,,,,"","CA","Does not apply","",""
"147454846005","IG-11 NEVARRO MARSHAL Hasbro Star Wars: The Black Series 6"" Action Figure 46 NEW",,,"1","FIXED_PRICE","CAD",53.0,,,53.0,"0","","","Jul-22-26 17:16:13 PDT","Oct-22-26 17:16:13 PDT","Action Figures","261068","","","New","","","","","","CA","Does not apply","",""
"147456435496",FIFA World Cup 2026 16-Piece Host City Mini Ball Set Official Licensed Brand New,,,"1","FIXED_PRICE","CAD",200.0,,,200.0,"0","2","0","Jul-23-26 09:36:12 PDT","Oct-23-26 09:36:12 PDT","Balls","20863","","","New","","","","","","CA","","",""
"147456454961",Transformers Age of the Primes Deluxe Class Junkion Jalopy AOTP Action Figure,,,"1","FIXED_PRICE","CAD",30.0,,,30.0,"0","","","Jul-23-26 09:50:18 PDT","Oct-23-26 09:50:18 PDT","Action Figures","261068","","","New","","","","","","CA","5010996380913","",""
"147456466531",Transformers One Studio Series Deluxe Class Airachnid Action Figure Hasbro,,,"1","FIXED_PRICE","CAD",44.99,,,44.99,"0","","","Jul-23-26 09:57:32 PDT","Oct-23-26 09:57:32 PDT","Action Figures","261068","","","New","","","","","","CA","","",""
"147456774935",🔥 Pelonis PSHF2022EOC Desktop Oscillating Ceramic Space Heater 1500W — Black,,PELONIS-PSHF2022E0C-001,"1","FIXED_PRICE","CAD",49.0,,,49.0,"0","","","Jul-23-26 13:11:24 PDT","Oct-23-26 13:11:24 PDT","Space Heaters","20613","","","New","","","","","","CA","687636007063","",""
"147456804693",Miniature Wood Rocking Chair Brown Vintage Folk Art Dollhouse Display Decor,,MINIATURE-ROCKING-CHAIR-001,"1","FIXED_PRICE","CAD",30.0,,,30.0,"0","","","Jul-23-26 13:26:18 PDT","Oct-23-26 13:26:18 PDT","Dollhouse Furniture","179309","","","Used","","","","","","CA","","",""
"147456854167",Hot Wheels Premium Car Culture Aéro Styles 2008 Audi A4 Touring Car FPY86,,HW-AUDI-A4-AEROSTYLES-FPY86-001,"0","FIXED_PRICE","CAD",13.0,,,13.0,"2","1","0","Jul-23-26 14:05:05 PDT","Oct-23-26 14:05:05 PDT","Contemporary Manufacture","180506","","","New","","","","","","CA","Does not apply","",""
"147456867701",Dubonnet Vintage Advertising Glasses Set of 3 Cassandre Art Bar Collectible,,DUBONNET-GLASSES-SET3-001,"1","FIXED_PRICE","CAD",80.0,,,80.0,"0","","","Jul-23-26 14:11:26 PDT","Oct-23-26 14:11:26 PDT","Other Glassware & Drinkware","261685","","","Used","","","","","","CA","Does not apply","",""
"147456928487",Dubonnet Vermouth Advertising Glasses Set 3 VTG Cassandre Art Bar Collectible,,,"1","FIXED_PRICE","CAD",45.0,,,45.0,"0","","","Jul-23-26 14:45:54 PDT","Oct-23-26 14:45:54 PDT","Other Glassware & Drinkware","261685","","","Used","","","","","","CA","","",""
"147457110569",Disney Pixar Cars Diecast 20th Anniversary Toy Story Buzz Lightyear & Woody 2026,,,"0","FIXED_PRICE","CAD",46.0,,,46.0,"1","7","0","Jul-23-26 16:50:35 PDT","Oct-23-26 16:50:35 PDT","Contemporary Manufacture","180506","","","New","","","","","","CA","Does not apply","",""
"147459034489","Marvel Legends Series - Spider-Man : Brand New Day 6"" Action Figure In Stock",,,"1","FIXED_PRICE","CAD",56.0,,,56.0,"0","2","0","Jul-24-26 12:24:40 PDT","Oct-24-26 12:24:40 PDT","Action Figures","261068","","","New","","","","","814288536","CA","0630509547999","",""
"147459039102",Hasbro Marvel Legends Series Spider-Man Brand New Day Hulk Figure In Stock Now,,,"1","FIXED_PRICE","CAD",68.0,,,68.0,"0","0","0","Jul-24-26 12:28:26 PDT","Oct-24-26 12:28:26 PDT","Action Figures","261068","","","New","","","","","","CA","","",""
"147459060550",Burago 1:18 Formula One Max Verstappen Perez Hamilton Leclerc Red bull You Pick,Pick Your Car=#11 Sergio Perez — Oracle Red Bull Racing RB19 (Mi;#1 Max Verstappen — Oracle Red Bull Racing RB19 (L;#44 Lewis Hamilton — Mercedes-AMG F1 W07 Hybrid;#16 Charles Leclerc — Ferrari SF-24;#1 Max Verstappen — With Blue Accent,,"23","FIXED_PRICE","CAD",50.0,,,50.0,"1","2","0","Jul-24-26 12:37:16 PDT","Oct-24-26 12:37:16 PDT","Contemporary Manufacture","180506","","","New","","","","","","CA","Does not apply","",""
"147459060550",Burago 1:18 Formula One Max Verstappen Perez Hamilton Leclerc Red bull You Pick,Pick Your Car=#11 Sergio Perez — Oracle Red Bull Racing RB19 (Mi,#11 Sergio Perez teal pink purple,"3","FIXED_PRICE","CAD",54.99,,,,"0",,,"Jul-24-26 12:37:16 PDT","Oct-24-26 12:37:16 PDT","Contemporary Manufacture","180506","","","New",,,,,"","CA","Does not apply","",""
"147459060550",Burago 1:18 Formula One Max Verstappen Perez Hamilton Leclerc Red bull You Pick,Pick Your Car=#1 Max Verstappen — Oracle Red Bull Racing RB19 (L,#1 Max Verstappen — Oracle RED BULL FULL BLACK,"4","FIXED_PRICE","CAD",54.99,,,,"0",,,"Jul-24-26 12:37:16 PDT","Oct-24-26 12:37:16 PDT","Contemporary Manufacture","180506","","","New",,,,,"","CA","Does not apply","",""
"147459060550",Burago 1:18 Formula One Max Verstappen Perez Hamilton Leclerc Red bull You Pick,Pick Your Car=#44 Lewis Hamilton — Mercedes-AMG F1 W07 Hybrid,#44 Lewis Hamilton — Mercedes-AMG F1 W07 Hybrid,"0","FIXED_PRICE","CAD",58.99,,,,"1",,,"Jul-24-26 12:37:16 PDT","Oct-24-26 12:37:16 PDT","Contemporary Manufacture","180506","","","New",,,,,"","CA","Does not apply","",""
"147459060550",Burago 1:18 Formula One Max Verstappen Perez Hamilton Leclerc Red bull You Pick,Pick Your Car=#16 Charles Leclerc — Ferrari SF-24,#16 Charles Leclerc — Ferrari SF-24,"15","FIXED_PRICE","CAD",50.0,,,,"0",,,"Jul-24-26 12:37:16 PDT","Oct-24-26 12:37:16 PDT","Contemporary Manufacture","180506","","","New",,,,,"","CA","Does not apply","",""
"147459060550",Burago 1:18 Formula One Max Verstappen Perez Hamilton Leclerc Red bull You Pick,Pick Your Car=#1 Max Verstappen — With Blue Accent,#1 Max Verstappen — With Blue Accent,"1","FIXED_PRICE","CAD",58.99,,,,"0",,,"Jul-24-26 12:37:16 PDT","Oct-24-26 12:37:16 PDT","Contemporary Manufacture","180506","","","New",,,,,"","CA","Does not apply","",""
"147459118416",Disney Pixar Cars Mater with #95 Hat Diecast 1:55 Mattel 95th Anniversary HHV86,,DISNEY-CARS-MATER-95HAT-001,"1","FIXED_PRICE","CAD",24.0,,,24.0,"0","0","0","Jul-24-26 13:18:41 PDT","Oct-24-26 13:18:41 PDT","Contemporary Manufacture","180506","","","New","","","","","","CA","887961561432","",""
"147459161501",Hot Wheels Premium Boulevard BMW M3 GTR #142 Silver GJT68 Real Riders New,,HW-BMW-M3GTR-BOULEVARD-142-001,"0","FIXED_PRICE","CAD",12.59,,,12.59,"2","2","0","Jul-24-26 13:50:07 PDT","Oct-24-26 13:50:07 PDT","Contemporary Manufacture","180506","","","New","","","","","","CA","Does not apply","",""
"147459173452",African Carved Wood Mask Red Signed Claude 1991 Folk Art Wall Hanging Vintage,,AFRICAN-MASK-RED-SIGNED-001,"1","FIXED_PRICE","CAD",26.0,,,26.0,"0","","","Jul-24-26 13:56:47 PDT","Oct-24-26 13:56:47 PDT","Masks","37946","","","","","","","","","CA","","",""
"147459181621",Ertl Case IH Magnum MX305 Tractor 1:32 Diecast Metal Britains 2006 - USED,,,"1","FIXED_PRICE","CAD",39.0,,,39.0,"0","","","Jul-24-26 14:05:53 PDT","Oct-24-26 14:05:53 PDT","Contemporary Manufacture","156623","","","Used","","","","","","CA","","",""
"147459330915",Marvel Legends The Punisher Frank Castle 6” Action Figure Hasbro NEW Sealed,,,"1","FIXED_PRICE","CAD",42.0,,,42.0,"0","1","0","Jul-24-26 15:41:09 PDT","Oct-24-26 15:41:09 PDT","Action Figures","261068","","","New","","","","","","CA","","",""
"147459384053",'33 Ford Lo Boy Light Blue 2026 Hot Wheels HW  Rod Squad 119/250 3/10,,,"1","FIXED_PRICE","CAD",5.05,,,5.05,"0","","","Jul-24-26 16:20:05 PDT","Oct-24-26 16:20:05 PDT","Contemporary Manufacture","180506","","","New","","","","","","CA","Does not apply","",""
"147459402442",Nefertiti Bust Statue Egyptian Queen – Ancient Egypt Pharaoh Sculpture – Vintage,,,"1","FIXED_PRICE","CAD",28.0,,,28.0,"0","","","Jul-24-26 16:34:42 PDT","Oct-24-26 16:34:42 PDT","Egyptian","10911","","","Used","","","","","","CA","","",""
"147459407205",Vintage Black Obsidian Aztec Mayan Warrior Statue Bookends Mexican Folk Art 5 In,,,"1","FIXED_PRICE","CAD",65.0,,,65.0,"0","0","0","Jul-24-26 16:43:16 PDT","Oct-24-26 16:43:16 PDT","Folk Art","149367","","","Used","","","","","","CA","","",""
"147465110519",2026 Silver Series Fast & Furious MAZDA RX-7 1995 WHITE Race-Off 2/5 Hot Wheels,,,"1","FIXED_PRICE","CAD",7.0,,,7.0,"0","1","0","Jul-27-26 12:33:53 PDT","Oct-27-26 12:33:53 PDT","Contemporary Manufacture","180506","","","New","","","","","","CA","0194735358212","",""
"147465115558",Orange 1970 Dodge Challenger R/T Fast And Furious Hot Wheels Premium Car 2/5,,,"1","FIXED_PRICE","CAD",8.0,,,8.0,"0","0","0","Jul-27-26 12:39:33 PDT","Oct-27-26 12:39:33 PDT","Contemporary Manufacture","180506","","","New","","","","","","CA","Does not apply","",""
"147465119552",Hot Wheels 2 Jet Z Treasure Hunt HW Dream Garage 147/250 Gold Black New Sealed,,,"1","FIXED_PRICE","CAD",8.0,,,8.0,"0","","","Jul-27-26 12:45:20 PDT","Oct-27-26 12:45:20 PDT","Contemporary Manufacture","180506","","","New","","","","","","CA","Does not apply","",""
"147465125156",2026 Matchbox 2002 Mazda RX-7 Spirit R #45/125 Titanium Gray JDM Rare HTF MBX,,,"1","FIXED_PRICE","CAD",8.99,,,8.99,"1","0","0","Jul-27-26 12:48:38 PDT","Oct-27-26 12:48:38 PDT","Contemporary Manufacture","180506","","","New","","","","","","CA","does not apply","",""
"147465137558",Porsche 911 Targa Green Convertible Carrera 2026 Matchbox MB MBX 49/125 Mint,,,"1","FIXED_PRICE","CAD",6.25,,,6.25,"0","","","Jul-27-26 12:51:29 PDT","Oct-27-26 12:51:29 PDT","Contemporary Manufacture","180506","","","New","","","","","","CA","na","",""
"147465140128",2023 Matchbox MBX Showroom Push 'N Puller Blue 53/100 70th Years Anniversary,,,"1","FIXED_PRICE","CAD",3.5,,,3.5,"0","","","Jul-27-26 12:54:50 PDT","Oct-27-26 12:54:50 PDT","Contemporary Manufacture","180506","","","New","","","","","","CA","does not apply","",""
"147465142219",2023 Chevy Corvette Z06 Convertible Orange 2026 Matchbox MBX 48/125 Combine Ship,,,"1","FIXED_PRICE","CAD",6.0,,,6.0,"0","","","Jul-27-26 12:57:37 PDT","Oct-27-26 12:57:37 PDT","Contemporary Manufacture","180506","","","New","","","","","","CA","Does not apply","",""
"147465151123",1969 Camaro SS 396 White 2026 Matchbox 56/125 Chevrolet Chevy New Mint Corner,,,"1","FIXED_PRICE","CAD",5.0,,,5.0,"0","","","Jul-27-26 12:59:42 PDT","Oct-27-26 12:59:42 PDT","Contemporary Manufacture","180506","","","New","","","","","","CA","Does not apply","",""
"147466897688",2023 Mercedes AMG GT3 1/24 Scale Diecast Model by Motormax - BLACK,,,"1","FIXED_PRICE","CAD",52.0,,,52.0,"0","","","Jul-28-26 05:45:53 PDT","Oct-28-26 05:45:53 PDT","Contemporary Manufacture","180506","","","New","","","","","","CA","Does not apply","",""
"147467498020",Egyptian Pharaoh Bust Resin Vintage Statue Tutankhamun King Egypt Figurine Decor,,,"1","FIXED_PRICE","CAD",40.0,,,40.0,"0","","","Jul-28-26 12:04:06 PDT","Oct-28-26 12:04:06 PDT","Egyptian","10911","","","Used","","","","","","CA","","",""
"147467561452",Kodak Carousel Transvue 140 Slide Tray with Original Box - Vintage Slide Project,,,"1","FIXED_PRICE","CAD",9.0,,,9.0,"0","","","Jul-28-26 12:40:32 PDT","Oct-28-26 12:40:32 PDT","Slide Trays & Carousels","83876","","","Used","","","","","","CA","","",""
"147467564842",Lot of 2 Kodak Carousel Transvue 140 Slide Trays with Original Boxes - Vintage,,,"1","FIXED_PRICE","CAD",18.0,,,18.0,"0","","","Jul-28-26 12:47:10 PDT","Oct-28-26 12:47:10 PDT","Slide Trays & Carousels","83876","","","Used","","","","","","CA","","",""
"147467579834",Vintage Kodak 80 Slide Carousel Tray Ektagraphic Universal Model 2,,,"1","FIXED_PRICE","CAD",7.0,,,7.0,"0","","","Jul-28-26 12:52:11 PDT","Oct-28-26 12:52:11 PDT","Slide Trays & Carousels","83876","","","Used","","","","","","CA","","",""
"147467795120",WWE Ultimate Legends Action Ultimate Warrior Figure & Accessories,,,"2","FIXED_PRICE","CAD",69.0,,,69.0,"2","1","0","Jul-28-26 15:19:23 PDT","Oct-28-26 15:19:23 PDT","Action Figures","261068","","","New","","","","","","CA","Does not apply","",""
"147467850151",Little People Collector The Cat In The Hat Dr Seuss Fisher Price - NEW Sealed,,,"5","FIXED_PRICE","CAD",45.0,,,45.0,"0","","","Jul-28-26 16:08:13 PDT","Oct-28-26 16:08:13 PDT","Littlest Pet Shop","150925","","","New","","","","","","CA","Does not apply","",""
"147468077048",Marvel Legends Series Wolverine - Marvel Studios Deadpool & Wolverine Movie 6 In,,,"1","FIXED_PRICE","CAD",50.0,,,50.0,"0","","","Jul-28-26 18:11:13 PDT","Oct-28-26 18:11:13 PDT","Action Figures","261068","","","New","","","","","","CA","","",""
"147468423342",2026 Hallmark Star Wars Boba Fett Vintage Figure Ornament *New* (PRE SALE 15OCT),,,"3","FIXED_PRICE","CAD",62.0,,,62.0,"2","5","0","Jul-28-26 20:51:22 PDT","Oct-28-26 20:51:22 PDT","Ornaments","77988","","","New","","","","","","CA","","",""
"147468428081",Hallmark Greedo Vintage Figure Star Wars Ornament 2026 SDCC EXCLUSIVE PRESALE,,,"0","FIXED_PRICE","CAD",150.0,,,150.0,"2","31","0","Jul-28-26 20:54:39 PDT","Oct-28-26 20:54:39 PDT","Ornaments","77988","","","New","","","","","","CA","","",""
"147469551265",WWE Elite Hulk Hogan John Cena Batista Action Figures 6-inch Collectible Instock,,,"1","FIXED_PRICE","CAD",145.0,,,145.0,"5","41","0","Jul-29-26 07:08:30 PDT","Oct-29-26 07:08:30 PDT","Action Figures","261068","","","New","","","","","","CA","","",""
"147469613379",Hearts of Darkness VHS 1991 Screening Copy Apocalypse Now Paramount Rare,,VHS-HEARTS-SCREEN,"1","FIXED_PRICE","CAD",14.0,,,14.0,"0","","","Jul-29-26 07:38:51 PDT","Oct-29-26 07:38:51 PDT","VHS Tapes","309","","","Very Good","","","","","","CA","","",""
"147469613381",Black Rain VHS 1989 Sealed Rare Promo Screener Michael Douglas Action Cult NEW,,VHS-BLACK-RAIN-SCREEN,"1","FIXED_PRICE","CAD",22.0,,,22.0,"0","","","Jul-29-26 07:38:51 PDT","Oct-29-26 07:38:51 PDT","VHS Tapes","309","","","Brand New","","","","","","CA","Does not apply","",""
"147469613383",Crying Game VHS 1992 Screening Copy Neil Jordan Forest Whitaker Rare Promo,,VHS-CRYING-GAME-SCREEN,"1","FIXED_PRICE","CAD",16.0,,,16.0,"0","","","Jul-29-26 07:38:51 PDT","Oct-29-26 07:38:51 PDT","VHS Tapes","309","","","Very Good","","","","","","CA","","",""
"147469614241",Conspiracy 2001 VHS Screener Sealed HBO Rare Kenneth Branagh Brand New - Sealed,,VHS-CONSPIRACY-SCREEN,"1","FIXED_PRICE","CAD",22.0,,,22.0,"0","","","Jul-29-26 07:39:23 PDT","Oct-29-26 07:39:23 PDT","VHS Tapes","309","","","Brand New","","","","","","CA","Does not apply","",""
"147469614242",North Fork 2003 VHS Sealed Promo Screener Rare Cult Movie James Woods NEW SEALED,,VHS-NORTHFORK-SCREEN,"1","FIXED_PRICE","CAD",25.0,,,25.0,"0","","","Jul-29-26 07:39:23 PDT","Oct-29-26 07:39:23 PDT","VHS Tapes","309","","","Brand New","","","","","","CA","0097363419938","",""
"147469614243",14 VHS Screener Promo Lot Rare Video Store Screeners Not For Resale Collection,,,"1","FIXED_PRICE","CAD",115.0,,,115.0,"0","1","0","Jul-29-26 07:39:23 PDT","Oct-29-26 07:39:23 PDT","VHS Tapes","309","","","Brand New","","","","","","CA","does not apply","",""
"147469614244",Secret Games 3 VHS Rare Unrated Erotic Thriller Screener Rochelle Swanson Cult,,,"1","FIXED_PRICE","CAD",28.0,,,28.0,"0","","","Jul-29-26 07:39:23 PDT","Oct-29-26 07:39:23 PDT","VHS Tapes","309","","","Like New","","","","","","CA","0019485189032","",""
"147469614245",A Perfect World VHS 1993 Rare Screener Clint Eastwood Kevin Costner Promo Tape,,VHS-PERFECT-WORLD-SCREEN,"1","FIXED_PRICE","CAD",20.0,,,20.0,"0","","","Jul-29-26 07:39:24 PDT","Oct-29-26 07:39:24 PDT","VHS Tapes","309","","","Very Good","","","","","","CA","does not apply","",""
"147469614246",Rare VHS Screener Lot 4 Promo Copies No Barcode Video Store Advance Screening ,,,"1","FIXED_PRICE","CAD",28.0,,,28.0,"0","","","Jul-29-26 07:39:23 PDT","Oct-29-26 07:39:23 PDT","VHS Tapes","309","","","Brand New","","","","","","CA","does not apply","",""
"147469614247",Lot 6 Sealed VHS Screeners Chain Of Gold Betrayal Of Dove Promo Not For Resale,,,"1","FIXED_PRICE","CAD",36.0,,,36.0,"0","","","Jul-29-26 07:39:24 PDT","Oct-29-26 07:39:24 PDT","VHS Tapes","309","","","Brand New","","","","","","CA","does not apply","",""
"147469614248",Lot 4 VHS Screener Promo In Memoriam WTC Warren Miller Ride Not For Resale,,,"1","FIXED_PRICE","CAD",23.0,,,23.0,"0","","","Jul-29-26 07:39:24 PDT","Oct-29-26 07:39:24 PDT","VHS Tapes","309","","","Brand New","","","","","","CA","does not apply","",""
"147469614249",The List VHS Rare Promo Screener NFR Alternate Cover Sealed Brand New Collector,,,"1","FIXED_PRICE","CAD",24.0,,,24.0,"0","","","Jul-29-26 07:39:24 PDT","Oct-29-26 07:39:24 PDT","VHS Tapes","309","","","Brand New","","","","","","CA","043396055353","",""
"147469614251",4 VHS Screener Lot Rare M Butterfly The List Me Veronica Video Store Promo,,,"1","FIXED_PRICE","CAD",36.0,,,36.0,"0","","","Jul-29-26 07:39:24 PDT","Oct-29-26 07:39:24 PDT","VHS Tapes","309","","","Brand New","","","","","","CA","does not apply","",""
"147469775369","Star Wars 18 inch ""SCOUT TROOPER"" Action Figure JAKKS Pacific 2014 - NEW",,,"1","FIXED_PRICE","CAD",37.0,,,37.0,"0","","","Jul-29-26 09:15:01 PDT","Oct-29-26 09:15:01 PDT","Action Figures","261068","","","New","","","","","","CA","039897794303","",""
"147470317926",LJN SUPERSTARS BLACK CARD THE ROCK WWE WRESTLING ACTION FIGURE,,,"2","FIXED_PRICE","CAD",61.0,,,61.0,"3","13","0","Jul-29-26 13:52:54 PDT","Oct-29-26 13:52:54 PDT","Action Figures","261068","","","New","","","","","","CA","","",""
"147474021774",Vintage Lot Wizard Dragon Statue Resine Fantasy Figurine Colorful Sorcerer Decor,,,"1","FIXED_PRICE","CAD",28.0,,,28.0,"0","1","0","Jul-31-26 07:13:30 PDT","Oct-31-26 07:13:30 PDT","Wizards","29800","","","Used","","","","","","CA","","",""
"147474225937",Stargate SG-1 Season 1 and Season 2 Dvd Set Lot,,,"1","FIXED_PRICE","CAD",26.0,,,26.0,"0","","","Jul-31-26 09:26:22 PDT","Oct-31-26 09:26:22 PDT","DVDs & Blu-ray Discs","617","","","Like New","","","","","","CA","0027616887016","",""
"147474240964",Game of Thrones Complete Second Season DVD Box Set HBO 5-Disc,,,"1","FIXED_PRICE","CAD",14.0,,,14.0,"0","","","Jul-31-26 09:31:26 PDT","Oct-31-26 09:31:26 PDT","DVDs & Blu-ray Discs","617","","","Like New","","","","","","CA","0887929842993","",""
"147474247274","PRISON BREAK: SEASON THREE COMPLETE 4-DISC DVD SET, SEASON 3, WENTWORTH MILLER",,,"1","FIXED_PRICE","CAD",9.99,,,9.99,"0","","","Jul-31-26 09:38:55 PDT","Oct-31-26 09:38:55 PDT","DVDs & Blu-ray Discs","617","","","Like New","","","","","","CA","0024543527275","",""
"147474265930",Coffee Prince No. 1 Korean Drama DVD 3-Disc Box Set Gong Yoo Yoon Eun-Hae MBC,,,"1","FIXED_PRICE","CAD",65.0,,,65.0,"0","","","Jul-31-26 09:50:09 PDT","Oct-31-26 09:50:09 PDT","DVDs & Blu-ray Discs","617","","","Like New","","","","","","CA","Does not apply","",""
"147474518355",Marvel Secret Wars Dr Doom 1984 Tribute Action Figure Mattel NIB Pre Order 1 Oct,,,"5","FIXED_PRICE","CAD",39.99,,,39.99,"0","4","0","Jul-31-26 12:47:25 PDT","Oct-31-26 12:47:25 PDT","Action Figures","261068","","","New","","","","","","CA","","",""
"147474924012",Mortal Kombat Klassic Johnny Cage McFarlane Toys Action Figure 2026 NEW,,,"2","FIXED_PRICE","CAD",29.99,,,29.99,"0","22","0","Jul-31-26 17:30:08 PDT","Oct-31-26 17:30:08 PDT","Action Figures","261068","","","New","","","","","","CA","787926118117","",""
"147476141945",LJN Superstars WWE Jelly Roll Series 3 Blue Card - New 2026 Action Figure,,,"1","FIXED_PRICE","CAD",58.0,,,58.0,"3","8","0","Aug-01-26 07:08:25 PDT","Nov-01-26 07:08:25 PST","Action Figures","261068","","","New","","","","","","CA","0194735356034","",""
"147476246685",Hot Wheels 2026 - Superstar Speeders - Toy Story 5 - BUZZ LIGHTYEAR Hi-tech NIB,,,"1","FIXED_PRICE","CAD",11.0,,,11.0,"0","0","0","Aug-01-26 08:05:14 PDT","Nov-01-26 08:05:14 PST","Contemporary Manufacture","180506","","","New","","","","","","CA","194735015399","",""
"147476250804",2026 Hot Wheels Spider-Man Superstar Speeders Brand New Day - El Segundo Coupé,,,"0","FIXED_PRICE","CAD",20.0,,,20.0,"3","1","0","Aug-01-26 08:07:08 PDT","Nov-01-26 08:07:08 PST","Contemporary Manufacture","180506","","","New","","","","","","CA","194735342174","",""
"147476266390",2026 Hot Wheels NEW Superstar Speeders Chrome Grogu & Ollie Rocket (Star Wars),,,"1","FIXED_PRICE","CAD",11.0,,,11.0,"0","","","Aug-01-26 08:11:00 PDT","Nov-01-26 08:11:00 PST","Contemporary Manufacture","180506","","","New","","","","","","CA","0194735341764","",""
"147476855356",BUY 3 GET 1 FREE Matchbox 2026 + Collector You Pick 1:64 Diecast Cars Trucks,You Pick=2023 Toyota GR Supra Yellow - Mainline 43-125;2023 Toyota GR Supra Grey - Mainline 121-125;2023 Toyota RAV4 TRD Dark Green - Mainline;2017 Toyota Land Cruiser 78 White Red - Mainline;1997 Toyota RAV4 Off Road Blue - Mainline 68-125;1980 Jeep J10 Stepside Red - Mainline 34-125;1958 Chevrolet Corvette Light Blue - Mainline;1995 BMW 318 Ti Black - Mainline;Porsche 911 Carrera Cabriolet Grey - Mainline;1985 Porsche 911 Rally Grey - Mainline;Porsche Cayenne Turbo Black Germany Edition;Express Delivery UPS Van Brown - Mainline 68-125;2023 Chevy Corvette Z06 Convertible Orange - 48-125;1969 Camaro SS 396 White Orange - Mainline 56-125;Porsche 918 Spyder Blue - Mainline 109-125;1997 McLaren F1 GT Green - Mainline 32-125 NEW MODEL;1968 Ford Mustang Fastback Green - The Movie 1-12;1969 Ford Mustang GT Green - The Movie 7-12;2020 Nissan GT-R Nismo Grey - The Movie 3-12;2024 Triumph Scrambler Black - The Movie 4-12;2019 Ram Ambulance White EMS - The Movie 5-12;Chevy Stock Car Black 35 - The Movie 6-12;1969 Chevrolet Camaro SS Blue - The Movie 2-12;Land Rover Defender 110 Beige - The Movie 10-12;1973 Volkswagen T2B Bus Orange - The Movie;1968 Ford Mustang Fastback Green - Movie Collector 04-04;1969 Chevrolet Camaro Blue - Movie Collector;Land Rover 6x6 Beige - Movie Collector 03-04;1972 Datsun 240Z Rally Yellow 11 - Collector 07-20;2023 Audi RS6 Avant White 63 - Collector 13-20;1984 Toyota MR2 Red 8 - Collector 09-20;1986 Volkswagen Golf Country Red 38 - Collector 02-20;Lamborghini LM002 White - Mainline 61-125;Radical SR33 XXR Yellow 71/125;Mazda RX7 Spirit R Titanium Grey #45;Porsche Targa Green Carrera;MBX showroom Push N Puller Blue 53/100 70th Annive;2023 Chevy Corvette Z06 Convertible Orange #48,MBX-YOUPICK-2026,"36","FIXED_PRICE","CAD",6.0,,,6.0,"1","2","0","Aug-01-26 15:20:00 PDT","Nov-01-26 15:20:00 PST","Contemporary Manufacture","180506","","","New","","","","","","CA","Does not apply","",""
"147476855356",BUY 3 GET 1 FREE Matchbox 2026 + Collector You Pick 1:64 Diecast Cars Trucks,You Pick=2023 Toyota GR Supra Yellow - Mainline 43-125,2023 Toyota GR Supra Yellow - Mainline 43-125,"1","FIXED_PRICE","CAD",9.99,,,,"0",,,"Aug-01-26 15:20:00 PDT","Nov-01-26 15:20:00 PST","Contemporary Manufacture","180506","","","New",,,,,"","CA","Does not apply","",""
"147476855356",BUY 3 GET 1 FREE Matchbox 2026 + Collector You Pick 1:64 Diecast Cars Trucks,You Pick=2023 Toyota GR Supra Grey - Mainline 121-125,2023 Toyota GR Supra Grey - Mainline 121-125,"1","FIXED_PRICE","CAD",9.99,,,,"0",,,"Aug-01-26 15:20:00 PDT","Nov-01-26 15:20:00 PST","Contemporary Manufacture","180506","","","New",,,,,"","CA","Does not apply","",""
"147476855356",BUY 3 GET 1 FREE Matchbox 2026 + Collector You Pick 1:64 Diecast Cars Trucks,You Pick=2023 Toyota RAV4 TRD Dark Green - Mainline,2023 Toyota RAV4 TRD Dark Green - Mainline,"1","FIXED_PRICE","CAD",7.0,,,,"0",,,"Aug-01-26 15:20:00 PDT","Nov-01-26 15:20:00 PST","Contemporary Manufacture","180506","","","New",,,,,"","CA","Does not apply","",""
"147476855356",BUY 3 GET 1 FREE Matchbox 2026 + Collector You Pick 1:64 Diecast Cars Trucks,You Pick=2017 Toyota Land Cruiser 78 White Red - Mainline,2017 Toyota Land Cruiser 78 White Red - Mainline,"1","FIXED_PRICE","CAD",9.99,,,,"0",,,"Aug-01-26 15:20:00 PDT","Nov-01-26 15:20:00 PST","Contemporary Manufacture","180506","","","New",,,,,"","CA","Does not apply","",""
"147476855356",BUY 3 GET 1 FREE Matchbox 2026 + Collector You Pick 1:64 Diecast Cars Trucks,You Pick=1997 Toyota RAV4 Off Road Blue - Mainline 68-125,1997 Toyota RAV4 Off Road Blue - Mainline 68-125,"1","FIXED_PRICE","CAD",9.99,,,,"0",,,"Aug-01-26 15:20:00 PDT","Nov-01-26 15:20:00 PST","Contemporary Manufacture","180506","","","New",,,,,"","CA","Does not apply","",""
"147476855356",BUY 3 GET 1 FREE Matchbox 2026 + Collector You Pick 1:64 Diecast Cars Trucks,You Pick=1980 Jeep J10 Stepside Red - Mainline 34-125,1980 Jeep J10 Stepside Red - Mainline 34-125,"1","FIXED_PRICE","CAD",9.99,,,,"0",,,"Aug-01-26 15:20:00 PDT","Nov-01-26 15:20:00 PST","Contemporary Manufacture","180506","","","New",,,,,"","CA","Does not apply","",""
"147476855356",BUY 3 GET 1 FREE Matchbox 2026 + Collector You Pick 1:64 Diecast Cars Trucks,You Pick=1958 Chevrolet Corvette Light Blue - Mainline,1958 Chevrolet Corvette Light Blue - Mainline,"1","FIXED_PRICE","CAD",9.99,,,,"0",,,"Aug-01-26 15:20:00 PDT","Nov-01-26 15:20:00 PST","Contemporary Manufacture","180506","","","New",,,,,"","CA","Does not apply","",""
"147476855356",BUY 3 GET 1 FREE Matchbox 2026 + Collector You Pick 1:64 Diecast Cars Trucks,You Pick=Lamborghini LM002 White - Mainline 61-125,Lamborghini LM002 White - Mainline 61-125,"1","FIXED_PRICE","CAD",10.0,,,,"0",,,"Aug-01-26 15:20:00 PDT","Nov-01-26 15:20:00 PST","Contemporary Manufacture","180506","","","New",,,,,"","CA","Does not apply","",""
"147476855356",BUY 3 GET 1 FREE Matchbox 2026 + Collector You Pick 1:64 Diecast Cars Trucks,You Pick=1995 BMW 318 Ti Black - Mainline,1995 BMW 318 Ti Black - Mainline,"1","FIXED_PRICE","CAD",9.99,,,,"0",,,"Aug-01-26 15:20:00 PDT","Nov-01-26 15:20:00 PST","Contemporary Manufacture","180506","","","New",,,,,"","CA","Does not apply","",""
"147476855356",BUY 3 GET 1 FREE Matchbox 2026 + Collector You Pick 1:64 Diecast Cars Trucks,You Pick=Porsche 911 Carrera Cabriolet Grey - Mainline,Porsche 911 Carrera Cabriolet Grey - Mainline,"1","FIXED_PRICE","CAD",9.99,,,,"0",,,"Aug-01-26 15:20:00 PDT","Nov-01-26 15:20:00 PST","Contemporary Manufacture","180506","","","New",,,,,"","CA","Does not apply","",""
"147476855356",BUY 3 GET 1 FREE Matchbox 2026 + Collector You Pick 1:64 Diecast Cars Trucks,You Pick=1985 Porsche 911 Rally Grey - Mainline,1985 Porsche 911 Rally Grey - Mainline,"1","FIXED_PRICE","CAD",9.99,,,,"0",,,"Aug-01-26 15:20:00 PDT","Nov-01-26 15:20:00 PST","Contemporary Manufacture","180506","","","New",,,,,"","CA","Does not apply","",""
"147476855356",BUY 3 GET 1 FREE Matchbox 2026 + Collector You Pick 1:64 Diecast Cars Trucks,You Pick=Porsche Cayenne Turbo Black Germany Edition,Porsche Cayenne Turbo Black Germany Edition,"1","FIXED_PRICE","CAD",40.0,,,,"0",,,"Aug-01-26 15:20:00 PDT","Nov-01-26 15:20:00 PST","Contemporary Manufacture","180506","","","New",,,,,"","CA","Does not apply","",""
"147476855356",BUY 3 GET 1 FREE Matchbox 2026 + Collector You Pick 1:64 Diecast Cars Trucks,You Pick=Express Delivery UPS Van Brown - Mainline 68-125,Express Delivery UPS Van Brown - Mainline 68-125,"1","FIXED_PRICE","CAD",50.0,,,,"0",,,"Aug-01-26 15:20:00 PDT","Nov-01-26 15:20:00 PST","Contemporary Manufacture","180506","","","New",,,,,"","CA","Does not apply","",""
"147476855356",BUY 3 GET 1 FREE Matchbox 2026 + Collector You Pick 1:64 Diecast Cars Trucks,You Pick=2023 Chevy Corvette Z06 Convertible Orange - 48-125,2023 Chevy Corvette Z06 Convertible Orange - 48-125,"1","FIXED_PRICE","CAD",9.99,,,,"0",,,"Aug-01-26 15:20:00 PDT","Nov-01-26 15:20:00 PST","Contemporary Manufacture","180506","","","New",,,,,"","CA","Does not apply","",""
"147476855356",BUY 3 GET 1 FREE Matchbox 2026 + Collector You Pick 1:64 Diecast Cars Trucks,You Pick=1969 Camaro SS 396 White Orange - Mainline 56-125,1969 Camaro SS 396 White Orange - Mainline 56-125,"1","FIXED_PRICE","CAD",9.99,,,,"0",,,"Aug-01-26 15:20:00 PDT","Nov-01-26 15:20:00 PST","Contemporary Manufacture","180506","","","New",,,,,"","CA","Does not apply","",""
"147476855356",BUY 3 GET 1 FREE Matchbox 2026 + Collector You Pick 1:64 Diecast Cars Trucks,You Pick=Porsche 918 Spyder Blue - Mainline 109-125,Porsche 918 Spyder Blue - Mainline 109-125,"1","FIXED_PRICE","CAD",11.0,,,,"0",,,"Aug-01-26 15:20:00 PDT","Nov-01-26 15:20:00 PST","Contemporary Manufacture","180506","","","New",,,,,"","CA","Does not apply","",""
"147476855356",BUY 3 GET 1 FREE Matchbox 2026 + Collector You Pick 1:64 Diecast Cars Trucks,You Pick=1997 McLaren F1 GT Green - Mainline 32-125 NEW MODEL,1997 McLaren F1 GT Green - Mainline 32-125 NEW MODEL,"1","FIXED_PRICE","CAD",11.0,,,,"0",,,"Aug-01-26 15:20:00 PDT","Nov-01-26 15:20:00 PST","Contemporary Manufacture","180506","","","New",,,,,"","CA","Does not apply","",""
"147476855356",BUY 3 GET 1 FREE Matchbox 2026 + Collector You Pick 1:64 Diecast Cars Trucks,You Pick=1968 Ford Mustang Fastback Green - The Movie 1-12,1968 Ford Mustang Fastback Green - The Movie 1-12,"1","FIXED_PRICE","CAD",9.99,,,,"0",,,"Aug-01-26 15:20:00 PDT","Nov-01-26 15:20:00 PST","Contemporary Manufacture","180506","","","New",,,,,"","CA","Does not apply","",""
"147476855356",BUY 3 GET 1 FREE Matchbox 2026 + Collector You Pick 1:64 Diecast Cars Trucks,You Pick=1969 Ford Mustang GT Green - The Movie 7-12,1969 Ford Mustang GT Green - The Movie 7-12,"1","FIXED_PRICE","CAD",9.99,,,,"0",,,"Aug-01-26 15:20:00 PDT","Nov-01-26 15:20:00 PST","Contemporary Manufacture","180506","","","New",,,,,"","CA","Does not apply","",""
"147476855356",BUY 3 GET 1 FREE Matchbox 2026 + Collector You Pick 1:64 Diecast Cars Trucks,You Pick=2020 Nissan GT-R Nismo Grey - The Movie 3-12,2020 Nissan GT-R Nismo Grey - The Movie 3-12,"0","FIXED_PRICE","CAD",22.0,,,,"1",,,"Aug-01-26 15:20:00 PDT","Nov-01-26 15:20:00 PST","Contemporary Manufacture","180506","","","New",,,,,"","CA","Does not apply","",""
"147476855356",BUY 3 GET 1 FREE Matchbox 2026 + Collector You Pick 1:64 Diecast Cars Trucks,You Pick=2024 Triumph Scrambler Black - The Movie 4-12,2024 Triumph Scrambler Black - The Movie 4-12,"1","FIXED_PRICE","CAD",9.99,,,,"0",,,"Aug-01-26 15:20:00 PDT","Nov-01-26 15:20:00 PST","Contemporary Manufacture","180506","","","New",,,,,"","CA","Does not apply","",""
"147476855356",BUY 3 GET 1 FREE Matchbox 2026 + Collector You Pick 1:64 Diecast Cars Trucks,You Pick=2019 Ram Ambulance White EMS - The Movie 5-12,2019 Ram Ambulance White EMS - The Movie 5-12,"1","FIXED_PRICE","CAD",11.0,,,,"0",,,"Aug-01-26 15:20:00 PDT","Nov-01-26 15:20:00 PST","Contemporary Manufacture","180506","","","New",,,,,"","CA","Does not apply","",""
"147476855356",BUY 3 GET 1 FREE Matchbox 2026 + Collector You Pick 1:64 Diecast Cars Trucks,You Pick=Chevy Stock Car Black 35 - The Movie 6-12,Chevy Stock Car Black 35 - The Movie 6-12,"1","FIXED_PRICE","CAD",9.49,,,,"0",,,"Aug-01-26 15:20:00 PDT","Nov-01-26 15:20:00 PST","Contemporary Manufacture","180506","","","New",,,,,"","CA","Does not apply","",""
"147476855356",BUY 3 GET 1 FREE Matchbox 2026 + Collector You Pick 1:64 Diecast Cars Trucks,You Pick=1969 Chevrolet Camaro SS Blue - The Movie 2-12,1969 Chevrolet Camaro SS Blue - The Movie 2-12,"1","FIXED_PRICE","CAD",9.49,,,,"0",,,"Aug-01-26 15:20:00 PDT","Nov-01-26 15:20:00 PST","Contemporary Manufacture","180506","","","New",,,,,"","CA","Does not apply","",""
"147476855356",BUY 3 GET 1 FREE Matchbox 2026 + Collector You Pick 1:64 Diecast Cars Trucks,You Pick=Land Rover Defender 110 Beige - The Movie 10-12,Land Rover Defender 110 Beige - The Movie 10-12,"1","FIXED_PRICE","CAD",9.99,,,,"0",,,"Aug-01-26 15:20:00 PDT","Nov-01-26 15:20:00 PST","Contemporary Manufacture","180506","","","New",,,,,"","CA","Does not apply","",""
"147476855356",BUY 3 GET 1 FREE Matchbox 2026 + Collector You Pick 1:64 Diecast Cars Trucks,You Pick=1973 Volkswagen T2B Bus Orange - The Movie,1973 Volkswagen T2B Bus Orange - The Movie,"1","FIXED_PRICE","CAD",15.0,,,,"0",,,"Aug-01-26 15:20:00 PDT","Nov-01-26 15:20:00 PST","Contemporary Manufacture","180506","","","New",,,,,"","CA","Does not apply","",""
"147476855356",BUY 3 GET 1 FREE Matchbox 2026 + Collector You Pick 1:64 Diecast Cars Trucks,You Pick=1968 Ford Mustang Fastback Green - Movie Collector 04-04,1968 Ford Mustang Fastback Green - Movie Collector 04-04,"1","FIXED_PRICE","CAD",25.0,,,,"0",,,"Aug-01-26 15:20:00 PDT","Nov-01-26 15:20:00 PST","Contemporary Manufacture","180506","","","New",,,,,"","CA","Does not apply","",""
"147476855356",BUY 3 GET 1 FREE Matchbox 2026 + Collector You Pick 1:64 Diecast Cars Trucks,You Pick=1969 Chevrolet Camaro Blue - Movie Collector,1969 Chevrolet Camaro Blue - Movie Collector,"1","FIXED_PRICE","CAD",25.0,,,,"0",,,"Aug-01-26 15:20:00 PDT","Nov-01-26 15:20:00 PST","Contemporary Manufacture","180506","","","New",,,,,"","CA","Does not apply","",""
"147476855356",BUY 3 GET 1 FREE Matchbox 2026 + Collector You Pick 1:64 Diecast Cars Trucks,You Pick=Land Rover 6x6 Beige - Movie Collector 03-04,Land Rover 6x6 Beige - Movie Collector 03-04,"1","FIXED_PRICE","CAD",25.0,,,,"0",,,"Aug-01-26 15:20:00 PDT","Nov-01-26 15:20:00 PST","Contemporary Manufacture","180506","","","New",,,,,"","CA","Does not apply","",""
"147476855356",BUY 3 GET 1 FREE Matchbox 2026 + Collector You Pick 1:64 Diecast Cars Trucks,You Pick=1972 Datsun 240Z Rally Yellow 11 - Collector 07-20,1972 Datsun 240Z Rally Yellow 11 - Collector 07-20,"1","FIXED_PRICE","CAD",25.0,,,,"0",,,"Aug-01-26 15:20:00 PDT","Nov-01-26 15:20:00 PST","Contemporary Manufacture","180506","","","New",,,,,"","CA","Does not apply","",""
"147476855356",BUY 3 GET 1 FREE Matchbox 2026 + Collector You Pick 1:64 Diecast Cars Trucks,You Pick=2023 Audi RS6 Avant White 63 - Collector 13-20,2023 Audi RS6 Avant White 63 - Collector 13-20,"1","FIXED_PRICE","CAD",23.0,,,,"0",,,"Aug-01-26 15:20:00 PDT","Nov-01-26 15:20:00 PST","Contemporary Manufacture","180506","","","New",,,,,"","CA","Does not apply","",""
"147476855356",BUY 3 GET 1 FREE Matchbox 2026 + Collector You Pick 1:64 Diecast Cars Trucks,You Pick=1984 Toyota MR2 Red 8 - Collector 09-20,1984 Toyota MR2 Red 8 - Collector 09-20,"1","FIXED_PRICE","CAD",23.0,,,,"0",,,"Aug-01-26 15:20:00 PDT","Nov-01-26 15:20:00 PST","Contemporary Manufacture","180506","","","New",,,,,"","CA","Does not apply","",""
"147476855356",BUY 3 GET 1 FREE Matchbox 2026 + Collector You Pick 1:64 Diecast Cars Trucks,You Pick=1986 Volkswagen Golf Country Red 38 - Collector 02-20,1986 Volkswagen Golf Country Red 38 - Collector 02-20,"1","FIXED_PRICE","CAD",23.0,,,,"0",,,"Aug-01-26 15:20:00 PDT","Nov-01-26 15:20:00 PST","Contemporary Manufacture","180506","","","New",,,,,"","CA","Does not apply","",""
"147476855356",BUY 3 GET 1 FREE Matchbox 2026 + Collector You Pick 1:64 Diecast Cars Trucks,You Pick=Radical SR33 XXR Yellow 71/125,Radical SR33 XXR Yellow 71/125,"0","FIXED_PRICE","CAD",9.0,,,,"0",,,"Aug-01-26 15:20:00 PDT","Nov-01-26 15:20:00 PST","Contemporary Manufacture","180506","","","New",,,,,"","CA","Does not apply","",""
"147476855356",BUY 3 GET 1 FREE Matchbox 2026 + Collector You Pick 1:64 Diecast Cars Trucks,You Pick=Mazda RX7 Spirit R Titanium Grey #45,Mazda RX7 Spirit R Titanium Grey #45,"1","FIXED_PRICE","CAD",16.0,,,,"0",,,"Aug-01-26 15:20:00 PDT","Nov-01-26 15:20:00 PST","Contemporary Manufacture","180506","","","New",,,,,"","CA","Does not apply","",""
"147476855356",BUY 3 GET 1 FREE Matchbox 2026 + Collector You Pick 1:64 Diecast Cars Trucks,You Pick=Porsche Targa Green Carrera,Porsche Targa Green Carrera,"1","FIXED_PRICE","CAD",9.99,,,,"0",,,"Aug-01-26 15:20:00 PDT","Nov-01-26 15:20:00 PST","Contemporary Manufacture","180506","","","New",,,,,"","CA","Does not apply","",""
"147476855356",BUY 3 GET 1 FREE Matchbox 2026 + Collector You Pick 1:64 Diecast Cars Trucks,You Pick=MBX showroom Push N Puller Blue 53/100 70th Annive,MBX showroom Push N Puller Blue 53/100 70th Annive,"1","FIXED_PRICE","CAD",6.0,,,,"0",,,"Aug-01-26 15:20:00 PDT","Nov-01-26 15:20:00 PST","Contemporary Manufacture","180506","","","New",,,,,"","CA","Does not apply","",""
"147476855356",BUY 3 GET 1 FREE Matchbox 2026 + Collector You Pick 1:64 Diecast Cars Trucks,You Pick=2023 Chevy Corvette Z06 Convertible Orange #48,2023 Chevy Corvette Z06 Convertible Orange #48,"1","FIXED_PRICE","CAD",9.99,,,,"0",,,"Aug-01-26 15:20:00 PDT","Nov-01-26 15:20:00 PST","Contemporary Manufacture","180506","","","New",,,,,"","CA","Does not apply","",""
"147476951771",BUY 3 GET 1 FREE DVD Lot You Pick Movies TV Series Comedy Action Sci-Fi Drama,Movie Title=Coffee Prince No 1 Korean Drama Boxset;King of Baking Kim Tak Gu Korean Drama Boxset;Barney's Great Adventure The Movie;Fast & Furious 1-4 Collection Boxset;Prison Break Complete Season 3 Boxset;Game of Thrones Complete Second Season Boxset;Les Freres Scott Saison 2 Integrale FRENCH;Les Freres Scott Saison 3 Integrale FRENCH;Les Freres Scott Saison 4 Integrale FRENCH;Les Freres Scott Saison 5 Integrale FRENCH;Six Feet Under Complete Fourth Season BRAND NEW SEALED;One Tree Hill Complete Eighth Season Boxset;One Tree Hill Complete Ninth and Final Season Boxset;Asterix & Obelix Mission Cleopatre FRENCH;Buffy the Vampire Slayer Season 3 BRAND NEW SEALED;Pokemon 4Ever Celebi Voice of the Forest;Roswell Complete Second Season BRAND NEW SEALED;Feroce Rogue Non Censure FRENCH Dimension Extreme;Finding Nemo Collector's Edition BLU-RAY + DVD 3 Disc;48 Hrs Nick Nolte Eddie Murphy Original Cover;48 Hrs 48 Heures Alternate Cover Bilingual;Bakugan Battle Brawlers Vol 1 with Ability Card;Bakugan Battle Brawlers Vol 2 Teletoon;Lord of the Rings Two Towers Fullscreen BRAND NEW SEALED;Fissures Emilie Dequenne Mathieu Demy FRENCH;Stargate SG-1 Complete Season 1 & 2 Boxset;The Tourist Bluray - Multi Language;Stone Blu-ray Multi Language;Good Luck Chuck DVD;THE O.C The Complete Third Season,DVD-YOUPICK-001,"30","FIXED_PRICE","CAD",2.99,,,2.99,"0","","","Aug-01-26 16:38:00 PDT","Nov-01-26 16:38:00 PST","DVDs & Blu-ray Discs","617","","","Very Good","","","","","","CA","Does not apply","",""
"147476951771",BUY 3 GET 1 FREE DVD Lot You Pick Movies TV Series Comedy Action Sci-Fi Drama,Movie Title=Coffee Prince No 1 Korean Drama Boxset,Coffee Prince No 1 Korean Drama Boxset,"1","FIXED_PRICE","CAD",48.99,,,,"0",,,"Aug-01-26 16:38:00 PDT","Nov-01-26 16:38:00 PST","DVDs & Blu-ray Discs","617","","","Very Good",,,,,"","CA","Does not apply","",""
"147476951771",BUY 3 GET 1 FREE DVD Lot You Pick Movies TV Series Comedy Action Sci-Fi Drama,Movie Title=King of Baking Kim Tak Gu Korean Drama Boxset,King of Baking Kim Tak Gu Korean Drama Boxset,"0","FIXED_PRICE","CAD",34.99,,,,"0",,,"Aug-01-26 16:38:00 PDT","Nov-01-26 16:38:00 PST","DVDs & Blu-ray Discs","617","","","Very Good",,,,,"","CA","Does not apply","",""
"147476951771",BUY 3 GET 1 FREE DVD Lot You Pick Movies TV Series Comedy Action Sci-Fi Drama,Movie Title=Barney's Great Adventure The Movie,Barney's Great Adventure The Movie,"1","FIXED_PRICE","CAD",6.99,,,,"0",,,"Aug-01-26 16:38:00 PDT","Nov-01-26 16:38:00 PST","DVDs & Blu-ray Discs","617","","","Very Good",,,,,"","CA","Does not apply","",""
"147476951771",BUY 3 GET 1 FREE DVD Lot You Pick Movies TV Series Comedy Action Sci-Fi Drama,Movie Title=Fast & Furious 1-4 Collection Boxset,Fast & Furious 1-4 Collection Boxset,"1","FIXED_PRICE","CAD",11.99,,,,"0",,,"Aug-01-26 16:38:00 PDT","Nov-01-26 16:38:00 PST","DVDs & Blu-ray Discs","617","","","Very Good",,,,,"","CA","Does not apply","",""
"147476951771",BUY 3 GET 1 FREE DVD Lot You Pick Movies TV Series Comedy Action Sci-Fi Drama,Movie Title=Prison Break Complete Season 3 Boxset,Prison Break Complete Season 3 Boxset,"1","FIXED_PRICE","CAD",8.99,,,,"0",,,"Aug-01-26 16:38:00 PDT","Nov-01-26 16:38:00 PST","DVDs & Blu-ray Discs","617","","","Very Good",,,,,"","CA","Does not apply","",""
"147476951771",BUY 3 GET 1 FREE DVD Lot You Pick Movies TV Series Comedy Action Sci-Fi Drama,Movie Title=Game of Thrones Complete Second Season Boxset,Game of Thrones Complete Second Season Boxset,"1","FIXED_PRICE","CAD",12.99,,,,"0",,,"Aug-01-26 16:38:00 PDT","Nov-01-26 16:38:00 PST","DVDs & Blu-ray Discs","617","","","Very Good",,,,,"","CA","Does not apply","",""
"147476951771",BUY 3 GET 1 FREE DVD Lot You Pick Movies TV Series Comedy Action Sci-Fi Drama,Movie Title=Les Freres Scott Saison 2 Integrale FRENCH,One Three Hill Complete Season 2 DVD,"1","FIXED_PRICE","CAD",10.99,,,,"0",,,"Aug-01-26 16:38:00 PDT","Nov-01-26 16:38:00 PST","DVDs & Blu-ray Discs","617","","","Very Good",,,,,"","CA","Does not apply","",""
"147476951771",BUY 3 GET 1 FREE DVD Lot You Pick Movies TV Series Comedy Action Sci-Fi Drama,Movie Title=Les Freres Scott Saison 3 Integrale FRENCH,One Three Hill Complete Season 3 DVD,"1","FIXED_PRICE","CAD",10.99,,,,"0",,,"Aug-01-26 16:38:00 PDT","Nov-01-26 16:38:00 PST","DVDs & Blu-ray Discs","617","","","Very Good",,,,,"","CA","Does not apply","",""
"147476951771",BUY 3 GET 1 FREE DVD Lot You Pick Movies TV Series Comedy Action Sci-Fi Drama,Movie Title=Les Freres Scott Saison 4 Integrale FRENCH,One Three Hill Complete Season 4 DVD,"1","FIXED_PRICE","CAD",10.99,,,,"0",,,"Aug-01-26 16:38:00 PDT","Nov-01-26 16:38:00 PST","DVDs & Blu-ray Discs","617","","","Very Good",,,,,"","CA","Does not apply","",""
"147476951771",BUY 3 GET 1 FREE DVD Lot You Pick Movies TV Series Comedy Action Sci-Fi Drama,Movie Title=Les Freres Scott Saison 5 Integrale FRENCH,One Three Hill Complete Season 5 DVD,"1","FIXED_PRICE","CAD",10.99,,,,"0",,,"Aug-01-26 16:38:00 PDT","Nov-01-26 16:38:00 PST","DVDs & Blu-ray Discs","617","","","Very Good",,,,,"","CA","Does not apply","",""
"147476951771",BUY 3 GET 1 FREE DVD Lot You Pick Movies TV Series Comedy Action Sci-Fi Drama,Movie Title=Six Feet Under Complete Fourth Season BRAND NEW SEALED,Six Feet Under Complete Fourth Season BRAND NEW SEALED,"1","FIXED_PRICE","CAD",18.99,,,,"0",,,"Aug-01-26 16:38:00 PDT","Nov-01-26 16:38:00 PST","DVDs & Blu-ray Discs","617","","","Very Good",,,,,"","CA","Does not apply","",""
"147476951771",BUY 3 GET 1 FREE DVD Lot You Pick Movies TV Series Comedy Action Sci-Fi Drama,Movie Title=One Tree Hill Complete Eighth Season Boxset,One Tree Hill Complete Eighth Season Boxset,"1","FIXED_PRICE","CAD",10.99,,,,"0",,,"Aug-01-26 16:38:00 PDT","Nov-01-26 16:38:00 PST","DVDs & Blu-ray Discs","617","","","Very Good",,,,,"","CA","Does not apply","",""
"147476951771",BUY 3 GET 1 FREE DVD Lot You Pick Movies TV Series Comedy Action Sci-Fi Drama,Movie Title=One Tree Hill Complete Ninth and Final Season Boxset,One Tree Hill Complete Ninth and Final Season Boxset,"2","FIXED_PRICE","CAD",10.99,,,,"0",,,"Aug-01-26 16:38:00 PDT","Nov-01-26 16:38:00 PST","DVDs & Blu-ray Discs","617","","","Very Good",,,,,"","CA","Does not apply","",""
"147476951771",BUY 3 GET 1 FREE DVD Lot You Pick Movies TV Series Comedy Action Sci-Fi Drama,Movie Title=Asterix & Obelix Mission Cleopatre FRENCH,Asterix & Obelix Mission Cleopatre FRENCH,"1","FIXED_PRICE","CAD",17.99,,,,"0",,,"Aug-01-26 16:38:00 PDT","Nov-01-26 16:38:00 PST","DVDs & Blu-ray Discs","617","","","Very Good",,,,,"","CA","Does not apply","",""
"147476951771",BUY 3 GET 1 FREE DVD Lot You Pick Movies TV Series Comedy Action Sci-Fi Drama,Movie Title=Buffy the Vampire Slayer Season 3 BRAND NEW SEALED,Buffy the Vampire Slayer Season 3 BRAND NEW SEALED,"1","FIXED_PRICE","CAD",25.99,,,,"0",,,"Aug-01-26 16:38:00 PDT","Nov-01-26 16:38:00 PST","DVDs & Blu-ray Discs","617","","","Very Good",,,,,"","CA","Does not apply","",""
"147476951771",BUY 3 GET 1 FREE DVD Lot You Pick Movies TV Series Comedy Action Sci-Fi Drama,Movie Title=Pokemon 4Ever Celebi Voice of the Forest,Pokemon 4Ever Celebi Voice of the Forest,"1","FIXED_PRICE","CAD",15.99,,,,"0",,,"Aug-01-26 16:38:00 PDT","Nov-01-26 16:38:00 PST","DVDs & Blu-ray Discs","617","","","Very Good",,,,,"","CA","Does not apply","",""
"147476951771",BUY 3 GET 1 FREE DVD Lot You Pick Movies TV Series Comedy Action Sci-Fi Drama,Movie Title=Roswell Complete Second Season BRAND NEW SEALED,Roswell Complete Second Season BRAND NEW SEALED,"1","FIXED_PRICE","CAD",32.99,,,,"0",,,"Aug-01-26 16:38:00 PDT","Nov-01-26 16:38:00 PST","DVDs & Blu-ray Discs","617","","","Very Good",,,,,"","CA","Does not apply","",""
"147476951771",BUY 3 GET 1 FREE DVD Lot You Pick Movies TV Series Comedy Action Sci-Fi Drama,Movie Title=Feroce Rogue Non Censure FRENCH Dimension Extreme,Feroce Rogue Non Censure FRENCH Dimension Extreme,"1","FIXED_PRICE","CAD",2.99,,,,"0",,,"Aug-01-26 16:38:00 PDT","Nov-01-26 16:38:00 PST","DVDs & Blu-ray Discs","617","","","Very Good",,,,,"","CA","Does not apply","",""
"147476951771",BUY 3 GET 1 FREE DVD Lot You Pick Movies TV Series Comedy Action Sci-Fi Drama,Movie Title=Finding Nemo Collector's Edition BLU-RAY + DVD 3 Disc,Finding Nemo Collector's Edition BLU-RAY + DVD 3 Disc,"1","FIXED_PRICE","CAD",12.99,,,,"0",,,"Aug-01-26 16:38:00 PDT","Nov-01-26 16:38:00 PST","DVDs & Blu-ray Discs","617","","","Very Good",,,,,"","CA","Does not apply","",""
"147476951771",BUY 3 GET 1 FREE DVD Lot You Pick Movies TV Series Comedy Action Sci-Fi Drama,Movie Title=48 Hrs Nick Nolte Eddie Murphy Original Cover,48 Hrs Nick Nolte Eddie Murphy Original Cover,"1","FIXED_PRICE","CAD",2.99,,,,"0",,,"Aug-01-26 16:38:00 PDT","Nov-01-26 16:38:00 PST","DVDs & Blu-ray Discs","617","","","Very Good",,,,,"","CA","Does not apply","",""
"147476951771",BUY 3 GET 1 FREE DVD Lot You Pick Movies TV Series Comedy Action Sci-Fi Drama,Movie Title=48 Hrs 48 Heures Alternate Cover Bilingual,48 Hrs 48 Heures Alternate Cover Bilingual,"1","FIXED_PRICE","CAD",2.99,,,,"0",,,"Aug-01-26 16:38:00 PDT","Nov-01-26 16:38:00 PST","DVDs & Blu-ray Discs","617","","","Very Good",,,,,"","CA","Does not apply","",""
"147476951771",BUY 3 GET 1 FREE DVD Lot You Pick Movies TV Series Comedy Action Sci-Fi Drama,Movie Title=Bakugan Battle Brawlers Vol 1 with Ability Card,Bakugan Battle Brawlers Vol 1 with Ability Card,"1","FIXED_PRICE","CAD",12.99,,,,"0",,,"Aug-01-26 16:38:00 PDT","Nov-01-26 16:38:00 PST","DVDs & Blu-ray Discs","617","","","Very Good",,,,,"","CA","Does not apply","",""
"147476951771",BUY 3 GET 1 FREE DVD Lot You Pick Movies TV Series Comedy Action Sci-Fi Drama,Movie Title=Bakugan Battle Brawlers Vol 2 Teletoon,Bakugan Battle Brawlers Vol 2 Teletoon,"1","FIXED_PRICE","CAD",14.99,,,,"0",,,"Aug-01-26 16:38:00 PDT","Nov-01-26 16:38:00 PST","DVDs & Blu-ray Discs","617","","","Very Good",,,,,"","CA","Does not apply","",""
"147476951771",BUY 3 GET 1 FREE DVD Lot You Pick Movies TV Series Comedy Action Sci-Fi Drama,Movie Title=Lord of the Rings Two Towers Fullscreen BRAND NEW SEALED,Lord of the Rings Two Towers Fullscreen BRAND NEW SEALED,"1","FIXED_PRICE","CAD",8.99,,,,"0",,,"Aug-01-26 16:38:00 PDT","Nov-01-26 16:38:00 PST","DVDs & Blu-ray Discs","617","","","Very Good",,,,,"","CA","Does not apply","",""
"147476951771",BUY 3 GET 1 FREE DVD Lot You Pick Movies TV Series Comedy Action Sci-Fi Drama,Movie Title=Fissures Emilie Dequenne Mathieu Demy FRENCH,Fissures Emilie Dequenne Mathieu Demy FRENCH 5.1,"1","FIXED_PRICE","CAD",2.99,,,,"0",,,"Aug-01-26 16:38:00 PDT","Nov-01-26 16:38:00 PST","DVDs & Blu-ray Discs","617","","","Very Good",,,,,"","CA","Does not apply","",""
"147476951771",BUY 3 GET 1 FREE DVD Lot You Pick Movies TV Series Comedy Action Sci-Fi Drama,Movie Title=Stargate SG-1 Complete Season 1 & 2 Boxset,Stargate SG-1 Complete Season 1 & 2 Boxset,"1","FIXED_PRICE","CAD",48.99,,,,"0",,,"Aug-01-26 16:38:00 PDT","Nov-01-26 16:38:00 PST","DVDs & Blu-ray Discs","617","","","Very Good",,,,,"","CA","Does not apply","",""
"147476951771",BUY 3 GET 1 FREE DVD Lot You Pick Movies TV Series Comedy Action Sci-Fi Drama,Movie Title=The Tourist Bluray - Multi Language,The Tourist Bluray - Multi Language,"1","FIXED_PRICE","CAD",3.99,,,,"0",,,"Aug-01-26 16:38:00 PDT","Nov-01-26 16:38:00 PST","DVDs & Blu-ray Discs","617","","","Very Good",,,,,"","CA","Does not apply","",""
"147476951771",BUY 3 GET 1 FREE DVD Lot You Pick Movies TV Series Comedy Action Sci-Fi Drama,Movie Title=Stone Blu-ray Multi Language,Stone Blu-ray Multi Language,"1","FIXED_PRICE","CAD",3.99,,,,"0",,,"Aug-01-26 16:38:00 PDT","Nov-01-26 16:38:00 PST","DVDs & Blu-ray Discs","617","","","Very Good",,,,,"","CA","Does not apply","",""
"147476951771",BUY 3 GET 1 FREE DVD Lot You Pick Movies TV Series Comedy Action Sci-Fi Drama,Movie Title=Good Luck Chuck DVD,Good Luck Chuck DVD,"1","FIXED_PRICE","CAD",2.99,,,,"0",,,"Aug-01-26 16:38:00 PDT","Nov-01-26 16:38:00 PST","DVDs & Blu-ray Discs","617","","","Very Good",,,,,"","CA","Does not apply","",""
"147476951771",BUY 3 GET 1 FREE DVD Lot You Pick Movies TV Series Comedy Action Sci-Fi Drama,Movie Title=THE O.C The Complete Third Season,THE O.C The Complete Third Season,"1","FIXED_PRICE","CAD",12.99,,,,"0",,,"Aug-01-26 16:38:00 PDT","Nov-01-26 16:38:00 PST","DVDs & Blu-ray Discs","617","","","Very Good",,,,,"","CA","Does not apply","",""
"147477040261",BUY 3 GET 1 FREE VHS YOU PICK & CHOOSE Movies Action DRAMA Horror Combined Ship,Movie Title=Titanic 2-Tape Set;Ben-Hur 2-Tape Boxset Special Collector's Edition;The Great Escape;Elvis Wild in the Country;Hearts of Darkness A Filmmaker's Apocalypse;Northfork BRAND NEW SEALED;Deep Blue Sea;The Omen Selections Twentieth Century Fox;Death Wish Special Collector's Edition;Death Wish II;Sabrina 1995 Harrison Ford;13 Going on 30;Angels with Dirty Faces WB Classics;Mortal Kombat Annihilation;The Crying Game Oscar Best Screenplay;A Bridge Too Far;X2 X-Men United Special Edition;In Dreams Neil Jordan Thriller;The Manchurian Candidate 1962 MGM;The Invisible Man Classic Collection;Total Recall 2070 La Machine a Reves;Star Wars Episode IV Widescreen Collector's Edition;Star Wars The Empire Strikes Back Special Edition;Star Wars Return of the Jedi Special Edition;Star Wars The Phantom Menace;Conspiracy 2001 Kenneth Branagh HBO Films;Slap Shot Paul Newman;Le Jaguar Jean Reno Patrick Bruel;Romancing the Stone;Alien Resurrection THX Mastered;Casablanca Hollywood Classics;Eagle's Wing Martin Sheen Sam Waterston;A Perfect World Kevin Costner Clint Eastwood;Place Vendome Catherine Deneuve;Die Hard With a Vengeance;Top Gun;Stand and Deliver;Terminator;Terminator 2 Judgment Day;Predator Schwarzenegger;Commando Schwarzenegger;2 Fast 2 Furious;Lara Croft Tomb Raider;GoldenEye 007;Alice et Martin;Betty Fisher et autres histoires;Dr No 007;Freddy vs Jason;Black Rain Michael Douglas;Godzilla 1998;Hulk 2003;Bram Stoker's Dracula;Spider-Man;Spider-Man 2;Hellboy;Planet of the Apes;Blade Wesley Snipes;Daredevil;Dirty Dancing Version Francaise;Hannibal Anthony Hopkins Julianne Moore;Rocky III;Ding Dong You're Dead;House 1986;Jurassic Park Le Park Jurassique;Batman Returns Le Retour de Batman,VHS-YOUPICK-001,"62","FIXED_PRICE","CAD",4.99,,,4.99,"0","5","0","Aug-01-26 17:15:01 PDT","Nov-01-26 17:15:01 PST","DVDs & Blu-ray Discs","617","","","Very Good","","","","","","CA","Does not apply","",""
"147477040261",BUY 3 GET 1 FREE VHS YOU PICK & CHOOSE Movies Action DRAMA Horror Combined Ship,Movie Title=Titanic 2-Tape Set,Titanic 2-Tape Set,"2","FIXED_PRICE","CAD",14.99,,,,"0",,,"Aug-01-26 17:15:01 PDT","Nov-01-26 17:15:01 PST","DVDs & Blu-ray Discs","617","","","Very Good",,,,,"","CA","Does not apply","",""
"147477040261",BUY 3 GET 1 FREE VHS YOU PICK & CHOOSE Movies Action DRAMA Horror Combined Ship,Movie Title=Ben-Hur 2-Tape Boxset Special Collector's Edition,Ben-Hur 2-Tape Boxset Special Collector's Edition,"1","FIXED_PRICE","CAD",16.99,,,,"0",,,"Aug-01-26 17:15:01 PDT","Nov-01-26 17:15:01 PST","DVDs & Blu-ray Discs","617","","","Very Good",,,,,"","CA","Does not apply","",""
"147477040261",BUY 3 GET 1 FREE VHS YOU PICK & CHOOSE Movies Action DRAMA Horror Combined Ship,Movie Title=The Great Escape,The Great Escape,"1","FIXED_PRICE","CAD",13.99,,,,"0",,,"Aug-01-26 17:15:01 PDT","Nov-01-26 17:15:01 PST","DVDs & Blu-ray Discs","617","","","Very Good",,,,,"","CA","Does not apply","",""
"147477040261",BUY 3 GET 1 FREE VHS YOU PICK & CHOOSE Movies Action DRAMA Horror Combined Ship,Movie Title=Elvis Wild in the Country,Elvis Wild in the Country,"1","FIXED_PRICE","CAD",14.99,,,,"0",,,"Aug-01-26 17:15:01 PDT","Nov-01-26 17:15:01 PST","DVDs & Blu-ray Discs","617","","","Very Good",,,,,"","CA","Does not apply","",""
"147477040261",BUY 3 GET 1 FREE VHS YOU PICK & CHOOSE Movies Action DRAMA Horror Combined Ship,Movie Title=Hearts of Darkness A Filmmaker's Apocalypse,Hearts of Darkness A Filmmaker's Apocalypse,"1","FIXED_PRICE","CAD",9.99,,,,"0",,,"Aug-01-26 17:15:01 PDT","Nov-01-26 17:15:01 PST","DVDs & Blu-ray Discs","617","","","Very Good",,,,,"","CA","Does not apply","",""
"147477040261",BUY 3 GET 1 FREE VHS YOU PICK & CHOOSE Movies Action DRAMA Horror Combined Ship,Movie Title=Northfork BRAND NEW SEALED,Northfork BRAND NEW SEALED SCREENING COPY,"1","FIXED_PRICE","CAD",11.99,,,,"0",,,"Aug-01-26 17:15:01 PDT","Nov-01-26 17:15:01 PST","DVDs & Blu-ray Discs","617","","","Very Good",,,,,"","CA","Does not apply","",""
"147477040261",BUY 3 GET 1 FREE VHS YOU PICK & CHOOSE Movies Action DRAMA Horror Combined Ship,Movie Title=Deep Blue Sea,Deep Blue Sea,"1","FIXED_PRICE","CAD",8.99,,,,"0",,,"Aug-01-26 17:15:01 PDT","Nov-01-26 17:15:01 PST","DVDs & Blu-ray Discs","617","","","Very Good",,,,,"","CA","Does not apply","",""
"147477040261",BUY 3 GET 1 FREE VHS YOU PICK & CHOOSE Movies Action DRAMA Horror Combined Ship,Movie Title=The Omen Selections Twentieth Century Fox,The Omen Selections Twentieth Century Fox,"0","FIXED_PRICE","CAD",14.99,,,,"0",,,"Aug-01-26 17:15:01 PDT","Nov-01-26 17:15:01 PST","DVDs & Blu-ray Discs","617","","","Very Good",,,,,"","CA","Does not apply","",""
"147477040261",BUY 3 GET 1 FREE VHS YOU PICK & CHOOSE Movies Action DRAMA Horror Combined Ship,Movie Title=Death Wish Special Collector's Edition,Death Wish Special Collector's Edition,"1","FIXED_PRICE","CAD",15.99,,,,"0",,,"Aug-01-26 17:15:01 PDT","Nov-01-26 17:15:01 PST","DVDs & Blu-ray Discs","617","","","Very Good",,,,,"","CA","Does not apply","",""
"147477040261",BUY 3 GET 1 FREE VHS YOU PICK & CHOOSE Movies Action DRAMA Horror Combined Ship,Movie Title=Death Wish II,Death Wish II,"1","FIXED_PRICE","CAD",13.99,,,,"0",,,"Aug-01-26 17:15:01 PDT","Nov-01-26 17:15:01 PST","DVDs & Blu-ray Discs","617","","","Very Good",,,,,"","CA","Does not apply","",""
"147477040261",BUY 3 GET 1 FREE VHS YOU PICK & CHOOSE Movies Action DRAMA Horror Combined Ship,Movie Title=Sabrina 1995 Harrison Ford,Sabrina 1995 Harrison Ford,"1","FIXED_PRICE","CAD",13.99,,,,"0",,,"Aug-01-26 17:15:01 PDT","Nov-01-26 17:15:01 PST","DVDs & Blu-ray Discs","617","","","Very Good",,,,,"","CA","Does not apply","",""
"147477040261",BUY 3 GET 1 FREE VHS YOU PICK & CHOOSE Movies Action DRAMA Horror Combined Ship,Movie Title=13 Going on 30,13 Going on 30,"1","FIXED_PRICE","CAD",4.99,,,,"0",,,"Aug-01-26 17:15:01 PDT","Nov-01-26 17:15:01 PST","DVDs & Blu-ray Discs","617","","","Very Good",,,,,"","CA","Does not apply","",""
"147477040261",BUY 3 GET 1 FREE VHS YOU PICK & CHOOSE Movies Action DRAMA Horror Combined Ship,Movie Title=Angels with Dirty Faces WB Classics,Angels with Dirty Faces WB Classics,"1","FIXED_PRICE","CAD",6.99,,,,"0",,,"Aug-01-26 17:15:01 PDT","Nov-01-26 17:15:01 PST","DVDs & Blu-ray Discs","617","","","Very Good",,,,,"","CA","Does not apply","",""
"147477040261",BUY 3 GET 1 FREE VHS YOU PICK & CHOOSE Movies Action DRAMA Horror Combined Ship,Movie Title=Mortal Kombat Annihilation,Mortal Kombat Annihilation,"1","FIXED_PRICE","CAD",6.99,,,,"0",,,"Aug-01-26 17:15:01 PDT","Nov-01-26 17:15:01 PST","DVDs & Blu-ray Discs","617","","","Very Good",,,,,"","CA","Does not apply","",""
"147477040261",BUY 3 GET 1 FREE VHS YOU PICK & CHOOSE Movies Action DRAMA Horror Combined Ship,Movie Title=The Crying Game Oscar Best Screenplay,The Crying Game Oscar Best Screenplay,"1","FIXED_PRICE","CAD",8.99,,,,"0",,,"Aug-01-26 17:15:01 PDT","Nov-01-26 17:15:01 PST","DVDs & Blu-ray Discs","617","","","Very Good",,,,,"","CA","Does not apply","",""
"147477040261",BUY 3 GET 1 FREE VHS YOU PICK & CHOOSE Movies Action DRAMA Horror Combined Ship,Movie Title=A Bridge Too Far,A Bridge Too Far,"1","FIXED_PRICE","CAD",9.99,,,,"0",,,"Aug-01-26 17:15:01 PDT","Nov-01-26 17:15:01 PST","DVDs & Blu-ray Discs","617","","","Very Good",,,,,"","CA","Does not apply","",""
"147477040261",BUY 3 GET 1 FREE VHS YOU PICK & CHOOSE Movies Action DRAMA Horror Combined Ship,Movie Title=X2 X-Men United Special Edition,X2 X-Men United Special Edition,"1","FIXED_PRICE","CAD",8.99,,,,"0",,,"Aug-01-26 17:15:01 PDT","Nov-01-26 17:15:01 PST","DVDs & Blu-ray Discs","617","","","Very Good",,,,,"","CA","Does not apply","",""
"147477040261",BUY 3 GET 1 FREE VHS YOU PICK & CHOOSE Movies Action DRAMA Horror Combined Ship,Movie Title=In Dreams Neil Jordan Thriller,In Dreams Neil Jordan Thriller,"1","FIXED_PRICE","CAD",8.99,,,,"0",,,"Aug-01-26 17:15:01 PDT","Nov-01-26 17:15:01 PST","DVDs & Blu-ray Discs","617","","","Very Good",,,,,"","CA","Does not apply","",""
"147477040261",BUY 3 GET 1 FREE VHS YOU PICK & CHOOSE Movies Action DRAMA Horror Combined Ship,Movie Title=The Manchurian Candidate 1962 MGM,The Manchurian Candidate 1962 MGM,"1","FIXED_PRICE","CAD",9.99,,,,"0",,,"Aug-01-26 17:15:01 PDT","Nov-01-26 17:15:01 PST","DVDs & Blu-ray Discs","617","","","Very Good",,,,,"","CA","Does not apply","",""
"147477040261",BUY 3 GET 1 FREE VHS YOU PICK & CHOOSE Movies Action DRAMA Horror Combined Ship,Movie Title=The Invisible Man Classic Collection,The Invisible Man Classic Collection,"1","FIXED_PRICE","CAD",14.99,,,,"0",,,"Aug-01-26 17:15:01 PDT","Nov-01-26 17:15:01 PST","DVDs & Blu-ray Discs","617","","","Very Good",,,,,"","CA","Does not apply","",""
"147477040261",BUY 3 GET 1 FREE VHS YOU PICK & CHOOSE Movies Action DRAMA Horror Combined Ship,Movie Title=Total Recall 2070 La Machine a Reves,Total Recall 2070 La Machine a Reves,"1","FIXED_PRICE","CAD",14.99,,,,"0",,,"Aug-01-26 17:15:01 PDT","Nov-01-26 17:15:01 PST","DVDs & Blu-ray Discs","617","","","Very Good",,,,,"","CA","Does not apply","",""
"147477040261",BUY 3 GET 1 FREE VHS YOU PICK & CHOOSE Movies Action DRAMA Horror Combined Ship,Movie Title=Star Wars Episode IV Widescreen Collector's Edition,Star Wars Episode IV Widescreen Collector's Edition,"1","FIXED_PRICE","CAD",10.99,,,,"0",,,"Aug-01-26 17:15:01 PDT","Nov-01-26 17:15:01 PST","DVDs & Blu-ray Discs","617","","","Very Good",,,,,"","CA","Does not apply","",""
"147477040261",BUY 3 GET 1 FREE VHS YOU PICK & CHOOSE Movies Action DRAMA Horror Combined Ship,Movie Title=Star Wars The Empire Strikes Back Special Edition,Star Wars The Empire Strikes Back Special Edition,"1","FIXED_PRICE","CAD",10.99,,,,"0",,,"Aug-01-26 17:15:01 PDT","Nov-01-26 17:15:01 PST","DVDs & Blu-ray Discs","617","","","Very Good",,,,,"","CA","Does not apply","",""
"147477040261",BUY 3 GET 1 FREE VHS YOU PICK & CHOOSE Movies Action DRAMA Horror Combined Ship,Movie Title=Star Wars Return of the Jedi Special Edition,Star Wars Return of the Jedi Special Edition,"1","FIXED_PRICE","CAD",10.99,,,,"0",,,"Aug-01-26 17:15:01 PDT","Nov-01-26 17:15:01 PST","DVDs & Blu-ray Discs","617","","","Very Good",,,,,"","CA","Does not apply","",""
"147477040261",BUY 3 GET 1 FREE VHS YOU PICK & CHOOSE Movies Action DRAMA Horror Combined Ship,Movie Title=Star Wars The Phantom Menace,Star Wars The Phantom Menace,"1","FIXED_PRICE","CAD",10.99,,,,"0",,,"Aug-01-26 17:15:01 PDT","Nov-01-26 17:15:01 PST","DVDs & Blu-ray Discs","617","","","Very Good",,,,,"","CA","Does not apply","",""
"147477040261",BUY 3 GET 1 FREE VHS YOU PICK & CHOOSE Movies Action DRAMA Horror Combined Ship,Movie Title=Conspiracy 2001 Kenneth Branagh HBO Films,Conspiracy 2001 Kenneth Branagh HBO Films,"1","FIXED_PRICE","CAD",8.99,,,,"0",,,"Aug-01-26 17:15:01 PDT","Nov-01-26 17:15:01 PST","DVDs & Blu-ray Discs","617","","","Very Good",,,,,"","CA","Does not apply","",""
"147477040261",BUY 3 GET 1 FREE VHS YOU PICK & CHOOSE Movies Action DRAMA Horror Combined Ship,Movie Title=Slap Shot Paul Newman,Slap Shot Paul Newman,"1","FIXED_PRICE","CAD",14.99,,,,"0",,,"Aug-01-26 17:15:01 PDT","Nov-01-26 17:15:01 PST","DVDs & Blu-ray Discs","617","","","Very Good",,,,,"","CA","Does not apply","",""
"147477040261",BUY 3 GET 1 FREE VHS YOU PICK & CHOOSE Movies Action DRAMA Horror Combined Ship,Movie Title=Le Jaguar Jean Reno Patrick Bruel,Le Jaguar Jean Reno Patrick Bruel,"1","FIXED_PRICE","CAD",8.99,,,,"0",,,"Aug-01-26 17:15:01 PDT","Nov-01-26 17:15:01 PST","DVDs & Blu-ray Discs","617","","","Very Good",,,,,"","CA","Does not apply","",""
"147477040261",BUY 3 GET 1 FREE VHS YOU PICK & CHOOSE Movies Action DRAMA Horror Combined Ship,Movie Title=Romancing the Stone,Romancing the Stone,"1","FIXED_PRICE","CAD",8.99,,,,"0",,,"Aug-01-26 17:15:01 PDT","Nov-01-26 17:15:01 PST","DVDs & Blu-ray Discs","617","","","Very Good",,,,,"","CA","Does not apply","",""
"147477040261",BUY 3 GET 1 FREE VHS YOU PICK & CHOOSE Movies Action DRAMA Horror Combined Ship,Movie Title=Alien Resurrection THX Mastered,Alien Resurrection THX Mastered,"1","FIXED_PRICE","CAD",11.99,,,,"0",,,"Aug-01-26 17:15:01 PDT","Nov-01-26 17:15:01 PST","DVDs & Blu-ray Discs","617","","","Very Good",,,,,"","CA","Does not apply","",""
"147477040261",BUY 3 GET 1 FREE VHS YOU PICK & CHOOSE Movies Action DRAMA Horror Combined Ship,Movie Title=Casablanca Hollywood Classics,Casablanca Hollywood Classics,"1","FIXED_PRICE","CAD",11.99,,,,"0",,,"Aug-01-26 17:15:01 PDT","Nov-01-26 17:15:01 PST","DVDs & Blu-ray Discs","617","","","Very Good",,,,,"","CA","Does not apply","",""
"147477040261",BUY 3 GET 1 FREE VHS YOU PICK & CHOOSE Movies Action DRAMA Horror Combined Ship,Movie Title=Eagle's Wing Martin Sheen Sam Waterston,Eagle's Wing Martin Sheen Sam Waterston,"1","FIXED_PRICE","CAD",9.99,,,,"0",,,"Aug-01-26 17:15:01 PDT","Nov-01-26 17:15:01 PST","DVDs & Blu-ray Discs","617","","","Very Good",,,,,"","CA","Does not apply","",""
"147477040261",BUY 3 GET 1 FREE VHS YOU PICK & CHOOSE Movies Action DRAMA Horror Combined Ship,Movie Title=A Perfect World Kevin Costner Clint Eastwood,A Perfect World Kevin Costner Clint Eastwood,"1","FIXED_PRICE","CAD",8.99,,,,"0",,,"Aug-01-26 17:15:01 PDT","Nov-01-26 17:15:01 PST","DVDs & Blu-ray Discs","617","","","Very Good",,,,,"","CA","Does not apply","",""
"147477040261",BUY 3 GET 1 FREE VHS YOU PICK & CHOOSE Movies Action DRAMA Horror Combined Ship,Movie Title=Place Vendome Catherine Deneuve,Place Vendome Catherine Deneuve,"1","FIXED_PRICE","CAD",8.99,,,,"0",,,"Aug-01-26 17:15:01 PDT","Nov-01-26 17:15:01 PST","DVDs & Blu-ray Discs","617","","","Very Good",,,,,"","CA","Does not apply","",""
"147477040261",BUY 3 GET 1 FREE VHS YOU PICK & CHOOSE Movies Action DRAMA Horror Combined Ship,Movie Title=Die Hard With a Vengeance,Die Hard With a Vengeance,"1","FIXED_PRICE","CAD",9.99,,,,"0",,,"Aug-01-26 17:15:01 PDT","Nov-01-26 17:15:01 PST","DVDs & Blu-ray Discs","617","","","Very Good",,,,,"","CA","Does not apply","",""
"147477040261",BUY 3 GET 1 FREE VHS YOU PICK & CHOOSE Movies Action DRAMA Horror Combined Ship,Movie Title=Top Gun,Top Gun,"1","FIXED_PRICE","CAD",9.99,,,,"0",,,"Aug-01-26 17:15:01 PDT","Nov-01-26 17:15:01 PST","DVDs & Blu-ray Discs","617","","","Very Good",,,,,"","CA","Does not apply","",""
"147477040261",BUY 3 GET 1 FREE VHS YOU PICK & CHOOSE Movies Action DRAMA Horror Combined Ship,Movie Title=Stand and Deliver,Stand and Deliver,"1","FIXED_PRICE","CAD",8.99,,,,"0",,,"Aug-01-26 17:15:01 PDT","Nov-01-26 17:15:01 PST","DVDs & Blu-ray Discs","617","","","Very Good",,,,,"","CA","Does not apply","",""
"147477040261",BUY 3 GET 1 FREE VHS YOU PICK & CHOOSE Movies Action DRAMA Horror Combined Ship,Movie Title=Terminator,Terminator,"1","FIXED_PRICE","CAD",9.99,,,,"0",,,"Aug-01-26 17:15:01 PDT","Nov-01-26 17:15:01 PST","DVDs & Blu-ray Discs","617","","","Very Good",,,,,"","CA","Does not apply","",""
"147477040261",BUY 3 GET 1 FREE VHS YOU PICK & CHOOSE Movies Action DRAMA Horror Combined Ship,Movie Title=Terminator 2 Judgment Day,Terminator 2 Judgment Day,"1","FIXED_PRICE","CAD",9.99,,,,"0",,,"Aug-01-26 17:15:01 PDT","Nov-01-26 17:15:01 PST","DVDs & Blu-ray Discs","617","","","Very Good",,,,,"","CA","Does not apply","",""
"147477040261",BUY 3 GET 1 FREE VHS YOU PICK & CHOOSE Movies Action DRAMA Horror Combined Ship,Movie Title=Predator Schwarzenegger,Predator Schwarzenegger,"1","FIXED_PRICE","CAD",9.99,,,,"0",,,"Aug-01-26 17:15:01 PDT","Nov-01-26 17:15:01 PST","DVDs & Blu-ray Discs","617","","","Very Good",,,,,"","CA","Does not apply","",""
"147477040261",BUY 3 GET 1 FREE VHS YOU PICK & CHOOSE Movies Action DRAMA Horror Combined Ship,Movie Title=Commando Schwarzenegger,Commando Schwarzenegger,"1","FIXED_PRICE","CAD",9.99,,,,"0",,,"Aug-01-26 17:15:01 PDT","Nov-01-26 17:15:01 PST","DVDs & Blu-ray Discs","617","","","Very Good",,,,,"","CA","Does not apply","",""
"147477040261",BUY 3 GET 1 FREE VHS YOU PICK & CHOOSE Movies Action DRAMA Horror Combined Ship,Movie Title=2 Fast 2 Furious,2 Fast 2 Furious,"1","FIXED_PRICE","CAD",9.99,,,,"0",,,"Aug-01-26 17:15:01 PDT","Nov-01-26 17:15:01 PST","DVDs & Blu-ray Discs","617","","","Very Good",,,,,"","CA","Does not apply","",""
"147477040261",BUY 3 GET 1 FREE VHS YOU PICK & CHOOSE Movies Action DRAMA Horror Combined Ship,Movie Title=Lara Croft Tomb Raider,Lara Croft Tomb Raider,"1","FIXED_PRICE","CAD",8.99,,,,"0",,,"Aug-01-26 17:15:01 PDT","Nov-01-26 17:15:01 PST","DVDs & Blu-ray Discs","617","","","Very Good",,,,,"","CA","Does not apply","",""
"147477040261",BUY 3 GET 1 FREE VHS YOU PICK & CHOOSE Movies Action DRAMA Horror Combined Ship,Movie Title=GoldenEye 007,GoldenEye 007,"1","FIXED_PRICE","CAD",9.99,,,,"0",,,"Aug-01-26 17:15:01 PDT","Nov-01-26 17:15:01 PST","DVDs & Blu-ray Discs","617","","","Very Good",,,,,"","CA","Does not apply","",""
"147477040261",BUY 3 GET 1 FREE VHS YOU PICK & CHOOSE Movies Action DRAMA Horror Combined Ship,Movie Title=Alice et Martin,Alice et Martin,"1","FIXED_PRICE","CAD",7.99,,,,"0",,,"Aug-01-26 17:15:01 PDT","Nov-01-26 17:15:01 PST","DVDs & Blu-ray Discs","617","","","Very Good",,,,,"","CA","Does not apply","",""
"147477040261",BUY 3 GET 1 FREE VHS YOU PICK & CHOOSE Movies Action DRAMA Horror Combined Ship,Movie Title=Betty Fisher et autres histoires,Betty Fisher et autres histoires,"1","FIXED_PRICE","CAD",7.99,,,,"0",,,"Aug-01-26 17:15:01 PDT","Nov-01-26 17:15:01 PST","DVDs & Blu-ray Discs","617","","","Very Good",,,,,"","CA","Does not apply","",""
"147477040261",BUY 3 GET 1 FREE VHS YOU PICK & CHOOSE Movies Action DRAMA Horror Combined Ship,Movie Title=Dr No 007,Dr No 007,"1","FIXED_PRICE","CAD",8.99,,,,"0",,,"Aug-01-26 17:15:01 PDT","Nov-01-26 17:15:01 PST","DVDs & Blu-ray Discs","617","","","Very Good",,,,,"","CA","Does not apply","",""
"147477040261",BUY 3 GET 1 FREE VHS YOU PICK & CHOOSE Movies Action DRAMA Horror Combined Ship,Movie Title=Freddy vs Jason,Freddy vs Jason,"0","FIXED_PRICE","CAD",31.0,,,,"0",,,"Aug-01-26 17:15:01 PDT","Nov-01-26 17:15:01 PST","DVDs & Blu-ray Discs","617","","","Very Good",,,,,"","CA","Does not apply","",""
"147477040261",BUY 3 GET 1 FREE VHS YOU PICK & CHOOSE Movies Action DRAMA Horror Combined Ship,Movie Title=Black Rain Michael Douglas,Black Rain Michael Douglas,"1","FIXED_PRICE","CAD",10.99,,,,"0",,,"Aug-01-26 17:15:01 PDT","Nov-01-26 17:15:01 PST","DVDs & Blu-ray Discs","617","","","Very Good",,,,,"","CA","Does not apply","",""
"147477040261",BUY 3 GET 1 FREE VHS YOU PICK & CHOOSE Movies Action DRAMA Horror Combined Ship,Movie Title=Godzilla 1998,Godzilla 1998,"1","FIXED_PRICE","CAD",12.99,,,,"0",,,"Aug-01-26 17:15:01 PDT","Nov-01-26 17:15:01 PST","DVDs & Blu-ray Discs","617","","","Very Good",,,,,"","CA","Does not apply","",""
"147477040261",BUY 3 GET 1 FREE VHS YOU PICK & CHOOSE Movies Action DRAMA Horror Combined Ship,Movie Title=Hulk 2003,Hulk 2003,"1","FIXED_PRICE","CAD",12.99,,,,"0",,,"Aug-01-26 17:15:01 PDT","Nov-01-26 17:15:01 PST","DVDs & Blu-ray Discs","617","","","Very Good",,,,,"","CA","Does not apply","",""
"147477040261",BUY 3 GET 1 FREE VHS YOU PICK & CHOOSE Movies Action DRAMA Horror Combined Ship,Movie Title=Bram Stoker's Dracula,Bram Stoker's Dracula,"1","FIXED_PRICE","CAD",14.99,,,,"0",,,"Aug-01-26 17:15:01 PDT","Nov-01-26 17:15:01 PST","DVDs & Blu-ray Discs","617","","","Very Good",,,,,"","CA","Does not apply","",""
"147477040261",BUY 3 GET 1 FREE VHS YOU PICK & CHOOSE Movies Action DRAMA Horror Combined Ship,Movie Title=Spider-Man,Spider-Man,"2","FIXED_PRICE","CAD",9.99,,,,"0",,,"Aug-01-26 17:15:01 PDT","Nov-01-26 17:15:01 PST","DVDs & Blu-ray Discs","617","","","Very Good",,,,,"","CA","Does not apply","",""
"147477040261",BUY 3 GET 1 FREE VHS YOU PICK & CHOOSE Movies Action DRAMA Horror Combined Ship,Movie Title=Spider-Man 2,Spider-Man 2,"1","FIXED_PRICE","CAD",9.99,,,,"0",,,"Aug-01-26 17:15:01 PDT","Nov-01-26 17:15:01 PST","DVDs & Blu-ray Discs","617","","","Very Good",,,,,"","CA","Does not apply","",""
"147477040261",BUY 3 GET 1 FREE VHS YOU PICK & CHOOSE Movies Action DRAMA Horror Combined Ship,Movie Title=Hellboy,Hellboy,"1","FIXED_PRICE","CAD",8.99,,,,"0",,,"Aug-01-26 17:15:01 PDT","Nov-01-26 17:15:01 PST","DVDs & Blu-ray Discs","617","","","Very Good",,,,,"","CA","Does not apply","",""
"147477040261",BUY 3 GET 1 FREE VHS YOU PICK & CHOOSE Movies Action DRAMA Horror Combined Ship,Movie Title=Planet of the Apes,Planet of the Apes,"1","FIXED_PRICE","CAD",16.99,,,,"0",,,"Aug-01-26 17:15:01 PDT","Nov-01-26 17:15:01 PST","DVDs & Blu-ray Discs","617","","","Very Good",,,,,"","CA","Does not apply","",""
"147477040261",BUY 3 GET 1 FREE VHS YOU PICK & CHOOSE Movies Action DRAMA Horror Combined Ship,Movie Title=Blade Wesley Snipes,Blade Wesley Snipes,"1","FIXED_PRICE","CAD",15.99,,,,"0",,,"Aug-01-26 17:15:01 PDT","Nov-01-26 17:15:01 PST","DVDs & Blu-ray Discs","617","","","Very Good",,,,,"","CA","Does not apply","",""
"147477040261",BUY 3 GET 1 FREE VHS YOU PICK & CHOOSE Movies Action DRAMA Horror Combined Ship,Movie Title=Daredevil,Daredevil,"1","FIXED_PRICE","CAD",9.99,,,,"0",,,"Aug-01-26 17:15:01 PDT","Nov-01-26 17:15:01 PST","DVDs & Blu-ray Discs","617","","","Very Good",,,,,"","CA","Does not apply","",""
"147477040261",BUY 3 GET 1 FREE VHS YOU PICK & CHOOSE Movies Action DRAMA Horror Combined Ship,Movie Title=Dirty Dancing Version Francaise,Dirty Dancing Version Francaise,"1","FIXED_PRICE","CAD",9.99,,,,"0",,,"Aug-01-26 17:15:01 PDT","Nov-01-26 17:15:01 PST","DVDs & Blu-ray Discs","617","","","Very Good",,,,,"","CA","Does not apply","",""
"147477040261",BUY 3 GET 1 FREE VHS YOU PICK & CHOOSE Movies Action DRAMA Horror Combined Ship,Movie Title=Hannibal Anthony Hopkins Julianne Moore,Hannibal Anthony Hopkins Julianne Moore,"0","FIXED_PRICE","CAD",8.99,,,,"0",,,"Aug-01-26 17:15:01 PDT","Nov-01-26 17:15:01 PST","DVDs & Blu-ray Discs","617","","","Very Good",,,,,"","CA","Does not apply","",""
"147477040261",BUY 3 GET 1 FREE VHS YOU PICK & CHOOSE Movies Action DRAMA Horror Combined Ship,Movie Title=Rocky III,Rocky III,"1","FIXED_PRICE","CAD",11.99,,,,"0",,,"Aug-01-26 17:15:01 PDT","Nov-01-26 17:15:01 PST","DVDs & Blu-ray Discs","617","","","Very Good",,,,,"","CA","Does not apply","",""
"147477040261",BUY 3 GET 1 FREE VHS YOU PICK & CHOOSE Movies Action DRAMA Horror Combined Ship,Movie Title=Ding Dong You're Dead,Ding Dong You're Dead,"0","FIXED_PRICE","CAD",11.99,,,,"0",,,"Aug-01-26 17:15:01 PDT","Nov-01-26 17:15:01 PST","DVDs & Blu-ray Discs","617","","","Very Good",,,,,"","CA","Does not apply","",""
"147477040261",BUY 3 GET 1 FREE VHS YOU PICK & CHOOSE Movies Action DRAMA Horror Combined Ship,Movie Title=House 1986,House 1986,"0","FIXED_PRICE","CAD",16.99,,,,"0",,,"Aug-01-26 17:15:01 PDT","Nov-01-26 17:15:01 PST","DVDs & Blu-ray Discs","617","","","Very Good",,,,,"","CA","Does not apply","",""
"147477040261",BUY 3 GET 1 FREE VHS YOU PICK & CHOOSE Movies Action DRAMA Horror Combined Ship,Movie Title=Jurassic Park Le Park Jurassique,Jurassic Park Le Park Jurassique,"1","FIXED_PRICE","CAD",16.99,,,,"0",,,"Aug-01-26 17:15:01 PDT","Nov-01-26 17:15:01 PST","DVDs & Blu-ray Discs","617","","","Very Good",,,,,"","CA","Does not apply","",""
"147477040261",BUY 3 GET 1 FREE VHS YOU PICK & CHOOSE Movies Action DRAMA Horror Combined Ship,Movie Title=Batman Returns Le Retour de Batman,Batman Returns Le Retour de Batman,"1","FIXED_PRICE","CAD",8.99,,,,"0",,,"Aug-01-26 17:15:01 PDT","Nov-01-26 17:15:01 PST","DVDs & Blu-ray Discs","617","","","Very Good",,,,,"","CA","Does not apply","",""
"147477302418",Hot Wheels Premium YOU PICK Car Culture F1 Pop Culture Combine Save,"You Pick=Custom '70 Chevy Nova Liberty Walk - Aero Styles Car Culture;LB Super Silhouette Nissan Silvia S15 - Aero Styles Car Culture;Lexus RC F GT3 - Aero Styles Car Culture 4-5;LB-Kaido Nissan R32 Skyline GT-R - Aero Styles 1-5;1993 Toyota 4Runner Red - Boulevard #144;2002 Pontiac Firebird Orange - Boulevard #143;Oracle Red Bull Racing RB20 #11 - F1 2024;KICK Sauber F1 Team #77 - F1 2024;'16 Bugatti Chiron - #122 Real Riders;Lamborghini Gallardo LP 570-4 Superleggera - Furious 5-5;1970 Dodge Challenger R/T - Fast & Furious 2-5;Lamborghini Aventador Coupe Black - Fast & Furious 25th 5-5;Barbie Pink Car - Pop Culture;HW Tour Bus Headbangers Ball - Pop Culture;1993 Nissan 240SX S14 - Fast & Furious 1-5;2024 Ford Mustang RTR Spec 5-FD - Circuit Legends;Nissan Skyline GT-R BCNR33 - Modern Classics 4-5;'77 Toyota Celica - Japan Historics 5 3-5;'64 GMC Panel - Star Wars Mandalorian 4-5;Mazda 787B - Hammer Time 5-5;Aston Martin DB10 & Jaguar C-X75 2-Pack - Spectre 007 Car Culture;Batmobile Classic TV Series - Hot Wheels Monster Trucks;Aero Lift Car Team Transport w/ 2024 Ford Mustang RTR;1994 Honda Del Sol - Fast & Furious 3-5;1969 Ford Mustang Boss 302 - Fast & Furious 3-5;1993 Honda Civic Coupe EX EJ1 - Fast & Furious 1-5;'88 Honda CRX - Japan Historics Car Culture;Toyota GR Yaris - #146 Real Riders;'92 Jeep Wrangler Sahara - Jurassic Park;Porsche 911 Carrera RS 2.7 - 4-5 Real Riders;'66 Porsche 906 Carrera 6 - Real Riders;2016 Ford GT Race Course - Forza Pop Culture;2021 BMW M5 - Mission Impossible Dead Reckoning Pop Culture;Back To The Future Time Machine-1955 Part III;BMW M3 Green - Power Trip Car Culture;2010 BMW - Fast & Furious;Porsche 911 Carrera RS 3.8 - Fast & Furious 3-5;Lamborghini Huracan Super Trofeo Gold - Gran Turismo Pop Culture;Nissan 300ZX Twin Turbo Bi-Turbo - Boulevard;G.I. Joe Combat Jet Skystriker Grumman F-14 Tomcat - Pop Culture;Fast Furious Lancer Evolution IX 2/5 Red;Koenigsegg CC850 HW Boulevard #152 GREY;Audi 90 Quattro - Pop Culture Forza HXD63;Formula One TEAM BWT Alpine 2025 Blue & Pink;Formula One Team Scuderia Ferrari HP #44 2025;Dracula Kool Kombi - Pop Culture HXD63;'65 Dodge Coronet Car Culture 1/5 (HW2021);'84 Mustang SVO Grey Car Culture Power Trip 4/5;Hummer H1 Car Culture - Terra Trek 1/5 (HW2024);Custom '71 Datsun 240 ""ROTSUN"" Pop Culture (HW2023;'76 Greenwood Corvette Car Culture 3/5;Nissan Skyline GT-R (R32) Pandem Modern Classic #1;DODGE CHARGER RT Chase - Fast Furious 25th Years;Honda NSX 2003 Black - Fast & Furious 3/5;Land Cruiser FJ60 - Fast & Furious 25th Beige 5/5;BMW M5 Black - Fast & Furious 25th",HW-PREMIUM-YOUPICK-001,"60","FIXED_PRICE","CAD",6.99,,,6.99,"6","4","0","Aug-01-26 19:57:05 PDT","Nov-01-26 19:57:05 PST","Contemporary Manufacture","180506","","","New","","","","","","CA","Does not apply","",""
"147477302418",Hot Wheels Premium YOU PICK Car Culture F1 Pop Culture Combine Save,You Pick=Custom '70 Chevy Nova Liberty Walk - Aero Styles Car Culture,Custom '70 Chevy Nova Liberty Walk - Aero Styles Car Culture,"1","FIXED_PRICE","CAD",16.99,,,,"0",,,"Aug-01-26 19:57:05 PDT","Nov-01-26 19:57:05 PST","Contemporary Manufacture","180506","","","New",,,,,"","CA","Does not apply","",""
"147477302418",Hot Wheels Premium YOU PICK Car Culture F1 Pop Culture Combine Save,You Pick=LB Super Silhouette Nissan Silvia S15 - Aero Styles Car Culture,LB Super Silhouette Nissan Silvia S15 - Aero Styles Car Culture,"0","FIXED_PRICE","CAD",17.99,,,,"0",,,"Aug-01-26 19:57:05 PDT","Nov-01-26 19:57:05 PST","Contemporary Manufacture","180506","","","New",,,,,"","CA","Does not apply","",""
"147477302418",Hot Wheels Premium YOU PICK Car Culture F1 Pop Culture Combine Save,You Pick=Lexus RC F GT3 - Aero Styles Car Culture 4-5,Lexus RC F GT3 - Aero Styles Car Culture 4-5,"1","FIXED_PRICE","CAD",16.99,,,,"0",,,"Aug-01-26 19:57:05 PDT","Nov-01-26 19:57:05 PST","Contemporary Manufacture","180506","","","New",,,,,"","CA","Does not apply","",""
"147477302418",Hot Wheels Premium YOU PICK Car Culture F1 Pop Culture Combine Save,You Pick=LB-Kaido Nissan R32 Skyline GT-R - Aero Styles 1-5,LB-Kaido Nissan R32 Skyline GT-R - Aero Styles 1-5,"0","FIXED_PRICE","CAD",17.99,,,,"1",,,"Aug-01-26 19:57:05 PDT","Nov-01-26 19:57:05 PST","Contemporary Manufacture","180506","","","New",,,,,"","CA","Does not apply","",""
"147477302418",Hot Wheels Premium YOU PICK Car Culture F1 Pop Culture Combine Save,You Pick=1993 Toyota 4Runner Red - Boulevard #144,1993 Toyota 4Runner Red - Boulevard #144,"1","FIXED_PRICE","CAD",15.29,,,,"0",,,"Aug-01-26 19:57:05 PDT","Nov-01-26 19:57:05 PST","Contemporary Manufacture","180506","","","New",,,,,"","CA","Does not apply","",""
"147477302418",Hot Wheels Premium YOU PICK Car Culture F1 Pop Culture Combine Save,You Pick=2002 Pontiac Firebird Orange - Boulevard #143,2002 Pontiac Firebird Orange - Boulevard #143,"1","FIXED_PRICE","CAD",14.99,,,,"0",,,"Aug-01-26 19:57:05 PDT","Nov-01-26 19:57:05 PST","Contemporary Manufacture","180506","","","New",,,,,"","CA","Does not apply","",""
"147477302418",Hot Wheels Premium YOU PICK Car Culture F1 Pop Culture Combine Save,You Pick=Oracle Red Bull Racing RB20 #11 - F1 2024,Oracle Red Bull Racing RB20 #11 - F1 2024,"1","FIXED_PRICE","CAD",20.99,,,,"0",,,"Aug-01-26 19:57:05 PDT","Nov-01-26 19:57:05 PST","Contemporary Manufacture","180506","","","New",,,,,"","CA","Does not apply","",""
"147477302418",Hot Wheels Premium YOU PICK Car Culture F1 Pop Culture Combine Save,You Pick=KICK Sauber F1 Team #77 - F1 2024,KICK Sauber F1 Team #77 - F1 2024,"1","FIXED_PRICE","CAD",20.99,,,,"0",,,"Aug-01-26 19:57:05 PDT","Nov-01-26 19:57:05 PST","Contemporary Manufacture","180506","","","New",,,,,"","CA","Does not apply","",""
"147477302418",Hot Wheels Premium YOU PICK Car Culture F1 Pop Culture Combine Save,You Pick='16 Bugatti Chiron - #122 Real Riders,'16 Bugatti Chiron - #122 Real Riders,"1","FIXED_PRICE","CAD",14.99,,,,"0",,,"Aug-01-26 19:57:05 PDT","Nov-01-26 19:57:05 PST","Contemporary Manufacture","180506","","","New",,,,,"","CA","Does not apply","",""
"147477302418",Hot Wheels Premium YOU PICK Car Culture F1 Pop Culture Combine Save,You Pick=Lamborghini Gallardo LP 570-4 Superleggera - Furious 5-5,Lamborghini Gallardo LP 570-4 Superleggera - Furious 5-5,"0","FIXED_PRICE","CAD",14.99,,,,"0",,,"Aug-01-26 19:57:05 PDT","Nov-01-26 19:57:05 PST","Contemporary Manufacture","180506","","","New",,,,,"","CA","Does not apply","",""
"147477302418",Hot Wheels Premium YOU PICK Car Culture F1 Pop Culture Combine Save,You Pick=1970 Dodge Challenger R/T - Fast & Furious 2-5,1970 Dodge Challenger R/T - Fast & Furious 2-5,"1","FIXED_PRICE","CAD",13.99,,,,"0",,,"Aug-01-26 19:57:05 PDT","Nov-01-26 19:57:05 PST","Contemporary Manufacture","180506","","","New",,,,,"","CA","Does not apply","",""
"147477302418",Hot Wheels Premium YOU PICK Car Culture F1 Pop Culture Combine Save,You Pick=Lamborghini Aventador Coupe Black - Fast & Furious 25th 5-5,Lamborghini Aventador Coupe Black - Fast & Furious 25th 5-5,"1","FIXED_PRICE","CAD",13.99,,,,"0",,,"Aug-01-26 19:57:05 PDT","Nov-01-26 19:57:05 PST","Contemporary Manufacture","180506","","","New",,,,,"","CA","Does not apply","",""
"147477302418",Hot Wheels Premium YOU PICK Car Culture F1 Pop Culture Combine Save,You Pick=Barbie Pink Car - Pop Culture,Barbie Pink Car - Pop Culture,"1","FIXED_PRICE","CAD",23.99,,,,"0",,,"Aug-01-26 19:57:05 PDT","Nov-01-26 19:57:05 PST","Contemporary Manufacture","180506","","","New",,,,,"","CA","Does not apply","",""
"147477302418",Hot Wheels Premium YOU PICK Car Culture F1 Pop Culture Combine Save,You Pick=HW Tour Bus Headbangers Ball - Pop Culture,HW Tour Bus Headbangers Ball - Pop Culture,"1","FIXED_PRICE","CAD",14.99,,,,"0",,,"Aug-01-26 19:57:05 PDT","Nov-01-26 19:57:05 PST","Contemporary Manufacture","180506","","","New",,,,,"","CA","Does not apply","",""
"147477302418",Hot Wheels Premium YOU PICK Car Culture F1 Pop Culture Combine Save,You Pick=1993 Nissan 240SX S14 - Fast & Furious 1-5,1993 Nissan 240SX S14 - Fast & Furious 1-5,"1","FIXED_PRICE","CAD",15.99,,,,"0",,,"Aug-01-26 19:57:05 PDT","Nov-01-26 19:57:05 PST","Contemporary Manufacture","180506","","","New",,,,,"","CA","Does not apply","",""
"147477302418",Hot Wheels Premium YOU PICK Car Culture F1 Pop Culture Combine Save,You Pick=2024 Ford Mustang RTR Spec 5-FD - Circuit Legends,2024 Ford Mustang RTR Spec 5-FD - Circuit Legends,"0","FIXED_PRICE","CAD",14.99,,,,"1",,,"Aug-01-26 19:57:05 PDT","Nov-01-26 19:57:05 PST","Contemporary Manufacture","180506","","","New",,,,,"","CA","Does not apply","",""
"147477302418",Hot Wheels Premium YOU PICK Car Culture F1 Pop Culture Combine Save,You Pick=Nissan Skyline GT-R BCNR33 - Modern Classics 4-5,Nissan Skyline GT-R BCNR33 - Modern Classics 4-5,"0","FIXED_PRICE","CAD",14.99,,,,"1",,,"Aug-01-26 19:57:05 PDT","Nov-01-26 19:57:05 PST","Contemporary Manufacture","180506","","","New",,,,,"","CA","Does not apply","",""
"147477302418",Hot Wheels Premium YOU PICK Car Culture F1 Pop Culture Combine Save,You Pick='77 Toyota Celica - Japan Historics 5 3-5,'77 Toyota Celica - Japan Historics 5 3-5,"1","FIXED_PRICE","CAD",14.99,,,,"0",,,"Aug-01-26 19:57:05 PDT","Nov-01-26 19:57:05 PST","Contemporary Manufacture","180506","","","New",,,,,"","CA","Does not apply","",""
"147477302418",Hot Wheels Premium YOU PICK Car Culture F1 Pop Culture Combine Save,You Pick='64 GMC Panel - Star Wars Mandalorian 4-5,'64 GMC Panel - Star Wars Mandalorian 4-5,"1","FIXED_PRICE","CAD",6.99,,,,"0",,,"Aug-01-26 19:57:05 PDT","Nov-01-26 19:57:05 PST","Contemporary Manufacture","180506","","","New",,,,,"","CA","Does not apply","",""
"147477302418",Hot Wheels Premium YOU PICK Car Culture F1 Pop Culture Combine Save,You Pick=Mazda 787B - Hammer Time 5-5,Mazda 787B - Hammer Time 5-5,"1","FIXED_PRICE","CAD",12.99,,,,"0",,,"Aug-01-26 19:57:05 PDT","Nov-01-26 19:57:05 PST","Contemporary Manufacture","180506","","","New",,,,,"","CA","Does not apply","",""
"147477302418",Hot Wheels Premium YOU PICK Car Culture F1 Pop Culture Combine Save,You Pick=Aston Martin DB10 & Jaguar C-X75 2-Pack - Spectre 007 Car Culture,Aston Martin DB10 & Jaguar C-X75 2-Pack - Spectre 007 Car Culture,"1","FIXED_PRICE","CAD",27.99,,,,"0",,,"Aug-01-26 19:57:05 PDT","Nov-01-26 19:57:05 PST","Contemporary Manufacture","180506","","","New",,,,,"","CA","Does not apply","",""
"147477302418",Hot Wheels Premium YOU PICK Car Culture F1 Pop Culture Combine Save,You Pick=Batmobile Classic TV Series - Hot Wheels Monster Trucks,Batmobile Classic TV Series - Hot Wheels Monster Trucks,"0","FIXED_PRICE","CAD",19.99,,,,"0",,,"Aug-01-26 19:57:05 PDT","Nov-01-26 19:57:05 PST","Contemporary Manufacture","180506","","","New",,,,,"","CA","Does not apply","",""
"147477302418",Hot Wheels Premium YOU PICK Car Culture F1 Pop Culture Combine Save,You Pick=Aero Lift Car Team Transport w/ 2024 Ford Mustang RTR,Aero Lift Car Team Transport w/ 2024 Ford Mustang RTR,"0","FIXED_PRICE","CAD",36.99,,,,"1",,,"Aug-01-26 19:57:05 PDT","Nov-01-26 19:57:05 PST","Contemporary Manufacture","180506","","","New",,,,,"","CA","Does not apply","",""
"147477302418",Hot Wheels Premium YOU PICK Car Culture F1 Pop Culture Combine Save,You Pick=1994 Honda Del Sol - Fast & Furious 3-5,1994 Honda Del Sol - Fast & Furious 3-5,"1","FIXED_PRICE","CAD",20.99,,,,"0",,,"Aug-01-26 19:57:05 PDT","Nov-01-26 19:57:05 PST","Contemporary Manufacture","180506","","","New",,,,,"","CA","Does not apply","",""
"147477302418",Hot Wheels Premium YOU PICK Car Culture F1 Pop Culture Combine Save,You Pick=1969 Ford Mustang Boss 302 - Fast & Furious 3-5,1969 Ford Mustang Boss 302 - Fast & Furious 3-5,"1","FIXED_PRICE","CAD",10.99,,,,"0",,,"Aug-01-26 19:57:05 PDT","Nov-01-26 19:57:05 PST","Contemporary Manufacture","180506","","","New",,,,,"","CA","Does not apply","",""
"147477302418",Hot Wheels Premium YOU PICK Car Culture F1 Pop Culture Combine Save,You Pick=1993 Honda Civic Coupe EX EJ1 - Fast & Furious 1-5,1993 Honda Civic Coupe EX EJ1 - Fast & Furious 1-5,"0","FIXED_PRICE","CAD",21.99,,,,"0",,,"Aug-01-26 19:57:05 PDT","Nov-01-26 19:57:05 PST","Contemporary Manufacture","180506","","","New",,,,,"","CA","Does not apply","",""
"147477302418",Hot Wheels Premium YOU PICK Car Culture F1 Pop Culture Combine Save,You Pick='88 Honda CRX - Japan Historics Car Culture,'88 Honda CRX - Japan Historics Car Culture,"0","FIXED_PRICE","CAD",21.99,,,,"1",,,"Aug-01-26 19:57:05 PDT","Nov-01-26 19:57:05 PST","Contemporary Manufacture","180506","","","New",,,,,"","CA","Does not apply","",""
"147477302418",Hot Wheels Premium YOU PICK Car Culture F1 Pop Culture Combine Save,You Pick=Toyota GR Yaris - #146 Real Riders,Toyota GR Yaris - #146 Real Riders,"0","FIXED_PRICE","CAD",14.99,,,,"0",,,"Aug-01-26 19:57:05 PDT","Nov-01-26 19:57:05 PST","Contemporary Manufacture","180506","","","New",,,,,"","CA","Does not apply","",""
"147477302418",Hot Wheels Premium YOU PICK Car Culture F1 Pop Culture Combine Save,You Pick='92 Jeep Wrangler Sahara - Jurassic Park,'92 Jeep Wrangler Sahara - Jurassic Park,"1","FIXED_PRICE","CAD",18.99,,,,"0",,,"Aug-01-26 19:57:05 PDT","Nov-01-26 19:57:05 PST","Contemporary Manufacture","180506","","","New",,,,,"","CA","Does not apply","",""
"147477302418",Hot Wheels Premium YOU PICK Car Culture F1 Pop Culture Combine Save,You Pick=Porsche 911 Carrera RS 2.7 - 4-5 Real Riders,Porsche 911 Carrera RS 2.7 - 4-5 Real Riders,"0","FIXED_PRICE","CAD",16.99,,,,"1",,,"Aug-01-26 19:57:05 PDT","Nov-01-26 19:57:05 PST","Contemporary Manufacture","180506","","","New",,,,,"","CA","Does not apply","",""
"147477302418",Hot Wheels Premium YOU PICK Car Culture F1 Pop Culture Combine Save,You Pick='66 Porsche 906 Carrera 6 - Real Riders,'66 Porsche 906 Carrera 6 - Real Forza Riders,"1","FIXED_PRICE","CAD",20.0,,,,"0",,,"Aug-01-26 19:57:05 PDT","Nov-01-26 19:57:05 PST","Contemporary Manufacture","180506","","","New",,,,,"","CA","Does not apply","",""
"147477302418",Hot Wheels Premium YOU PICK Car Culture F1 Pop Culture Combine Save,You Pick=2016 Ford GT Race Course - Forza Pop Culture,2016 Ford GT Race Course - Forza Pop Culture,"4","FIXED_PRICE","CAD",9.0,,,,"0",,,"Aug-01-26 19:57:05 PDT","Nov-01-26 19:57:05 PST","Contemporary Manufacture","180506","","","New",,,,,"","CA","Does not apply","",""
"147477302418",Hot Wheels Premium YOU PICK Car Culture F1 Pop Culture Combine Save,You Pick=2021 BMW M5 - Mission Impossible Dead Reckoning Pop Culture,2021 BMW M5 - Mission Impossible Dead Reckoning Pop Culture,"3","FIXED_PRICE","CAD",14.09,,,,"0",,,"Aug-01-26 19:57:05 PDT","Nov-01-26 19:57:05 PST","Contemporary Manufacture","180506","","","New",,,,,"","CA","Does not apply","",""
"147477302418",Hot Wheels Premium YOU PICK Car Culture F1 Pop Culture Combine Save,You Pick=Back To The Future Time Machine-1955 Part III,Back To The Future Time Machine-1955 Part III,"4","FIXED_PRICE","CAD",15.99,,,,"0",,,"Aug-01-26 19:57:05 PDT","Nov-01-26 19:57:05 PST","Contemporary Manufacture","180506","","","New",,,,,"","CA","Does not apply","",""
"147477302418",Hot Wheels Premium YOU PICK Car Culture F1 Pop Culture Combine Save,You Pick=BMW M3 Green - Power Trip Car Culture,BMW M3 Green - Power Trip Car Culture,"0","FIXED_PRICE","CAD",13.49,,,,"0",,,"Aug-01-26 19:57:05 PDT","Nov-01-26 19:57:05 PST","Contemporary Manufacture","180506","","","New",,,,,"","CA","Does not apply","",""
"147477302418",Hot Wheels Premium YOU PICK Car Culture F1 Pop Culture Combine Save,You Pick=2010 BMW - Fast & Furious,2010 BMW - Fast & Furious,"2","FIXED_PRICE","CAD",14.09,,,,"0",,,"Aug-01-26 19:57:05 PDT","Nov-01-26 19:57:05 PST","Contemporary Manufacture","180506","","","New",,,,,"","CA","Does not apply","",""
"147477302418",Hot Wheels Premium YOU PICK Car Culture F1 Pop Culture Combine Save,You Pick=Porsche 911 Carrera RS 3.8 - Fast & Furious 3-5,Porsche 911 Carrera RS 3.8 - Fast & Furious 3-5,"2","FIXED_PRICE","CAD",15.29,,,,"0",,,"Aug-01-26 19:57:05 PDT","Nov-01-26 19:57:05 PST","Contemporary Manufacture","180506","","","New",,,,,"","CA","Does not apply","",""
"147477302418",Hot Wheels Premium YOU PICK Car Culture F1 Pop Culture Combine Save,You Pick=Lamborghini Huracan Super Trofeo Gold - Gran Turismo Pop Culture,Lamborghini Huracan Super Trofeo Gold - Gran Turismo Pop Culture,"2","FIXED_PRICE","CAD",12.99,,,,"0",,,"Aug-01-26 19:57:05 PDT","Nov-01-26 19:57:05 PST","Contemporary Manufacture","180506","","","New",,,,,"","CA","Does not apply","",""
"147477302418",Hot Wheels Premium YOU PICK Car Culture F1 Pop Culture Combine Save,You Pick=Nissan 300ZX Twin Turbo Bi-Turbo - Boulevard,Nissan 300ZX Twin Turbo Bi-Turbo - Boulevard,"2","FIXED_PRICE","CAD",12.99,,,,"0",,,"Aug-01-26 19:57:05 PDT","Nov-01-26 19:57:05 PST","Contemporary Manufacture","180506","","","New",,,,,"","CA","Does not apply","",""
"147477302418",Hot Wheels Premium YOU PICK Car Culture F1 Pop Culture Combine Save,You Pick=G.I. Joe Combat Jet Skystriker Grumman F-14 Tomcat - Pop Culture,G.I. Joe Combat Jet Skystriker F-14 Tomcat - Pop Culture,"2","FIXED_PRICE","CAD",16.99,,,,"0",,,"Aug-01-26 19:57:05 PDT","Nov-01-26 19:57:05 PST","Contemporary Manufacture","180506","","","New",,,,,"","CA","Does not apply","",""
"147477302418",Hot Wheels Premium YOU PICK Car Culture F1 Pop Culture Combine Save,You Pick=Fast Furious Lancer Evolution IX 2/5 Red,Fast Furious Lancer Evolution IX 2/5 Red,"1","FIXED_PRICE","CAD",18.99,,,,"0",,,"Aug-01-26 19:57:05 PDT","Nov-01-26 19:57:05 PST","Contemporary Manufacture","180506","","","New",,,,,"","CA","Does not apply","",""
"147477302418",Hot Wheels Premium YOU PICK Car Culture F1 Pop Culture Combine Save,You Pick=Koenigsegg CC850 HW Boulevard #152 GREY,Koenigsegg CC850 HW Boulevard #152 GREY,"1","FIXED_PRICE","CAD",17.99,,,,"0",,,"Aug-01-26 19:57:05 PDT","Nov-01-26 19:57:05 PST","Contemporary Manufacture","180506","","","New",,,,,"","CA","Does not apply","",""
"147477302418",Hot Wheels Premium YOU PICK Car Culture F1 Pop Culture Combine Save,You Pick=Audi 90 Quattro - Pop Culture Forza HXD63,Audi 90 Quattro - Pop Culture Forza HXD63,"1","FIXED_PRICE","CAD",16.99,,,,"0",,,"Aug-01-26 19:57:05 PDT","Nov-01-26 19:57:05 PST","Contemporary Manufacture","180506","","","New",,,,,"","CA","Does not apply","",""
"147477302418",Hot Wheels Premium YOU PICK Car Culture F1 Pop Culture Combine Save,You Pick=Formula One TEAM BWT Alpine 2025 Blue & Pink,Formula One TEAM BWT Alpine 2025 Blue & Pink,"1","FIXED_PRICE","CAD",27.99,,,,"0",,,"Aug-01-26 19:57:05 PDT","Nov-01-26 19:57:05 PST","Contemporary Manufacture","180506","","","New",,,,,"","CA","Does not apply","",""
"147477302418",Hot Wheels Premium YOU PICK Car Culture F1 Pop Culture Combine Save,You Pick=Formula One Team Scuderia Ferrari HP #44 2025,Formula One Team Scuderia Ferrari HP #44 2025,"3","FIXED_PRICE","CAD",31.99,,,,"0",,,"Aug-01-26 19:57:05 PDT","Nov-01-26 19:57:05 PST","Contemporary Manufacture","180506","","","New",,,,,"","CA","Does not apply","",""
"147477302418",Hot Wheels Premium YOU PICK Car Culture F1 Pop Culture Combine Save,You Pick=Dracula Kool Kombi - Pop Culture HXD63,Dracula Kool Kombi - Pop Culture HXD63,"1","FIXED_PRICE","CAD",16.99,,,,"0",,,"Aug-01-26 19:57:05 PDT","Nov-01-26 19:57:05 PST","Contemporary Manufacture","180506","","","New",,,,,"","CA","Does not apply","",""
"147477302418",Hot Wheels Premium YOU PICK Car Culture F1 Pop Culture Combine Save,You Pick='65 Dodge Coronet Car Culture 1/5 (HW2021),'65 Dodge Coronet Car Culture 1/5 (HW2021),"1","FIXED_PRICE","CAD",17.99,,,,"0",,,"Aug-01-26 19:57:05 PDT","Nov-01-26 19:57:05 PST","Contemporary Manufacture","180506","","","New",,,,,"","CA","Does not apply","",""
"147477302418",Hot Wheels Premium YOU PICK Car Culture F1 Pop Culture Combine Save,You Pick='84 Mustang SVO Grey Car Culture Power Trip 4/5,'84 Mustang SVO Grey Car Culture Power Trip 4/5,"1","FIXED_PRICE","CAD",17.99,,,,"0",,,"Aug-01-26 19:57:05 PDT","Nov-01-26 19:57:05 PST","Contemporary Manufacture","180506","","","New",,,,,"","CA","Does not apply","",""
"147477302418",Hot Wheels Premium YOU PICK Car Culture F1 Pop Culture Combine Save,You Pick=Hummer H1 Car Culture - Terra Trek 1/5 (HW2024),Hummer H1 Car Culture - Terra Trek 1/5 (HW2024),"1","FIXED_PRICE","CAD",18.99,,,,"0",,,"Aug-01-26 19:57:05 PDT","Nov-01-26 19:57:05 PST","Contemporary Manufacture","180506","","","New",,,,,"","CA","Does not apply","",""
"147477302418",Hot Wheels Premium YOU PICK Car Culture F1 Pop Culture Combine Save,"You Pick=Custom '71 Datsun 240 ""ROTSUN"" Pop Culture (HW2023","Custom '71 Datsun 240 ""ROTSUN"" Pop Culture (HW2023","1","FIXED_PRICE","CAD",19.99,,,,"0",,,"Aug-01-26 19:57:05 PDT","Nov-01-26 19:57:05 PST","Contemporary Manufacture","180506","","","New",,,,,"","CA","Does not apply","",""
"147477302418",Hot Wheels Premium YOU PICK Car Culture F1 Pop Culture Combine Save,You Pick='76 Greenwood Corvette Car Culture 3/5,'76 Greenwood Corvette Car Culture 3/5,"1","FIXED_PRICE","CAD",16.99,,,,"0",,,"Aug-01-26 19:57:05 PDT","Nov-01-26 19:57:05 PST","Contemporary Manufacture","180506","","","New",,,,,"","CA","Does not apply","",""
"147477302418",Hot Wheels Premium YOU PICK Car Culture F1 Pop Culture Combine Save,You Pick=Nissan Skyline GT-R (R32) Pandem Modern Classic #1,Nissan Skyline GT-R (R32) Pandem Modern Classic #1,"1","FIXED_PRICE","CAD",22.99,,,,"0",,,"Aug-01-26 19:57:05 PDT","Nov-01-26 19:57:05 PST","Contemporary Manufacture","180506","","","New",,,,,"","CA","Does not apply","",""
"147477302418",Hot Wheels Premium YOU PICK Car Culture F1 Pop Culture Combine Save,You Pick=DODGE CHARGER RT Chase - Fast Furious 25th Years,DODGE CHARGER RT Chase - Fast Furious 25th Years,"1","FIXED_PRICE","CAD",55.0,,,,"0",,,"Aug-01-26 19:57:05 PDT","Nov-01-26 19:57:05 PST","Contemporary Manufacture","180506","","","New",,,,,"","CA","Does not apply","",""
"147477302418",Hot Wheels Premium YOU PICK Car Culture F1 Pop Culture Combine Save,You Pick=Honda NSX 2003 Black - Fast & Furious 3/5,Honda NSX 2003 Black - Fast & Furious 3/5,"2","FIXED_PRICE","CAD",14.99,,,,"0",,,"Aug-01-26 19:57:05 PDT","Nov-01-26 19:57:05 PST","Contemporary Manufacture","180506","","","New",,,,,"","CA","Does not apply","",""
"147477302418",Hot Wheels Premium YOU PICK Car Culture F1 Pop Culture Combine Save,You Pick=Land Cruiser FJ60 - Fast & Furious 25th Beige 5/5,Land Cruiser FJ60 - Fast & Furious 25th Beige 5/5,"1","FIXED_PRICE","CAD",9.99,,,,"0",,,"Aug-01-26 19:57:05 PDT","Nov-01-26 19:57:05 PST","Contemporary Manufacture","180506","","","New",,,,,"","CA","Does not apply","",""
"147477302418",Hot Wheels Premium YOU PICK Car Culture F1 Pop Culture Combine Save,You Pick=BMW M5 Black - Fast & Furious 25th,BMW M5 Black - Fast & Furious 25th,"1","FIXED_PRICE","CAD",12.99,,,,"0",,,"Aug-01-26 19:57:05 PDT","Nov-01-26 19:57:05 PST","Contemporary Manufacture","180506","","","New",,,,,"","CA","Does not apply","",""
"147479044925",Star Wars Black Series The Stranger Qimir Colonel Ward Stormtrooper Rey & Droid,,,"1","FIXED_PRICE","CAD",140.0,,,140.0,"0","2","0","Aug-02-26 16:39:27 PDT","Nov-02-26 16:39:27 PST","Action Figures","261068","","","New","","","","","","CA","","",""
"147480401577","2026 Hot Wheels Fast & Furious Silver Series ZAMAC - SET OF 5 , Supra, Civic ..",,,"1","FIXED_PRICE","CAD",54.0,,,54.0,"2","4","0","Aug-03-26 07:12:30 PDT","Nov-03-26 07:12:30 PST","Contemporary Manufacture","180506","","","New","","","","","","CA","Does not apply","",""
"147480890550",Hot Wheels Silver Series YOU PICK Fast Furious Audi Pontiac Trucks Mustang &MORE,"You Pick=Audi R8 LMS Silver #2/5 - Audi Silver Series;Audi RS 5 Coupe Orange #3/5 - Audi Silver Series;Audi RS e-tron GT Gold #4/5 - Audi Silver Series;'84 Audi Sport Quattro Red #5/5 - Audi Silver Series;'18 Ford Mustang RTR Spec 5 Grey - Mustang 60th Anniv;Mustang 2+2 Fastback Yellow - Vintage Club;'71 Porsche 911 - Vintage Club;Nissan Silvia S13 Yellow - Tokyo Drift F&F;Nissan 350Z Black - Tokyo Drift F&F;Nissan Maxima - F&F Dream Line Up;Subaru WRX Red - F&F Dream Line Up;'69 Camaro Blue - F&F Dream Line Up;Mazda RX-7 White - F&F Race-Off;'19 Chevrolet Silverado Trail Boss LT - Perf. Trucks;'20 Ram 1500 Rebel - Performance Trucks Silver;'19 Jeep Grand Cherokee Trackhawk - Perf. Trucks;'19 Ford Ranger Raptor Grey - Performance Trucks;Ford Bronco R Chase - Performance Trucks Silver;Honda S800 Racing Red #2/5 - Rally Racers Silver;McLaren Speedtail Blue #2/5 - Summit Surge Silver;Aston Martin Vulcan Yellow #3/5 - Summit Surge Silver;1/5 — '84 Pontiac Firebird, Silver Sand Metallic;2/5 — '06 Pontiac GTO, Yellow Jacket;3/5 — '65 Pontiac Bonneville, Iris Mist (chrome);4/5 — '70 Pontiac GTO Judge, Verdoro Green Metalli;5/5 — '66 Pontiac GTO, Montero Red;F&F 1993 Honda Civic Coupé EX EJ1 (Zamac);F&F 1970 Dodge Charger R/T (Zamac);F&F 1995 Mitsubishi Eclipse (Zamac);F&F 1995 Mazda RX-7 (Zamac);F&F Toyota Supra MK IV (Zamac)",HW-SILVERSERIES-YOUPICK-001,"36","FIXED_PRICE","CAD",7.0,,,7.0,"2","1","0","Aug-03-26 12:15:01 PDT","Nov-03-26 12:15:01 PST","Contemporary Manufacture","180506","","","New","","","","","","CA","Does not apply","",""
"147480890550",Hot Wheels Silver Series YOU PICK Fast Furious Audi Pontiac Trucks Mustang &MORE,You Pick=Audi R8 LMS Silver #2/5 - Audi Silver Series,Audi R8 LMS Silver #2/5 - Audi Silver Series,"1","FIXED_PRICE","CAD",7.0,,,,"0",,,"Aug-03-26 12:15:01 PDT","Nov-03-26 12:15:01 PST","Contemporary Manufacture","180506","","","New",,,,,"","CA","Does not apply","",""
"147480890550",Hot Wheels Silver Series YOU PICK Fast Furious Audi Pontiac Trucks Mustang &MORE,You Pick=Audi RS 5 Coupe Orange #3/5 - Audi Silver Series,Audi RS 5 Coupe Orange #3/5 - Audi Silver Series,"1","FIXED_PRICE","CAD",7.0,,,,"0",,,"Aug-03-26 12:15:01 PDT","Nov-03-26 12:15:01 PST","Contemporary Manufacture","180506","","","New",,,,,"","CA","Does not apply","",""
"147480890550",Hot Wheels Silver Series YOU PICK Fast Furious Audi Pontiac Trucks Mustang &MORE,You Pick=Audi RS e-tron GT Gold #4/5 - Audi Silver Series,Audi RS e-tron GT Gold #4/5 - Audi Silver Series,"1","FIXED_PRICE","CAD",7.0,,,,"0",,,"Aug-03-26 12:15:01 PDT","Nov-03-26 12:15:01 PST","Contemporary Manufacture","180506","","","New",,,,,"","CA","Does not apply","",""
"147480890550",Hot Wheels Silver Series YOU PICK Fast Furious Audi Pontiac Trucks Mustang &MORE,You Pick='84 Audi Sport Quattro Red #5/5 - Audi Silver Series,'84 Audi Sport Quattro Red #5/5 - Audi Silver Series,"1","FIXED_PRICE","CAD",14.0,,,,"0",,,"Aug-03-26 12:15:01 PDT","Nov-03-26 12:15:01 PST","Contemporary Manufacture","180506","","","New",,,,,"","CA","Does not apply","",""
"147480890550",Hot Wheels Silver Series YOU PICK Fast Furious Audi Pontiac Trucks Mustang &MORE,You Pick='18 Ford Mustang RTR Spec 5 Grey - Mustang 60th Anniv,'18 Ford Mustang RTR Spec 5 Grey - Mustang 60th Anniv,"1","FIXED_PRICE","CAD",14.0,,,,"0",,,"Aug-03-26 12:15:01 PDT","Nov-03-26 12:15:01 PST","Contemporary Manufacture","180506","","","New",,,,,"","CA","Does not apply","",""
"147480890550",Hot Wheels Silver Series YOU PICK Fast Furious Audi Pontiac Trucks Mustang &MORE,You Pick=Mustang 2+2 Fastback Yellow - Vintage Club,Mustang 2+2 Fastback Yellow - Vintage Club,"1","FIXED_PRICE","CAD",13.0,,,,"0",,,"Aug-03-26 12:15:01 PDT","Nov-03-26 12:15:01 PST","Contemporary Manufacture","180506","","","New",,,,,"","CA","Does not apply","",""
"147480890550",Hot Wheels Silver Series YOU PICK Fast Furious Audi Pontiac Trucks Mustang &MORE,You Pick='71 Porsche 911 - Vintage Club,'71 Porsche 911 - Vintage Club,"1","FIXED_PRICE","CAD",14.0,,,,"0",,,"Aug-03-26 12:15:01 PDT","Nov-03-26 12:15:01 PST","Contemporary Manufacture","180506","","","New",,,,,"","CA","Does not apply","",""
"147480890550",Hot Wheels Silver Series YOU PICK Fast Furious Audi Pontiac Trucks Mustang &MORE,You Pick=Nissan Silvia S13 Yellow - Tokyo Drift F&F,Nissan Silvia S13 Yellow - Tokyo Drift F&F,"1","FIXED_PRICE","CAD",19.0,,,,"0",,,"Aug-03-26 12:15:01 PDT","Nov-03-26 12:15:01 PST","Contemporary Manufacture","180506","","","New",,,,,"","CA","Does not apply","",""
"147480890550",Hot Wheels Silver Series YOU PICK Fast Furious Audi Pontiac Trucks Mustang &MORE,You Pick=Nissan 350Z Black - Tokyo Drift F&F,Nissan 350Z Black - Tokyo Drift F&F,"1","FIXED_PRICE","CAD",21.0,,,,"0",,,"Aug-03-26 12:15:01 PDT","Nov-03-26 12:15:01 PST","Contemporary Manufacture","180506","","","New",,,,,"","CA","Does not apply","",""
"147480890550",Hot Wheels Silver Series YOU PICK Fast Furious Audi Pontiac Trucks Mustang &MORE,You Pick=Nissan Maxima - F&F Dream Line Up,Nissan Maxima - F&F Dream Line Up,"1","FIXED_PRICE","CAD",12.0,,,,"0",,,"Aug-03-26 12:15:01 PDT","Nov-03-26 12:15:01 PST","Contemporary Manufacture","180506","","","New",,,,,"","CA","Does not apply","",""
"147480890550",Hot Wheels Silver Series YOU PICK Fast Furious Audi Pontiac Trucks Mustang &MORE,You Pick=Subaru WRX Red - F&F Dream Line Up,Subaru WRX Red - F&F Dream Line Up,"1","FIXED_PRICE","CAD",8.0,,,,"0",,,"Aug-03-26 12:15:01 PDT","Nov-03-26 12:15:01 PST","Contemporary Manufacture","180506","","","New",,,,,"","CA","Does not apply","",""
"147480890550",Hot Wheels Silver Series YOU PICK Fast Furious Audi Pontiac Trucks Mustang &MORE,You Pick='69 Camaro Blue - F&F Dream Line Up,'69 Camaro Blue - F&F Dream Line Up,"0","FIXED_PRICE","CAD",7.0,,,,"0",,,"Aug-03-26 12:15:01 PDT","Nov-03-26 12:15:01 PST","Contemporary Manufacture","180506","","","New",,,,,"","CA","Does not apply","",""
"147480890550",Hot Wheels Silver Series YOU PICK Fast Furious Audi Pontiac Trucks Mustang &MORE,You Pick=Mazda RX-7 White - F&F Race-Off,Mazda RX-7 White - F&F Race-Off,"1","FIXED_PRICE","CAD",7.0,,,,"0",,,"Aug-03-26 12:15:01 PDT","Nov-03-26 12:15:01 PST","Contemporary Manufacture","180506","","","New",,,,,"","CA","Does not apply","",""
"147480890550",Hot Wheels Silver Series YOU PICK Fast Furious Audi Pontiac Trucks Mustang &MORE,You Pick='19 Chevrolet Silverado Trail Boss LT - Perf. Trucks,'19 Chevrolet Silverado Trail Boss LT - Perf. Trucks,"1","FIXED_PRICE","CAD",7.0,,,,"0",,,"Aug-03-26 12:15:01 PDT","Nov-03-26 12:15:01 PST","Contemporary Manufacture","180506","","","New",,,,,"","CA","Does not apply","",""
"147480890550",Hot Wheels Silver Series YOU PICK Fast Furious Audi Pontiac Trucks Mustang &MORE,You Pick='20 Ram 1500 Rebel - Performance Trucks Silver,'20 Ram 1500 Rebel - Performance Trucks Silver,"1","FIXED_PRICE","CAD",7.0,,,,"0",,,"Aug-03-26 12:15:01 PDT","Nov-03-26 12:15:01 PST","Contemporary Manufacture","180506","","","New",,,,,"","CA","Does not apply","",""
"147480890550",Hot Wheels Silver Series YOU PICK Fast Furious Audi Pontiac Trucks Mustang &MORE,You Pick='19 Jeep Grand Cherokee Trackhawk - Perf. Trucks,'19 Jeep Grand Cherokee Trackhawk - Perf. Trucks,"1","FIXED_PRICE","CAD",7.0,,,,"0",,,"Aug-03-26 12:15:01 PDT","Nov-03-26 12:15:01 PST","Contemporary Manufacture","180506","","","New",,,,,"","CA","Does not apply","",""
"147480890550",Hot Wheels Silver Series YOU PICK Fast Furious Audi Pontiac Trucks Mustang &MORE,You Pick='19 Ford Ranger Raptor Grey - Performance Trucks,'19 Ford Ranger Raptor Grey - Performance Trucks,"1","FIXED_PRICE","CAD",7.0,,,,"0",,,"Aug-03-26 12:15:01 PDT","Nov-03-26 12:15:01 PST","Contemporary Manufacture","180506","","","New",,,,,"","CA","Does not apply","",""
"147480890550",Hot Wheels Silver Series YOU PICK Fast Furious Audi Pontiac Trucks Mustang &MORE,You Pick=Ford Bronco R Chase - Performance Trucks Silver,Ford Bronco R Chase - Performance Trucks Silver,"1","FIXED_PRICE","CAD",7.0,,,,"0",,,"Aug-03-26 12:15:01 PDT","Nov-03-26 12:15:01 PST","Contemporary Manufacture","180506","","","New",,,,,"","CA","Does not apply","",""
"147480890550",Hot Wheels Silver Series YOU PICK Fast Furious Audi Pontiac Trucks Mustang &MORE,You Pick=Honda S800 Racing Red #2/5 - Rally Racers Silver,Honda S800 Racing Red #2/5 - Rally Racers Silver,"1","FIXED_PRICE","CAD",7.0,,,,"0",,,"Aug-03-26 12:15:01 PDT","Nov-03-26 12:15:01 PST","Contemporary Manufacture","180506","","","New",,,,,"","CA","Does not apply","",""
"147480890550",Hot Wheels Silver Series YOU PICK Fast Furious Audi Pontiac Trucks Mustang &MORE,You Pick=McLaren Speedtail Blue #2/5 - Summit Surge Silver,McLaren Speedtail Blue #2/5 - Summit Surge Silver,"1","FIXED_PRICE","CAD",14.0,,,,"0",,,"Aug-03-26 12:15:01 PDT","Nov-03-26 12:15:01 PST","Contemporary Manufacture","180506","","","New",,,,,"","CA","Does not apply","",""
"147480890550",Hot Wheels Silver Series YOU PICK Fast Furious Audi Pontiac Trucks Mustang &MORE,You Pick=Aston Martin Vulcan Yellow #3/5 - Summit Surge Silver,Aston Martin Vulcan Yellow #3/5 - Summit Surge Silver,"1","FIXED_PRICE","CAD",12.0,,,,"0",,,"Aug-03-26 12:15:01 PDT","Nov-03-26 12:15:01 PST","Contemporary Manufacture","180506","","","New",,,,,"","CA","Does not apply","",""
"147480890550",Hot Wheels Silver Series YOU PICK Fast Furious Audi Pontiac Trucks Mustang &MORE,"You Pick=1/5 — '84 Pontiac Firebird, Silver Sand Metallic","1/5 — '84 Pontiac Firebird, Silver Sand Metallic","3","FIXED_PRICE","CAD",13.0,,,,"0",,,"Aug-03-26 12:15:01 PDT","Nov-03-26 12:15:01 PST","Contemporary Manufacture","180506","","","New",,,,,"","CA","Does not apply","",""
"147480890550",Hot Wheels Silver Series YOU PICK Fast Furious Audi Pontiac Trucks Mustang &MORE,"You Pick=2/5 — '06 Pontiac GTO, Yellow Jacket","2/5 — '06 Pontiac GTO, Yellow Jacket","1","FIXED_PRICE","CAD",13.0,,,,"1",,,"Aug-03-26 12:15:01 PDT","Nov-03-26 12:15:01 PST","Contemporary Manufacture","180506","","","New",,,,,"","CA","Does not apply","",""
"147480890550",Hot Wheels Silver Series YOU PICK Fast Furious Audi Pontiac Trucks Mustang &MORE,"You Pick=3/5 — '65 Pontiac Bonneville, Iris Mist (chrome)","3/5 — '65 Pontiac Bonneville, Iris Mist (chrome)","1","FIXED_PRICE","CAD",13.0,,,,"0",,,"Aug-03-26 12:15:01 PDT","Nov-03-26 12:15:01 PST","Contemporary Manufacture","180506","","","New",,,,,"","CA","Does not apply","",""
"147480890550",Hot Wheels Silver Series YOU PICK Fast Furious Audi Pontiac Trucks Mustang &MORE,"You Pick=4/5 — '70 Pontiac GTO Judge, Verdoro Green Metalli","4/5 — '70 Pontiac GTO Judge, Verdoro Green Metalli","3","FIXED_PRICE","CAD",13.0,,,,"0",,,"Aug-03-26 12:15:01 PDT","Nov-03-26 12:15:01 PST","Contemporary Manufacture","180506","","","New",,,,,"","CA","Does not apply","",""
"147480890550",Hot Wheels Silver Series YOU PICK Fast Furious Audi Pontiac Trucks Mustang &MORE,"You Pick=5/5 — '66 Pontiac GTO, Montero Red","5/5 — '66 Pontiac GTO, Montero Red","0","FIXED_PRICE","CAD",14.0,,,,"1",,,"Aug-03-26 12:15:01 PDT","Nov-03-26 12:15:01 PST","Contemporary Manufacture","180506","","","New",,,,,"","CA","Does not apply","",""
"147480890550",Hot Wheels Silver Series YOU PICK Fast Furious Audi Pontiac Trucks Mustang &MORE,You Pick=F&F 1993 Honda Civic Coupé EX EJ1 (Zamac),F&F 1993 Honda Civic Coupé EX EJ1 (Zamac),"1","FIXED_PRICE","CAD",15.0,,,,"0",,,"Aug-03-26 12:15:01 PDT","Nov-03-26 12:15:01 PST","Contemporary Manufacture","180506","","","New",,,,,"","CA","Does not apply","",""
"147480890550",Hot Wheels Silver Series YOU PICK Fast Furious Audi Pontiac Trucks Mustang &MORE,You Pick=F&F 1970 Dodge Charger R/T (Zamac),F&F 1970 Dodge Charger R/T (Zamac),"1","FIXED_PRICE","CAD",12.0,,,,"0",,,"Aug-03-26 12:15:01 PDT","Nov-03-26 12:15:01 PST","Contemporary Manufacture","180506","","","New",,,,,"","CA","Does not apply","",""
"147480890550",Hot Wheels Silver Series YOU PICK Fast Furious Audi Pontiac Trucks Mustang &MORE,You Pick=F&F 1995 Mitsubishi Eclipse (Zamac),F&F 1995 Mitsubishi Eclipse (Zamac),"2","FIXED_PRICE","CAD",12.0,,,,"0",,,"Aug-03-26 12:15:01 PDT","Nov-03-26 12:15:01 PST","Contemporary Manufacture","180506","","","New",,,,,"","CA","Does not apply","",""
"147480890550",Hot Wheels Silver Series YOU PICK Fast Furious Audi Pontiac Trucks Mustang &MORE,You Pick=F&F 1995 Mazda RX-7 (Zamac),F&F 1995 Mazda RX-7 (Zamac),"1","FIXED_PRICE","CAD",12.0,,,,"0",,,"Aug-03-26 12:15:01 PDT","Nov-03-26 12:15:01 PST","Contemporary Manufacture","180506","","","New",,,,,"","CA","Does not apply","",""
"147480890550",Hot Wheels Silver Series YOU PICK Fast Furious Audi Pontiac Trucks Mustang &MORE,You Pick=F&F Toyota Supra MK IV (Zamac),F&F Toyota Supra MK IV (Zamac),"3","FIXED_PRICE","CAD",18.0,,,,"0",,,"Aug-03-26 12:15:01 PDT","Nov-03-26 12:15:01 PST","Contemporary Manufacture","180506","","","New",,,,,"","CA","Does not apply","",""
"147481408839",Disney Pixar Cars Light Up - Race To Celebrate - Lightning McQueen,,,"1","FIXED_PRICE","CAD",24.99,,,24.99,"2","3","0","Aug-03-26 18:22:25 PDT","Nov-03-26 18:22:25 PST","Contemporary Manufacture","180506","","","New","","","","","","CA","194735385126","",""
"147482513327",Cute Clear Display Case Fits Labubu Pop Mart Plush Doll Keychain Travel Bag,Pick Your Colour=Black;White,,"10","FIXED_PRICE","CAD",25.0,,,25.0,"0","","","Aug-04-26 06:30:12 PDT","Nov-04-26 06:30:12 PST","Action Figures","261068","","","New","","","","","","CA","Does not apply","",""
"147482513327",Cute Clear Display Case Fits Labubu Pop Mart Plush Doll Keychain Travel Bag,Pick Your Colour=Black,Black,"5","FIXED_PRICE","CAD",25.0,,,,"0",,,"Aug-04-26 06:30:12 PDT","Nov-04-26 06:30:12 PST","Action Figures","261068","","","New",,,,,"","CA","Does not apply","",""
"147482513327",Cute Clear Display Case Fits Labubu Pop Mart Plush Doll Keychain Travel Bag,Pick Your Colour=White,White,"5","FIXED_PRICE","CAD",25.0,,,,"0",,,"Aug-04-26 06:30:12 PDT","Nov-04-26 06:30:12 PST","Action Figures","261068","","","New",,,,,"","CA","Does not apply","",""
"147482941019",Brick Shop ‘94 Toyota Supra MKIV Elite Series 824 Pcs New Mattel Hot Wheels 2026,,,"1","FIXED_PRICE","CAD",102.0,,,102.0,"5","6","0","Aug-04-26 11:02:27 PDT","Nov-04-26 11:02:27 PST","Contemporary Manufacture","180506","","","New","","","","","","CA","Does not apply","",""
"147485268204","WWE - Cactus Jack Monday Night War: WWE vs. WCW Ultimate Edition 6"" Scale Action",,,"1","FIXED_PRICE","CAD",72.99,,,72.99,"3","14","0","Aug-05-26 10:24:18 PDT","Nov-05-26 10:24:18 PST","Action Figures","261068","","","New","","","","","","CA","0194735337583","",""
"147485823688","Thinkway Toy Story Signature Buzz Lightyear 12"" Talking Figure 100% Works FRENCH",,,"1","FIXED_PRICE","CAD",249.0,,,249.0,"1","5","0","Aug-05-26 17:17:37 PDT","Nov-05-26 17:17:37 PST","Action Figures","261068","","","New","","","","","","CA","Does not apply","",""
"147485853073","Ornate Decorative Desk/Table Clock 7"" Bronze Resin Urn Style Quartz",,,"1","FIXED_PRICE","CAD",21.0,,,21.0,"0","","","Aug-05-26 17:32:08 PDT","Nov-05-26 17:32:08 PST","Desk, Mantel & Shelf Clocks","261605","","","","","","","","","CA","","",""
"147485890194",Toy Story Buzz Lightyear Disney Store Mini Pixar Figure Mattel Loose Collectible,,,"1","FIXED_PRICE","CAD",11.0,,,11.0,"0","","","Aug-05-26 17:59:59 PDT","Nov-05-26 17:59:59 PST","Action Figures","261068","","","Used","","","","","","CA","","",""
"147486107117",Pabst Blue Ribbon PBR Artist Series Limited Edition Glasses Set of 3 w/ Box New,,,"2","FIXED_PRICE","CAD",36.0,,,36.0,"1","1","0","Aug-05-26 20:15:51 PDT","Nov-05-26 20:15:51 PST","Other Vintage Beer Glasses","35723","","","New","","","","","","CA","","",""
"147486975084",Mattel WWE Saturday Night's Main Event Elite CM PUNK HULK HOGAN JEY USO Lot NEW,,,"1","FIXED_PRICE","CAD",152.0,,,152.0,"1","6","0","Aug-06-26 06:27:01 PDT","Oct-06-26 06:27:01 PDT","Action Figures","261068","","","New","","","","","","CA","","",""
"147486987992",Jey Uso 2026 WWE Elite Saturday Night's Main Event Serie 1 Mint Condition Mattel,,,"1","FIXED_PRICE","CAD",54.0,,,54.0,"0","7","0","Aug-06-26 06:34:30 PDT","Oct-06-26 06:34:30 PDT","Action Figures","261068","","","New","","","","","","CA","0194735411924","",""
"147487078366",MoreArt 1:64 Grand Theft Auto Diorama Figure Character Set MO223074,,,"10","FIXED_PRICE","CAD",29.99,,,29.99,"0","0","0","Aug-06-26 07:35:24 PDT","Oct-06-26 07:35:24 PDT","Figures","180279","","","New","","","","","","CA","Does not apply","",""
"147487089310",Masters of the Universes X WWE Hollywood Hulk Hogan Unpunched MOTU Figure 2026,,,"3","FIXED_PRICE","CAD",57.0,,,57.0,"1","4","0","Aug-06-26 07:43:39 PDT","Oct-06-26 07:43:39 PDT","Action Figures","261068","","","New","","","","","","CA","","",""
"147488012737",Mattel WWE Hulk Hogan Saturday Night's Main Event Elite Collection Action Figure,,,"2","FIXED_PRICE","CAD",57.0,,,57.0,"2","13","0","Aug-06-26 18:38:41 PDT","Oct-06-26 18:38:41 PDT","Action Figures","261068","","","New","","","","","","CA","","",""
"147488015484",WWE CM PUNK MATTEL ELITE SATURDAY NIGHT'S MAIN EVENT WRESTLING FIGURE ,,,"1","FIXED_PRICE","CAD",59.0,,,59.0,"2","11","0","Aug-06-26 18:42:12 PDT","Oct-06-26 18:42:12 PDT","Action Figures","261068","","","New","","","","","","CA","","",""
"147489172171",WWE New World Order Bash At The Beach Scott Hall Hulk Hogan Kevin Nash WCW,,,"2","FIXED_PRICE","CAD",129.99,,,129.99,"1","7","0","Aug-07-26 08:32:19 PDT","Oct-07-26 08:32:19 PDT","Action Figures","261068","","","New","","","","","","CA","Does not apply","",""
"147489268226",Air Hogs Disney Star Wars Zero Gravity Tie Advanced x1 Fighter Wall Climber Work,,,"1","FIXED_PRICE","CAD",16.0,,,16.0,"0","1","0","Aug-07-26 09:37:33 PDT","Oct-07-26 09:37:33 PDT","Remote-Controlled Toys","84912","","","Used","","","","","","CA","778988116135","",""
"147489963251",BRP Ski-Doo Modular Snowmobile Helmet Flip-Up Black Size Large Bombardier DOT,,,"1","FIXED_PRICE","CAD",90.0,,,90.0,"0","3","0","Aug-07-26 16:16:00 PDT","Oct-07-26 16:16:00 PDT","Motorcycle & Powersport Helmets","177076","","","Pre-owned","","","","","","CA","","",""
"147490141771",Sentimental Studios Hallmark Store Display Sign Header Advertising 22 inch,,ADV-HALLMARK-SIGN,"1","FIXED_PRICE","CAD",39.0,,,39.0,"0","1","0","Aug-09-26 05:18:57 PDT","Oct-09-26 05:18:57 PDT","Video Arcade Machines","13716","","","Used","","","","","","CA","","",""
"147490141784",Aaron Ekblad Florida Panthers Bobblehead NHL Collectible Figurine New,,SM-EKBLAD-BOBBLE,"1","FIXED_PRICE","CAD",21.0,,,21.0,"0","","","Aug-12-26 17:30:14 PDT","Oct-12-26 17:30:14 PDT","Hockey-NHL","24510","","","New","","","","","","CA","Does not apply","",""
"147496123334",Metal Gear Solid 4: Guns of The Patriots - PS3 Game + Manual (PAL),,,"1","FIXED_PRICE","CAD",9.8,,,9.8,"0","3","0","Aug-10-26 13:16:42 PDT","Oct-10-26 13:16:42 PDT","Video Games","139973","","","Like New","","","","","","CA","N/A","",""
"147496124963",Starcraft II Wings of Liberty PC Video Game CD w/key & Guide /Complete in Box,,,"1","FIXED_PRICE","CAD",21.0,,,21.0,"0","0","0","Aug-10-26 13:19:33 PDT","Oct-10-26 13:19:33 PDT","Video Games","139973","","","Like New","","","","","","CA","0020626728386","",""
"147501009966",Mega Bloks Plasma Dragons Balefyre Red 4 Wings Toy 7” Toy,,,"1","FIXED_PRICE","CAD",27.0,,,27.0,"0","3","0","Aug-12-26 17:39:11 PDT","Oct-12-26 17:39:11 PDT","Building Toy Complete Sets & Packs","258040","","","Used","","","","","","CA","","",""
"147502432478","Stranger Things Demogorgon Netflix Jazwares Action Figure 6"" 2025",,,"1","FIXED_PRICE","CAD",22.0,,,22.0,"1","6","0","Aug-13-26 08:20:35 PDT","Oct-13-26 08:20:35 PDT","Action Figures","261068","","","New","","","","","","CA","","",""
"147502470168",Mattel DC Comics Core Series 1 Joker & Robin First Wave New DC License 6.5’ MOC,,,"1","FIXED_PRICE","CAD",50.0,,,50.0,"0","0","0","Aug-13-26 08:42:15 PDT","Oct-13-26 08:42:15 PDT","Action Figures","261068","","","New","","","","","","CA","0194735375080","",""
"147502474479",Masters of the Universe Cartoon Collection Ram Man Mattel He-Man Figure New,,,"2","FIXED_PRICE","CAD",20.0,,,20.0,"0","","","Aug-13-26 08:47:32 PDT","Oct-13-26 08:47:32 PDT","Action Figures","261068","","","New","","","","","","CA","","",""
"147502512223",BUY 3 GET 1 FREE Hot Wheels 2026 Mainline Lot You Pick 1:64 Diecast Cars Models,You Pick=073 BMW M4 GT3 White - HW Starting Grid;001 Mazda MX-5 Miata Satin Blue - HW Dream Garage;062 Ferrari 365 GTB4 Competizione White - Ferrari;016 Maserati Shamal Yellow - Factory Fresh;195 Spider-Mobile Red - HW Screen Time;198 Toyota AE86 Sprinter Trueno Purple - HW J-Imports;201 70 Pontiac Firebird Blue - Team Wheels;207 18 Camaro SS White - HW Torque;222 94 Toyota Supra Black - Tooned;211 72 Datsun Sunny Coupe Orange - Compact Kings;213 21 Ford Bronco White - HW Dirt;050 Bugatti Bolide White - HW Starting Grid;051 The Dark Knight Batmobile Black - Batman;067 Lotus Cortina Black - HW Euro;125 24 Aston Martin Vantage GT3 White - Exoticars;221 96 Dodge Viper GTS Black - HW Torque,HW-2026-KL-YOUPICK,"47","FIXED_PRICE","CAD",4.99,,,4.99,"0","","","Aug-13-26 09:24:54 PDT","Oct-13-26 09:24:54 PDT","Contemporary Manufacture","180506","","","New","","","","","","CA","Does not apply","",""
"147502512223",BUY 3 GET 1 FREE Hot Wheels 2026 Mainline Lot You Pick 1:64 Diecast Cars Models,You Pick=073 BMW M4 GT3 White - HW Starting Grid,,"3","FIXED_PRICE","CAD",4.99,,,,"0",,,"Aug-13-26 09:24:54 PDT","Oct-13-26 09:24:54 PDT","Contemporary Manufacture","180506","","","New",,,,,"","CA","Does not apply","",""
"147502512223",BUY 3 GET 1 FREE Hot Wheels 2026 Mainline Lot You Pick 1:64 Diecast Cars Models,You Pick=001 Mazda MX-5 Miata Satin Blue - HW Dream Garage,,"2","FIXED_PRICE","CAD",4.99,,,,"0",,,"Aug-13-26 09:24:54 PDT","Oct-13-26 09:24:54 PDT","Contemporary Manufacture","180506","","","New",,,,,"","CA","Does not apply","",""
"147502512223",BUY 3 GET 1 FREE Hot Wheels 2026 Mainline Lot You Pick 1:64 Diecast Cars Models,You Pick=062 Ferrari 365 GTB4 Competizione White - Ferrari,,"4","FIXED_PRICE","CAD",5.99,,,,"0",,,"Aug-13-26 09:24:54 PDT","Oct-13-26 09:24:54 PDT","Contemporary Manufacture","180506","","","New",,,,,"","CA","Does not apply","",""
"147502512223",BUY 3 GET 1 FREE Hot Wheels 2026 Mainline Lot You Pick 1:64 Diecast Cars Models,You Pick=016 Maserati Shamal Yellow - Factory Fresh,,"2","FIXED_PRICE","CAD",4.99,,,,"0",,,"Aug-13-26 09:24:54 PDT","Oct-13-26 09:24:54 PDT","Contemporary Manufacture","180506","","","New",,,,,"","CA","Does not apply","",""
"147502512223",BUY 3 GET 1 FREE Hot Wheels 2026 Mainline Lot You Pick 1:64 Diecast Cars Models,You Pick=195 Spider-Mobile Red - HW Screen Time,,"5","FIXED_PRICE","CAD",5.99,,,,"0",,,"Aug-13-26 09:24:54 PDT","Oct-13-26 09:24:54 PDT","Contemporary Manufacture","180506","","","New",,,,,"","CA","Does not apply","",""
"147502512223",BUY 3 GET 1 FREE Hot Wheels 2026 Mainline Lot You Pick 1:64 Diecast Cars Models,You Pick=198 Toyota AE86 Sprinter Trueno Purple - HW J-Imports,,"4","FIXED_PRICE","CAD",5.99,,,,"0",,,"Aug-13-26 09:24:54 PDT","Oct-13-26 09:24:54 PDT","Contemporary Manufacture","180506","","","New",,,,,"","CA","Does not apply","",""
"147502512223",BUY 3 GET 1 FREE Hot Wheels 2026 Mainline Lot You Pick 1:64 Diecast Cars Models,You Pick=201 70 Pontiac Firebird Blue - Team Wheels,,"4","FIXED_PRICE","CAD",4.99,,,,"0",,,"Aug-13-26 09:24:54 PDT","Oct-13-26 09:24:54 PDT","Contemporary Manufacture","180506","","","New",,,,,"","CA","Does not apply","",""
"147502512223",BUY 3 GET 1 FREE Hot Wheels 2026 Mainline Lot You Pick 1:64 Diecast Cars Models,You Pick=207 18 Camaro SS White - HW Torque,,"2","FIXED_PRICE","CAD",4.99,,,,"0",,,"Aug-13-26 09:24:54 PDT","Oct-13-26 09:24:54 PDT","Contemporary Manufacture","180506","","","New",,,,,"","CA","Does not apply","",""
"147502512223",BUY 3 GET 1 FREE Hot Wheels 2026 Mainline Lot You Pick 1:64 Diecast Cars Models,You Pick=222 94 Toyota Supra Black - Tooned,,"4","FIXED_PRICE","CAD",5.99,,,,"0",,,"Aug-13-26 09:24:54 PDT","Oct-13-26 09:24:54 PDT","Contemporary Manufacture","180506","","","New",,,,,"","CA","Does not apply","",""
"147502512223",BUY 3 GET 1 FREE Hot Wheels 2026 Mainline Lot You Pick 1:64 Diecast Cars Models,You Pick=211 72 Datsun Sunny Coupe Orange - Compact Kings,,"3","FIXED_PRICE","CAD",4.99,,,,"0",,,"Aug-13-26 09:24:54 PDT","Oct-13-26 09:24:54 PDT","Contemporary Manufacture","180506","","","New",,,,,"","CA","Does not apply","",""
"147502512223",BUY 3 GET 1 FREE Hot Wheels 2026 Mainline Lot You Pick 1:64 Diecast Cars Models,You Pick=213 21 Ford Bronco White - HW Dirt,,"1","FIXED_PRICE","CAD",4.99,,,,"0",,,"Aug-13-26 09:24:54 PDT","Oct-13-26 09:24:54 PDT","Contemporary Manufacture","180506","","","New",,,,,"","CA","Does not apply","",""
"147502512223",BUY 3 GET 1 FREE Hot Wheels 2026 Mainline Lot You Pick 1:64 Diecast Cars Models,You Pick=050 Bugatti Bolide White - HW Starting Grid,,"2","FIXED_PRICE","CAD",5.49,,,,"0",,,"Aug-13-26 09:24:54 PDT","Oct-13-26 09:24:54 PDT","Contemporary Manufacture","180506","","","New",,,,,"","CA","Does not apply","",""
"147502512223",BUY 3 GET 1 FREE Hot Wheels 2026 Mainline Lot You Pick 1:64 Diecast Cars Models,You Pick=051 The Dark Knight Batmobile Black - Batman,,"4","FIXED_PRICE","CAD",6.99,,,,"0",,,"Aug-13-26 09:24:54 PDT","Oct-13-26 09:24:54 PDT","Contemporary Manufacture","180506","","","New",,,,,"","CA","Does not apply","",""
"147502512223",BUY 3 GET 1 FREE Hot Wheels 2026 Mainline Lot You Pick 1:64 Diecast Cars Models,You Pick=067 Lotus Cortina Black - HW Euro,,"2","FIXED_PRICE","CAD",4.99,,,,"0",,,"Aug-13-26 09:24:54 PDT","Oct-13-26 09:24:54 PDT","Contemporary Manufacture","180506","","","New",,,,,"","CA","Does not apply","",""
"147502512223",BUY 3 GET 1 FREE Hot Wheels 2026 Mainline Lot You Pick 1:64 Diecast Cars Models,You Pick=125 24 Aston Martin Vantage GT3 White - Exoticars,,"1","FIXED_PRICE","CAD",4.99,,,,"0",,,"Aug-13-26 09:24:54 PDT","Oct-13-26 09:24:54 PDT","Contemporary Manufacture","180506","","","New",,,,,"","CA","Does not apply","",""
"147502512223",BUY 3 GET 1 FREE Hot Wheels 2026 Mainline Lot You Pick 1:64 Diecast Cars Models,You Pick=221 96 Dodge Viper GTS Black - HW Torque,,"4","FIXED_PRICE","CAD",5.49,,,,"0",,,"Aug-13-26 09:24:54 PDT","Oct-13-26 09:24:54 PDT","Contemporary Manufacture","180506","","","New",,,,,"","CA","Does not apply","",""
"147502753346",NEW DC Page Punchers Figure & Comics Lot Of 4 Batman Aquaman Nightwing McFarlane,,,"1","FIXED_PRICE","CAD",25.0,,,25.0,"0","1","0","Aug-13-26 11:04:36 PDT","Oct-13-26 11:04:36 PDT","Action Figures","261068","","","New","","","","","","CA","","",""
"147504396235",Marvel Legends Doc Samson Incredible Hulk Action Figure PRE-SALE Sep 2026,,PS-ML-DOCSAMSON,"1","FIXED_PRICE","CAD",44.0,,,44.0,"0","1","0","Aug-14-26 06:00:01 PDT","Oct-14-26 06:00:01 PDT","Action Figures","261068","","","New","","","","","","CA","Does not apply","",""
"147504396236",Dragon Stars Dragon Ball Super Goku 6.5 in Action Figure Movie Version,,PS-DBS-GOKU,"1","FIXED_PRICE","CAD",44.0,,,44.0,"0","","","Aug-14-26 15:56:00 PDT","Oct-14-26 15:56:00 PDT","Action Figures","261068","","","New","","","","","","CA","Does not apply","",""
"147504396238",Transformers x Monster Jam Grave Digger Leader Class PRE-SALE 17  Sep 2026,,PS-TF-GRAVEDIGGER,"0","FIXED_PRICE","CAD",92.0,,,92.0,"0","4","0","Aug-14-26 05:15:01 PDT","Oct-14-26 05:15:01 PDT","Action Figures","261068","","","New","","","","","","CA","Does not apply","",""
"147504396240",Helldivers 2 SA-04 Combat Technician Elite Figure McFarlane PRE-SALE Sep 26 2026,,PS-HD2-SA04,"2","FIXED_PRICE","CAD",94.31,,,94.31,"1","0","0","Aug-14-26 15:57:00 PDT","Oct-14-26 15:57:00 PDT","Action Figures","261068","","","New","","","","","","CA","Does not apply","",""
"147504396243",Tamashii SH Figuarts Spider-Man Brand New Day Action Figure PRE-SALE Sep 25 2026,,PS-SHF-SPIDEY-BND,"1","FIXED_PRICE","CAD",139.0,,,139.0,"0","","","Aug-17-26 06:00:01 PDT","Oct-17-26 06:00:01 PDT","Action Figures","261068","","","New","","","","","","CA","Does not apply","",""
"147504396245",Marvel Legends Wolverinepool Concept Art Action Figure PRE-SALE Oct 2026,,PS-ML-WOLVERINEPOOL,"1","FIXED_PRICE","CAD",55.99,,,55.99,"0","0","0","Aug-14-26 16:15:00 PDT","Oct-14-26 16:15:00 PDT","Action Figures","261068","","","New","","","","","","CA","Does not apply","",""
"147504396246",Marvel Legends Deadpool Concept Art Action Figure PRE-SALE Oct 1 2026,,PS-ML-DEADPOOL-CA,"0","FIXED_PRICE","CAD",51.0,,,51.0,"0","5","0","Aug-14-26 17:13:01 PDT","Oct-14-26 17:13:01 PDT","Action Figures","261068","","","New","","","","","","CA","Does not apply","",""
"147504396248",Marvel Legends Green Goblin No Way Home Figure PRE-SALE Oct 1 2026,,PS-ML-GREENGOBLIN,"1","FIXED_PRICE","CAD",99.99,,,99.99,"0","","","Aug-17-26 06:00:00 PDT","Oct-17-26 06:00:00 PDT","Action Figures","261068","","","New","","","","","","CA","Does not apply","",""
"147504396251",Marvel Legends Scorpion Amazon Exclusive Action Figure PRE-SALE Oct 2026,,PS-ML-SCORPION,"0","FIXED_PRICE","CAD",49.99,,,49.99,"0","","","Aug-17-26 06:00:00 PDT","Oct-17-26 06:00:00 PDT","Action Figures","261068","","","New","","","","","","CA","Does not apply","",""
"147504396252",Marvel Legends Mole Man and Moloids Multi-Pack PRE-SALE Oct 1 2026,,PS-ML-MOLEMAN,"1","FIXED_PRICE","CAD",82.0,,,82.0,"0","1","0","Aug-17-26 06:00:00 PDT","Oct-17-26 06:00:00 PDT","Action Figures","261068","","","New","","","","","","CA","Does not apply","",""
"147504396256",Pokémon Pikachu Puppetronic RealFX 16' Interactive Plush PRESALE 01/10/2026,,PS-POKE-PIKACHU,"3","FIXED_PRICE","CAD",154.0,,,154.0,"0","","","Aug-14-26 16:49:01 PDT","Oct-14-26 16:49:01 PDT","Action Figures","261068","","","New","","","","","","CA","Does not apply","",""
"147504396258",GI Joe Classified Retro Cardback Vincent Falcon Figure PRE-SALE Oct 2026,,PS-GIJOE-FALCON,"1","FIXED_PRICE","CAD",49.0,,,49.0,"0","","","Aug-17-26 06:00:00 PDT","Oct-17-26 06:00:00 PDT","Action Figures","261068","","","New","","","","","","CA","Does not apply","",""
"147504396262",GI Joe Classified Retro Cardback Anthony Flash Figure In Stock,,PS-GIJOE-FLASH,"1","FIXED_PRICE","CAD",69.0,,,69.0,"0","13","0","Aug-17-26 06:00:00 PDT","Oct-17-26 06:00:00 PDT","Action Figures","261068","","","New","","","","","","CA","Does not apply","",""
"147504396263",DC Multiverse 7 inch Batman Knightfall Vault Action Figure PRE-SALE Oct 15 2026,,PS-DC-BATMAN-KF,"1","FIXED_PRICE","CAD",40.99,,,40.99,"0","","","Aug-18-26 18:24:01 PDT","Oct-18-26 18:24:01 PDT","Action Figures","261068","","","New","","","","","","CA","Does not apply","",""
"147504396264",DC Multiverse 7 in Cyborg Superman Revenge Of The Green Lanthern PRESALE Oct 15,,PS-DC-CYBORGSUP,"1","FIXED_PRICE","CAD",42.0,,,42.0,"0","","","Aug-18-26 18:28:28 PDT","Oct-18-26 18:28:28 PDT","Action Figures","261068","","","New","","","","","","CA","Does not apply","",""
"147505564196","Matchbox The Movie 2026 John Cena Lot 10, T2B BUS Camaro Mustang APPLE TV (read)",,,"1","FIXED_PRICE","CAD",57.0,,,57.0,"0","1","0","Aug-14-26 17:35:46 PDT","Oct-14-26 17:35:46 PDT","Contemporary Manufacture","180506","","","New","","","","","","CA","Does not apply","",""
"147505566523",Star Wars Mandalorian & Grogu Guard Droid & Mercenary Stap Action Figure Hasbro,,,"1","FIXED_PRICE","CAD",9.99,,,9.99,"0","0","0","Aug-14-26 17:38:24 PDT","Oct-14-26 17:38:24 PDT","Action Figures","261068","","","New","","","","","","CA","5010996366429","",""
"147506927942",Hot Wheels Premium Aero Styles LB-Kaido Works NISSAN R32 SKYLINE GT-R White 1/5,,,"0","FIXED_PRICE","CAD",16.8,,,16.8,"2","6","0","Aug-15-26 08:44:36 PDT","Oct-15-26 08:44:36 PDT","Sport & Touring Cars","180272","","","New","","","","","","CA","Does not apply","",""
"147506979057",2026 Hot Wheels Premium Aero Styles 3/5 LB Super Silhouette NISSAN SYLVIA (S15),,,"0","FIXED_PRICE","CAD",16.0,,,16.0,"2","1","0","Aug-15-26 09:20:38 PDT","Oct-15-26 09:20:38 PDT","Contemporary Manufacture","180506","","","New","","","","","","CA","0194735348329","",""
"147506984287",Hot Wheels Premium Car Culture 2026 AERO STYLES - 5/5 Complete Set.,,,"0","FIXED_PRICE","CAD",50.84,,,50.84,"1","2","0","Aug-15-26 09:25:46 PDT","Oct-15-26 09:25:46 PDT","Contemporary Manufacture","180506","","","New","","","","","","CA","Does not apply","",""
"147507001311",2026 Hot Wheels Premium Fast & Furious 25th Anniversary 2003 Honda NSX Type-R,,,"3","FIXED_PRICE","CAD",16.99,,,16.99,"0","0","0","Aug-15-26 09:36:40 PDT","Oct-15-26 09:36:40 PDT","Contemporary Manufacture","180506","","","New","","","","","","CA","0194735337088","",""
"147507005679",Hot Wheels Premium Car Culture Vintage Racing '76 Greenwood Corvette Red Diecast,,,"1","FIXED_PRICE","CAD",11.0,,,11.0,"0","0","0","Aug-15-26 09:42:24 PDT","Oct-15-26 09:42:24 PDT","Contemporary Manufacture","180506","","","New","","","","","","CA","0194735347865","",""
"147507024282",Hot Wheels 2026 Superstar Speeders Hulk Woody Buzz Light Grogu Lot 4 (no Spider),,,"0","FIXED_PRICE","CAD",65.0,,,65.0,"0","2","0","Aug-15-26 09:54:37 PDT","Oct-15-26 09:54:37 PDT","Contemporary Manufacture","180506","","","New","","","","","","CA","Does not apply","",""
"147507047465",Hot Wheels Character Cars Batman 1:64 Diecast DC Comics Mattel DC 2021 HNY034B10,,,"1","FIXED_PRICE","CAD",21.0,,,21.0,"0","","","Aug-15-26 10:14:19 PDT","Oct-15-26 10:14:19 PDT","Contemporary Manufacture","180506","","","New","","","","","","CA","0194735152780","",""
"147507050282","Burago Ferrari 1:43 Race + Play 250 GTO, 488 , F8 Tributo Enzo BUY 1 GET 1 FREE",You Pick=Ferrari 250 GTO Red 1962 Classic;Ferrari 488 GTB Red;Ferrari 488 Pista Red;Ferrari 488 Spider Red Convertible;Ferrari F8 Tributo Red;Ferrari 458 Italia Red,BBURAGO-FERRARI-143,"5","FIXED_PRICE","CAD",23.99,,,23.99,"1","0","0","Aug-15-26 10:17:29 PDT","Oct-15-26 10:17:29 PDT","Contemporary Manufacture","180506","","","New","","","","","","CA","Does not apply","",""
"147507050282","Burago Ferrari 1:43 Race + Play 250 GTO, 488 , F8 Tributo Enzo BUY 1 GET 1 FREE",You Pick=Ferrari 250 GTO Red 1962 Classic,Ferrari 250 GTO Red 1962 Classic,"1","FIXED_PRICE","CAD",25.99,,,,"0",,,"Aug-15-26 10:17:29 PDT","Oct-15-26 10:17:29 PDT","Contemporary Manufacture","180506","","","New",,,,,"","CA","Does not apply","",""
"147507050282","Burago Ferrari 1:43 Race + Play 250 GTO, 488 , F8 Tributo Enzo BUY 1 GET 1 FREE",You Pick=Ferrari 488 GTB Red,Ferrari 488 GTB Red,"1","FIXED_PRICE","CAD",23.99,,,,"0",,,"Aug-15-26 10:17:29 PDT","Oct-15-26 10:17:29 PDT","Contemporary Manufacture","180506","","","New",,,,,"","CA","Does not apply","",""
"147507050282","Burago Ferrari 1:43 Race + Play 250 GTO, 488 , F8 Tributo Enzo BUY 1 GET 1 FREE",You Pick=Ferrari 488 Pista Red,Ferrari 488 Pista Red,"1","FIXED_PRICE","CAD",23.99,,,,"0",,,"Aug-15-26 10:17:29 PDT","Oct-15-26 10:17:29 PDT","Contemporary Manufacture","180506","","","New",,,,,"","CA","Does not apply","",""
"147507050282","Burago Ferrari 1:43 Race + Play 250 GTO, 488 , F8 Tributo Enzo BUY 1 GET 1 FREE",You Pick=Ferrari 488 Spider Red Convertible,Ferrari 488 Spider Red Convertible,"1","FIXED_PRICE","CAD",23.99,,,,"0",,,"Aug-15-26 10:17:29 PDT","Oct-15-26 10:17:29 PDT","Contemporary Manufacture","180506","","","New",,,,,"","CA","Does not apply","",""
"147507050282","Burago Ferrari 1:43 Race + Play 250 GTO, 488 , F8 Tributo Enzo BUY 1 GET 1 FREE",You Pick=Ferrari F8 Tributo Red,Ferrari F8 Tributo Red,"0","FIXED_PRICE","CAD",24.49,,,,"1",,,"Aug-15-26 10:17:29 PDT","Oct-15-26 10:17:29 PDT","Contemporary Manufacture","180506","","","New",,,,,"","CA","Does not apply","",""
"147507050282","Burago Ferrari 1:43 Race + Play 250 GTO, 488 , F8 Tributo Enzo BUY 1 GET 1 FREE",You Pick=Ferrari 458 Italia Red,Ferrari 458 Italia Red,"1","FIXED_PRICE","CAD",23.99,,,,"0",,,"Aug-15-26 10:17:29 PDT","Oct-15-26 10:17:29 PDT","Contemporary Manufacture","180506","","","New",,,,,"","CA","Does not apply","",""
"147507182116",King Grayskull Masters of the Universe Motu Masterverse Revelation Action Figure,,,"1","FIXED_PRICE","CAD",22.99,,,22.99,"0","","","Aug-15-26 11:51:05 PDT","Oct-15-26 11:51:05 PDT","Action Figures","261068","","","New","","","","","","CA","","",""
"147507406205","G.I. Joe Ninja Commando 4x4 & Cobra H.I.S.S. Construction Set New Sealed, 100pc",,,"1","FIXED_PRICE","CAD",19.99,,,19.99,"0","","","Aug-15-26 15:04:49 PDT","Oct-15-26 15:04:49 PDT","Action Figures","261068","","","New","","","","","","CA","Does not apply","",""
"147507746212",Disney Pixar Cars 2026 Mater & Lightning McQueen Race to Celebrate & Light Up,,,"1","FIXED_PRICE","CAD",59.99,,,59.99,"0","1","0","Aug-15-26 19:38:44 PDT","Oct-15-26 19:38:44 PDT","Contemporary Manufacture","180506","","","New","","","","","","CA","Does not apply","",""
"147509328991",Mattel WWE Saturday Nights Main Events Hillbilly Jim Brand New In Hand.,,,"1","FIXED_PRICE","CAD",56.0,,,56.0,"1","6","0","Aug-16-26 14:35:55 PDT","Oct-16-26 14:35:55 PDT","Action Figures","261068","","","New","","","","","","CA","","",""
"147509333951","John Cena Collectible Jada Toys WWE Wrestling 4"" Diecast Metals Figure",,,"1","FIXED_PRICE","CAD",6.0,,,6.0,"0","","","Aug-16-26 14:42:30 PDT","Oct-16-26 14:42:30 PDT","Action Figures","261068","","","New","","","","","","CA","801310979730","",""
"147511176561",Voltron Lion Force Vintage 1984 Voltron I & Vehicule Team Lionbot Robots Japan,,,"1","FIXED_PRICE","CAD",64.0,,,64.0,"0","","","Aug-17-26 10:09:18 PDT","Oct-17-26 10:09:18 PDT","Action Figures","261068","","","Used","","","","","","CA","Does not apply","",""
"147511364368","#6 x 1-1/4"" Drywall Screws, Phillips Drive, Fine Thread, Sharp Point - 4000Pcs",,,"1","FIXED_PRICE","CAD",35.0,,,35.0,"0","","","Aug-17-26 12:12:36 PDT","Oct-17-26 12:12:36 PDT","Screws & Bolts","180976","","","New","","","","","","CA","","",""
"147511717792",Chase Jada Pink Slips Disney Pixar Cars Lightning McQueen 1:24 VHTF! 2026 NEW,,,"0","FIXED_PRICE","CAD",99.0,,,99.0,"4","46","0","Aug-17-26 16:44:50 PDT","Oct-17-26 16:44:50 PDT","Contemporary Manufacture","180506","","","New","","","","","","CA","Does not apply","",""
"147511768814",Imaginext DC & Marvel Super Friends Super Heroes and Villains Lot Action Figures,,,"1","FIXED_PRICE","CAD",14.0,,,14.0,"0","1","0","Aug-17-26 17:24:04 PDT","Oct-17-26 17:24:04 PDT","Imaginext","50305","","","Used","","","","","","CA","","",""
"147511842723",Hot Wheels Premium Boulevard Datsun King Cab Baja Custom TYCO #153,,,"0","FIXED_PRICE","CAD",15.0,,,15.0,"1","1","0","Aug-17-26 18:20:45 PDT","Oct-17-26 18:20:45 PDT","Contemporary Manufacture","180506","","","New","","","","","","CA","0194735336531","",""
"147511843433",Hot Wheels Boulevard 1967 Jeepster Commando 1:64 Scale Premium Diecast #154,,,"0","FIXED_PRICE","CAD",13.0,,,13.0,"1","1","0","Aug-17-26 18:22:08 PDT","Oct-17-26 18:22:08 PDT","Contemporary Manufacture","180506","","","New","","","","","","CA","0194735336517","",""
"147511844130",Hot Wheels Boulevard Premium 2015 Toyota Alphard Van Black 1:64 Rubber Tires,,,"0","FIXED_PRICE","CAD",14.0,,,14.0,"1","0","0","Aug-17-26 18:23:32 PDT","Oct-17-26 18:23:32 PDT","Contemporary Manufacture","180506","","","New","","","","","","CA","0194735336470","",""
"147513921777",Star Wars Black Series Vintage Collection Figures YOU PICK New + 5$ Combine Ship,You Pick=Gold 2-Pack - Obi-Wan Kenobi & Anakin Skywalker;Action Verse 40th Anniversary ROTJ - The Emperor;TVC Maul Shadow Lord - Eleventh Brother;TVC The Acolyte - Osha Aniseya;TVC Maul Shadow Lord - Maul;TVC Mandalorian and Grogu - Imperial Remnant Snowtrooper;Gold 2-Pack - Luke Skywalker & Chewbacca;Power of the Force - Princess Leia (Ceremonial Dress);Power of the Force - Jawas (2-Pack);Action Verse Mandalorian & Grogu - Imperial Remnant AT-AT Driver;Action Verse Mandalorian & Grogu - Imperial Remnant AT-RT Driver;Action Verse A New Hope - Sandtrooper;Action Verse Revenge of the Sith - Clone Lieutenant Galle;Action Verse Andor - ISB Tactical Agent;Action Verse The Acolyte - Jedi Knight Yord Fandar;Action Verse Jedi Survivor - Nightsister Merrin (Gaming Greats);ActionVerse Guard Droid & Mercenary STAP;TVC The Force Unleashed - Stormtrooper Commander;Power of the Force - Stormtrooper (Soldat D'Assaut);Action Verse Boxed 40th Anniversary - Chewbacca;TVC Episode I - C-3PO (CommTech Chip);TVC Ahsoka - Mandalorian Super Commando;Retro Collection - Luke Skywalker (Jedi Knight);TVC Anakin Skywalker (Outland Peasant Disguise);TVC Empire Strikes Back - Lando Calrissian;Action Verse Boxed - Doctor Aphra;TVC Obi-Wan Kenobi - Reva (Third Sister);Retro Collection - Chewbacca (Prototype Edition);Retro Collection - Luke Skywalker (Prototype Edition);Action Verse The Acolyte - The Stranger (Qimir);Action Verse - Rey (Jakku) & BB-8;Action Verse Andor - Senator Mothma;Action Verse The Mandalorian - Din Djarin (Morak),SW-FIGURES-YOUPICK,"37","FIXED_PRICE","CAD",7.0,,,7.0,"0","","","Aug-18-26 18:13:01 PDT","Oct-18-26 18:13:01 PDT","Action Figures","261068","","","New","","","","","","CA","Does not apply","",""
"147513921777",Star Wars Black Series Vintage Collection Figures YOU PICK New + 5$ Combine Ship,You Pick=Gold 2-Pack - Obi-Wan Kenobi & Anakin Skywalker,,"1","FIXED_PRICE","CAD",19.99,,,,"0",,,"Aug-18-26 18:13:01 PDT","Oct-18-26 18:13:01 PDT","Action Figures","261068","","","New",,,,,"","CA","Does not apply","",""
"147513921777",Star Wars Black Series Vintage Collection Figures YOU PICK New + 5$ Combine Ship,You Pick=Action Verse 40th Anniversary ROTJ - The Emperor,,"1","FIXED_PRICE","CAD",7.0,,,,"0",,,"Aug-18-26 18:13:01 PDT","Oct-18-26 18:13:01 PDT","Action Figures","261068","","","New",,,,,"","CA","Does not apply","",""
"147513921777",Star Wars Black Series Vintage Collection Figures YOU PICK New + 5$ Combine Ship,You Pick=TVC Maul Shadow Lord - Eleventh Brother,,"1","FIXED_PRICE","CAD",32.0,,,,"0",,,"Aug-18-26 18:13:01 PDT","Oct-18-26 18:13:01 PDT","Action Figures","261068","","","New",,,,,"","CA","Does not apply","",""
"147513921777",Star Wars Black Series Vintage Collection Figures YOU PICK New + 5$ Combine Ship,You Pick=TVC The Acolyte - Osha Aniseya,,"1","FIXED_PRICE","CAD",21.0,,,,"0",,,"Aug-18-26 18:13:01 PDT","Oct-18-26 18:13:01 PDT","Action Figures","261068","","","New",,,,,"","CA","Does not apply","",""
"147513921777",Star Wars Black Series Vintage Collection Figures YOU PICK New + 5$ Combine Ship,You Pick=TVC Maul Shadow Lord - Maul,,"1","FIXED_PRICE","CAD",32.0,,,,"0",,,"Aug-18-26 18:13:01 PDT","Oct-18-26 18:13:01 PDT","Action Figures","261068","","","New",,,,,"","CA","Does not apply","",""
"147513921777",Star Wars Black Series Vintage Collection Figures YOU PICK New + 5$ Combine Ship,You Pick=TVC Mandalorian and Grogu - Imperial Remnant Snowtrooper,,"1","FIXED_PRICE","CAD",32.0,,,,"0",,,"Aug-18-26 18:13:01 PDT","Oct-18-26 18:13:01 PDT","Action Figures","261068","","","New",,,,,"","CA","Does not apply","",""
"147513921777",Star Wars Black Series Vintage Collection Figures YOU PICK New + 5$ Combine Ship,You Pick=Gold 2-Pack - Luke Skywalker & Chewbacca,,"1","FIXED_PRICE","CAD",19.99,,,,"0",,,"Aug-18-26 18:13:01 PDT","Oct-18-26 18:13:01 PDT","Action Figures","261068","","","New",,,,,"","CA","Does not apply","",""
"147513921777",Star Wars Black Series Vintage Collection Figures YOU PICK New + 5$ Combine Ship,You Pick=Power of the Force - Princess Leia (Ceremonial Dress),,"1","FIXED_PRICE","CAD",15.0,,,,"0",,,"Aug-18-26 18:13:01 PDT","Oct-18-26 18:13:01 PDT","Action Figures","261068","","","New",,,,,"","CA","Does not apply","",""
"147513921777",Star Wars Black Series Vintage Collection Figures YOU PICK New + 5$ Combine Ship,You Pick=Power of the Force - Jawas (2-Pack),,"1","FIXED_PRICE","CAD",18.0,,,,"0",,,"Aug-18-26 18:13:01 PDT","Oct-18-26 18:13:01 PDT","Action Figures","261068","","","New",,,,,"","CA","Does not apply","",""
"147513921777",Star Wars Black Series Vintage Collection Figures YOU PICK New + 5$ Combine Ship,You Pick=Action Verse Mandalorian & Grogu - Imperial Remnant AT-AT Driver,,"1","FIXED_PRICE","CAD",28.0,,,,"0",,,"Aug-18-26 18:13:01 PDT","Oct-18-26 18:13:01 PDT","Action Figures","261068","","","New",,,,,"","CA","Does not apply","",""
"147513921777",Star Wars Black Series Vintage Collection Figures YOU PICK New + 5$ Combine Ship,You Pick=Action Verse Mandalorian & Grogu - Imperial Remnant AT-RT Driver,,"1","FIXED_PRICE","CAD",28.0,,,,"0",,,"Aug-18-26 18:13:01 PDT","Oct-18-26 18:13:01 PDT","Action Figures","261068","","","New",,,,,"","CA","Does not apply","",""
"147513921777",Star Wars Black Series Vintage Collection Figures YOU PICK New + 5$ Combine Ship,You Pick=Action Verse A New Hope - Sandtrooper,,"1","FIXED_PRICE","CAD",28.0,,,,"0",,,"Aug-18-26 18:13:01 PDT","Oct-18-26 18:13:01 PDT","Action Figures","261068","","","New",,,,,"","CA","Does not apply","",""
"147513921777",Star Wars Black Series Vintage Collection Figures YOU PICK New + 5$ Combine Ship,You Pick=Action Verse Revenge of the Sith - Clone Lieutenant Galle,,"1","FIXED_PRICE","CAD",27.0,,,,"0",,,"Aug-18-26 18:13:01 PDT","Oct-18-26 18:13:01 PDT","Action Figures","261068","","","New",,,,,"","CA","Does not apply","",""
"147513921777",Star Wars Black Series Vintage Collection Figures YOU PICK New + 5$ Combine Ship,You Pick=Action Verse Andor - ISB Tactical Agent,,"5","FIXED_PRICE","CAD",15.0,,,,"0",,,"Aug-18-26 18:13:01 PDT","Oct-18-26 18:13:01 PDT","Action Figures","261068","","","New",,,,,"","CA","Does not apply","",""
"147513921777",Star Wars Black Series Vintage Collection Figures YOU PICK New + 5$ Combine Ship,You Pick=Action Verse The Acolyte - Jedi Knight Yord Fandar,,"1","FIXED_PRICE","CAD",29.0,,,,"0",,,"Aug-18-26 18:13:01 PDT","Oct-18-26 18:13:01 PDT","Action Figures","261068","","","New",,,,,"","CA","Does not apply","",""
"147513921777",Star Wars Black Series Vintage Collection Figures YOU PICK New + 5$ Combine Ship,You Pick=Action Verse Jedi Survivor - Nightsister Merrin (Gaming Greats),,"1","FIXED_PRICE","CAD",29.0,,,,"0",,,"Aug-18-26 18:13:01 PDT","Oct-18-26 18:13:01 PDT","Action Figures","261068","","","New",,,,,"","CA","Does not apply","",""
"147513921777",Star Wars Black Series Vintage Collection Figures YOU PICK New + 5$ Combine Ship,You Pick=ActionVerse Guard Droid & Mercenary STAP,,"1","FIXED_PRICE","CAD",8.0,,,,"0",,,"Aug-18-26 18:13:01 PDT","Oct-18-26 18:13:01 PDT","Action Figures","261068","","","New",,,,,"","CA","Does not apply","",""
"147513921777",Star Wars Black Series Vintage Collection Figures YOU PICK New + 5$ Combine Ship,You Pick=TVC The Force Unleashed - Stormtrooper Commander,,"1","FIXED_PRICE","CAD",26.0,,,,"0",,,"Aug-18-26 18:13:01 PDT","Oct-18-26 18:13:01 PDT","Action Figures","261068","","","New",,,,,"","CA","Does not apply","",""
"147513921777",Star Wars Black Series Vintage Collection Figures YOU PICK New + 5$ Combine Ship,You Pick=Power of the Force - Stormtrooper (Soldat D'Assaut),,"1","FIXED_PRICE","CAD",15.0,,,,"0",,,"Aug-18-26 18:13:01 PDT","Oct-18-26 18:13:01 PDT","Action Figures","261068","","","New",,,,,"","CA","Does not apply","",""
"147513921777",Star Wars Black Series Vintage Collection Figures YOU PICK New + 5$ Combine Ship,You Pick=Action Verse Boxed 40th Anniversary - Chewbacca,,"1","FIXED_PRICE","CAD",31.0,,,,"0",,,"Aug-18-26 18:13:01 PDT","Oct-18-26 18:13:01 PDT","Action Figures","261068","","","New",,,,,"","CA","Does not apply","",""
"147513921777",Star Wars Black Series Vintage Collection Figures YOU PICK New + 5$ Combine Ship,You Pick=TVC Episode I - C-3PO (CommTech Chip),,"1","FIXED_PRICE","CAD",18.0,,,,"0",,,"Aug-18-26 18:13:01 PDT","Oct-18-26 18:13:01 PDT","Action Figures","261068","","","New",,,,,"","CA","Does not apply","",""
"147513921777",Star Wars Black Series Vintage Collection Figures YOU PICK New + 5$ Combine Ship,You Pick=TVC Ahsoka - Mandalorian Super Commando,,"1","FIXED_PRICE","CAD",15.0,,,,"0",,,"Aug-18-26 18:13:01 PDT","Oct-18-26 18:13:01 PDT","Action Figures","261068","","","New",,,,,"","CA","Does not apply","",""
"147513921777",Star Wars Black Series Vintage Collection Figures YOU PICK New + 5$ Combine Ship,You Pick=Retro Collection - Luke Skywalker (Jedi Knight),,"1","FIXED_PRICE","CAD",15.0,,,,"0",,,"Aug-18-26 18:13:01 PDT","Oct-18-26 18:13:01 PDT","Action Figures","261068","","","New",,,,,"","CA","Does not apply","",""
"147513921777",Star Wars Black Series Vintage Collection Figures YOU PICK New + 5$ Combine Ship,You Pick=TVC Anakin Skywalker (Outland Peasant Disguise),,"1","FIXED_PRICE","CAD",14.0,,,,"0",,,"Aug-18-26 18:13:01 PDT","Oct-18-26 18:13:01 PDT","Action Figures","261068","","","New",,,,,"","CA","Does not apply","",""
"147513921777",Star Wars Black Series Vintage Collection Figures YOU PICK New + 5$ Combine Ship,You Pick=TVC Empire Strikes Back - Lando Calrissian,,"1","FIXED_PRICE","CAD",24.0,,,,"0",,,"Aug-18-26 18:13:01 PDT","Oct-18-26 18:13:01 PDT","Action Figures","261068","","","New",,,,,"","CA","Does not apply","",""
"147513921777",Star Wars Black Series Vintage Collection Figures YOU PICK New + 5$ Combine Ship,You Pick=Action Verse Boxed - Doctor Aphra,,"1","FIXED_PRICE","CAD",28.0,,,,"0",,,"Aug-18-26 18:13:01 PDT","Oct-18-26 18:13:01 PDT","Action Figures","261068","","","New",,,,,"","CA","Does not apply","",""
"147513921777",Star Wars Black Series Vintage Collection Figures YOU PICK New + 5$ Combine Ship,You Pick=TVC Obi-Wan Kenobi - Reva (Third Sister),,"1","FIXED_PRICE","CAD",23.0,,,,"0",,,"Aug-18-26 18:13:01 PDT","Oct-18-26 18:13:01 PDT","Action Figures","261068","","","New",,,,,"","CA","Does not apply","",""
"147513921777",Star Wars Black Series Vintage Collection Figures YOU PICK New + 5$ Combine Ship,You Pick=Retro Collection - Chewbacca (Prototype Edition),,"1","FIXED_PRICE","CAD",22.0,,,,"0",,,"Aug-18-26 18:13:01 PDT","Oct-18-26 18:13:01 PDT","Action Figures","261068","","","New",,,,,"","CA","Does not apply","",""
"147513921777",Star Wars Black Series Vintage Collection Figures YOU PICK New + 5$ Combine Ship,You Pick=Retro Collection - Luke Skywalker (Prototype Edition),,"1","FIXED_PRICE","CAD",22.0,,,,"0",,,"Aug-18-26 18:13:01 PDT","Oct-18-26 18:13:01 PDT","Action Figures","261068","","","New",,,,,"","CA","Does not apply","",""
"147513921777",Star Wars Black Series Vintage Collection Figures YOU PICK New + 5$ Combine Ship,You Pick=Action Verse The Acolyte - The Stranger (Qimir),,"1","FIXED_PRICE","CAD",70.0,,,,"0",,,"Aug-18-26 18:13:01 PDT","Oct-18-26 18:13:01 PDT","Action Figures","261068","","","New",,,,,"","CA","Does not apply","",""
"147513921777",Star Wars Black Series Vintage Collection Figures YOU PICK New + 5$ Combine Ship,You Pick=Action Verse - Rey (Jakku) & BB-8,,"1","FIXED_PRICE","CAD",55.0,,,,"0",,,"Aug-18-26 18:13:01 PDT","Oct-18-26 18:13:01 PDT","Action Figures","261068","","","New",,,,,"","CA","Does not apply","",""
"147513921777",Star Wars Black Series Vintage Collection Figures YOU PICK New + 5$ Combine Ship,You Pick=Action Verse Andor - Senator Mothma,,"1","FIXED_PRICE","CAD",30.0,,,,"0",,,"Aug-18-26 18:13:01 PDT","Oct-18-26 18:13:01 PDT","Action Figures","261068","","","New",,,,,"","CA","Does not apply","",""
"147513921777",Star Wars Black Series Vintage Collection Figures YOU PICK New + 5$ Combine Ship,You Pick=Action Verse The Mandalorian - Din Djarin (Morak),,"1","FIXED_PRICE","CAD",29.0,,,,"0",,,"Aug-18-26 18:13:01 PDT","Oct-18-26 18:13:01 PDT","Action Figures","261068","","","New",,,,,"","CA","Does not apply","",""
"147514055868",Fisher Price Little People Collector Marvel The Amazing Spider-man Issue 01 Set,,,"1","FIXED_PRICE","CAD",48.0,,,48.0,"0","3","0","Aug-18-26 19:26:18 PDT","Oct-18-26 19:26:18 PDT","Little People (1997-Now)","158744","","","New","","","","","","CA","194735355037","",""
"147514073845",Little People Collector DC Superman Figures Fisher-Price - 4 Piece Set Brand New,,,"1","FIXED_PRICE","CAD",19.99,,,19.99,"0","","","Aug-18-26 19:32:49 PDT","Oct-18-26 19:32:49 PDT","Little People (1997-Now)","158744","","","New","","","","","","CA","194735294480","",""
"147515863503",Vintage Disney Mickey Mouse Fireman Firefighter Goofy Donald Duck PVC 1980s,,,"1","FIXED_PRICE","CAD",21.99,,,21.99,"0","","","Aug-19-26 12:19:41 PDT","Oct-19-26 12:19:41 PDT","Mickey Mouse","35852","","","Used","","","","","","CA","","",""
"147518175130",WWE Superstars Jake The Snake Robert’s LJN 2026 Mattel Blue Card Action Figure,,,"2","FIXED_PRICE","CAD",56.0,,,56.0,"2","6","0","Aug-20-26 11:59:05 PDT","Oct-20-26 11:59:05 PDT","Action Figures","261068","","","New","","","","","","CA","194735356126","",""
"147518179599",WWE LJN Superstars Rowdy Roddy Piper Mattel Action Figures series 3 2026 MINT,,,"1","FIXED_PRICE","CAD",50.0,,,50.0,"0","3","0","Aug-20-26 12:03:26 PDT","Oct-20-26 12:03:26 PDT","Action Figures","261068","","","New","","","","","","CA","","",""
"147518181624",WWE Superstars Jake The Snake Robert’s LJN 2026 Mattel Black Card Action Figure,,,"0","FIXED_PRICE","CAD",69.0,,,69.0,"0","1","0","Aug-20-26 12:05:46 PDT","Oct-20-26 12:05:46 PDT","Action Figures","261068","","","New","","","","","","CA","194735356126","",""
"147518232604",Star Wars Black Series ISB Tactical Agent - Star Wars Andor -  6” Action Figure,,,"1","FIXED_PRICE","CAD",14.0,,,14.0,"2","0","0","Aug-20-26 12:36:28 PDT","Oct-20-26 12:36:28 PDT","Action Figures","261068","","","New","","","","","","CA","","",""
"147518279367",Vintage Fisher Price Great Adventures Pirate & Knight Castle Figures 5 Pc,,,"1","FIXED_PRICE","CAD",30.0,,,30.0,"0","3","0","Aug-20-26 13:01:08 PDT","Oct-20-26 13:01:08 PDT","Other Fisher-Price (1963-Now)","374","","","Used","","","","","","CA","Does not apply","",""
"147518317004",Matchbox Collectors 2020 Firestone Chevy Corvette C8 #04/20 - New Red & Yellow,,,"0","FIXED_PRICE","CAD",17.0,,,17.0,"1","1","0","Aug-20-26 13:29:59 PDT","Oct-20-26 13:29:59 PDT","Contemporary Manufacture","180506","","","New","","","","","","CA","0887961716535","",""
"147518339135","Kinsmart 5"" Toyota GR Supra Racing Concept Diecast Toy Car 1:36 Choose Color",,,"1","FIXED_PRICE","CAD",11.0,,,11.0,"0","","","Aug-20-26 13:45:02 PDT","Oct-20-26 13:45:02 PDT","Contemporary Manufacture","180506","","","Used","","","","","","CA","","",""
"147518360764",Nissan Skyline GT-R R35 Kinsmart 5' Diecast Toy Car RED - Combined Shipping,,,"1","FIXED_PRICE","CAD",11.0,,,11.0,"0","","","Aug-20-26 13:54:07 PDT","Oct-20-26 13:54:07 PDT","Contemporary Manufacture","180506","","","Used","","","","","","CA","","",""
"147518366828",Star Wars The Mandalorian and Grogu Imperial Remnant AT-AT Walker RC Vehicle,,,"1","FIXED_PRICE","CAD",60.0,,,60.0,"0","","","Aug-20-26 14:02:50 PDT","Oct-20-26 14:02:50 PDT","Action Figures","261068","","","New","","","","","","CA","Does not apply","",""
"147518683176","Star Wars Hasbro Loose Action Figure Lot Of ~40 Luke, Darth Maul, Grogu, Obi Wan",,,"1","FIXED_PRICE","CAD",80.0,,,80.0,"0","","","Aug-20-26 17:51:44 PDT","Oct-20-26 17:51:44 PDT","Action Figures","261068","","","Used","","","","","","CA","","",""
"147518713611",McFarlane DC Multiverse 1966 Batman & Robin Classic TV Collector Edition Instock,,,"5","FIXED_PRICE","CAD",119.99,,,119.99,"1","7","0","Aug-20-26 18:12:30 PDT","Oct-20-26 18:12:30 PDT","Action Figures","261068","","","New","","","","","","CA","Does not apply","",""
"147518747517",2006 Schleich Bayala Eyela 70403 Sun Elf Princess Blue Wings Fairy Elf RETIRED,,,"1","FIXED_PRICE","CAD",11.0,,,11.0,"0","2","0","Aug-20-26 18:41:44 PDT","Oct-20-26 18:41:44 PDT","Other Fairy Collectibles","29432","","","Used","","","","","","CA","","",""
"147518769203",Hot Wheels Lot 17 Vehicles Loose 1990’s 2000 Vintage Porsche Skyline Supra F&F,,,"1","FIXED_PRICE","CAD",50.0,,,50.0,"0","","","Aug-20-26 19:00:07 PDT","Oct-20-26 19:00:07 PDT","Vintage Manufacture","180507","","","Used","","","","","","CA","Does not apply","",""
"147519138794",RARE Antique Toastess 202C Art Deco 1930s Turnover Toaster Vintage Original Box,,,"1","FIXED_PRICE","USD",189.0,,,189.0,"0","2","0","Aug-20-26 23:27:50 PDT","Oct-20-26 23:27:50 PDT","Toasters","11654","","","Used","","","","","","US","","",""
"147520192575",DC Premiere Core Wave 1 The Joker 6.5” Figure 2026 First DC Toys Since Mattel,,,"1","FIXED_PRICE","CAD",29.99,,,29.99,"0","1","0","Aug-21-26 10:27:49 PDT","Oct-21-26 10:27:49 PDT","Action Figures","261068","","","New","","","","","","CA","0194735375080","",""
"147520206867",DC Premiere Core Robin 6.5” Action Figure 2026 Wave 1 New Sealed Batman Mattel,,,"1","FIXED_PRICE","CAD",33.0,,,33.0,"0","","","Aug-21-26 10:31:34 PDT","Oct-21-26 10:31:34 PDT","Action Figures","261068","","","New","","","","","","CA","","",""
"147520604722",Hot Wheels Premium Power Trip '84 Mustang SVO Grey - Car Culture 2026,,,"1","FIXED_PRICE","CAD",15.0,,,15.0,"0","","","Aug-21-26 17:31:56 PDT","Oct-21-26 17:31:56 PDT","Contemporary Manufacture","180506","","","New","","","","","","CA","194735348275","",""
"147520604884",2026 Hot Wheels Premium Power Trip 2008 Mercedes-Benz CLK 63 AMG Car Culture,,,"1","FIXED_PRICE","CAD",14.0,,,14.0,"0","","","Aug-21-26 17:32:19 PDT","Oct-21-26 17:32:19 PDT","Contemporary Manufacture","180506","","","New","","","","","","CA","194735347681","",""
"147520640439","DC MULTIVERSE The Penguin 7"" Action Figure The Batman Movie NIB McFarlane Toys",,,"1","FIXED_PRICE","CAD",35.0,,,35.0,"0","","","Aug-21-26 18:15:02 PDT","Oct-21-26 18:15:02 PDT","Action Figures","261068","","","New","","","","","","CA","","",""
"147520643298",Harley Quinn BAF Figure Suicide Squad Margot Robbie DC Multiverse McFarlane Toys,,,"2","FIXED_PRICE","CAD",24.0,,,24.0,"0","2","0","Aug-21-26 18:20:57 PDT","Oct-21-26 18:20:57 PDT","Action Figures","261068","","","New","","","","","","CA","Does not apply","",""
"147520661654",LEGO Marvel I am Groot 76217 Building Toy Set The Guardians of The Galaxy Saga,,,"1","FIXED_PRICE","CAD",72.0,,,72.0,"0","","","Aug-21-26 18:44:39 PDT","Oct-21-26 18:44:39 PDT","LEGO (R) Complete Sets & Packs","19006","","","New","","","","","","CA","0673419356534","",""
"147521681368",RARE 28” Vintage 1950s Reliable Toy Doll Walker W/ Original Box Made in Canada,,,"1","FIXED_PRICE","CAD",249.99,,,249.99,"0","1","0","Aug-22-26 18:00:41 PDT","Oct-22-26 18:00:41 PDT","Dolls & Doll Playsets","262346","","","Used","","","","","","CA","Does not apply","",""
"147522402504",Funko Pop! Vinyl: Star Wars - Count Dooku (Retro) #833 - Brand New Sealed,,,"1","FIXED_PRICE","CAD",23.75,,,23.75,"0","","","Aug-23-26 10:07:45 PDT","Oct-23-26 10:07:45 PDT","Collectible Figures & Bobbleheads","149372","","","New","","","","","","CA","","",""
"147522565065","Star Trek V: The Final Frontier NCC1701( VHS, 1989) With Bookplate Sticker",,,"1","FIXED_PRICE","CAD",9.0,,,9.0,"0","","","Aug-23-26 12:37:27 PDT","Oct-23-26 12:37:27 PDT","VHS Tapes","309","","","Very Good","","","","","","CA","Does not apply","",""
"147522586973",Blade II Microsoft Xbox Video Game Complete With Manual CD Mint Condition NTSC,,,"1","FIXED_PRICE","CAD",33.0,,,33.0,"0","","","Aug-23-26 12:56:19 PDT","Oct-23-26 12:56:19 PDT","Video Games","139973","","","Like New","","","","","","CA","0047875804395","",""
"147522589248",NBA Ballers: Phenom - Microsoft Xbox Video Game Complete With Manual MINT CD,,,"1","FIXED_PRICE","CAD",10.0,,,10.0,"0","","","Aug-23-26 12:59:35 PDT","Oct-23-26 12:59:35 PDT","Video Games","139973","","","Like New","","","","","","CA","0031719300471","",""
"147522603269",WWE Elite The Rock Monday Night War Walmart Excl w/ Big Bubba Rogers BAF - NEW,,,"1","FIXED_PRICE","CAD",40.0,,,40.0,"0","","","Aug-23-26 13:07:04 PDT","Oct-23-26 13:07:04 PDT","Action Figures","261068","","","New","","","","","","CA","","",""
"147522631752",Formula 1 Hot Wheels Premium Mercedes AMG Petronas Formula F1 Team #63,,,"1","FIXED_PRICE","CAD",17.0,,,17.0,"0","","","Aug-23-26 13:45:01 PDT","Oct-23-26 13:45:01 PDT","Contemporary Manufacture","180506","","","New","","","","","","CA","0194735347766","",""
"147522636988",Anaheim Ducks Josh Manson Riding Bull Bobblehead NHL SGA 1/9/20 Ticket Package,,,"1","FIXED_PRICE","CAD",37.0,,,37.0,"0","","","Aug-23-26 13:52:41 PDT","Oct-23-26 13:52:41 PDT","Hockey-NHL","24510","","","Used","","","","","","CA","","",""
"147522651157",Gentle Giant Star Wars The Mandalorian Premier Collection 1:7 Scale Statue,,,"1","FIXED_PRICE","CAD",219.99,,,219.99,"0","1","0","Aug-23-26 14:07:17 PDT","Oct-23-26 14:07:17 PDT","Figurines, Statues & Busts","73552","","","New","","","","","","CA","","",""
"147522734195",LEGO Marvel The Infinity Saga I Am Groot 76217 476pc Set - Factory Seal RETIRED,,,"1","FIXED_PRICE","USD",38.0,,,38.0,"0","","","Aug-23-26 15:08:19 PDT","Oct-23-26 15:08:19 PDT","LEGO (R) Complete Sets & Packs","19006","","","New","","","","","15054276295","US","0673419356534","",""
"147523079026",Kenwood DP-R3080 5 CD Multi Play Disc Changer - 4Hz To 20 Hz CDM25 Tested Works,,,"1","FIXED_PRICE","CAD",25.0,,,25.0,"1","1","0","Aug-23-26 19:23:44 PDT","Oct-23-26 19:23:44 PDT","CD Players & Recorders","14971","","","Used","","","","","","CA","N/A","",""
"147524601481",Hot Wheels Premium Aero Styles 2008 Audi A4 Touring Car Black Car Culture,,,"0","FIXED_PRICE","CAD",15.18,,,15.18,"0","2","0","Aug-24-26 10:08:06 PDT","Oct-24-26 10:08:06 PDT","Contemporary Manufacture","180506","","","New","","","","","","CA","Does not apply","",""
"147524928392",Hot Wheels Silver Series Fast & Furious Toyota Supra (5/5) 25 Years Celebration,,,"1","FIXED_PRICE","CAD",11.0,,,11.0,"2","3","0","Aug-24-26 13:52:18 PDT","Oct-24-26 13:52:18 PDT","Contemporary Manufacture","180506","","","New","","","","","","CA","Does not apply","",""
"147524974699",LJN WWF Superstars Wrestling Figure YOU PICK Jake Roberts Rock Piper Jelly Roll,You Pick=Jelly Roll - Blue Card;Jelly Roll - Black Card;Jake The Snake Roberts - Blue Card;Jake The Snake Roberts - Black Card;Rowdy Roddy Piper - Blue Card;The Rock - Blue Card;The Rock - Black Card,LJN-WWF-YOUPICK,"9","FIXED_PRICE","CAD",59.0,,,59.0,"0","4","0","Aug-24-26 14:26:27 PDT","Oct-24-26 14:26:27 PDT","Action Figures","261068","","","New","","","","","","CA","Does not apply","",""
"147524974699",LJN WWF Superstars Wrestling Figure YOU PICK Jake Roberts Rock Piper Jelly Roll,You Pick=Jelly Roll - Blue Card,,"2","FIXED_PRICE","CAD",62.0,,,,"0",,,"Aug-24-26 14:26:27 PDT","Oct-24-26 14:26:27 PDT","Action Figures","261068","","","New",,,,,"","CA","Does not apply","",""
"147524974699",LJN WWF Superstars Wrestling Figure YOU PICK Jake Roberts Rock Piper Jelly Roll,You Pick=Jelly Roll - Black Card,,"0","FIXED_PRICE","CAD",72.0,,,,"0",,,"Aug-24-26 14:26:27 PDT","Oct-24-26 14:26:27 PDT","Action Figures","261068","","","New",,,,,"","CA","Does not apply","",""
"147524974699",LJN WWF Superstars Wrestling Figure YOU PICK Jake Roberts Rock Piper Jelly Roll,You Pick=Jake The Snake Roberts - Blue Card,,"1","FIXED_PRICE","CAD",59.0,,,,"0",,,"Aug-24-26 14:26:27 PDT","Oct-24-26 14:26:27 PDT","Action Figures","261068","","","New",,,,,"","CA","Does not apply","",""
"147524974699",LJN WWF Superstars Wrestling Figure YOU PICK Jake Roberts Rock Piper Jelly Roll,You Pick=Jake The Snake Roberts - Black Card,,"1","FIXED_PRICE","CAD",65.0,,,,"0",,,"Aug-24-26 14:26:27 PDT","Oct-24-26 14:26:27 PDT","Action Figures","261068","","","New",,,,,"","CA","Does not apply","",""
"147524974699",LJN WWF Superstars Wrestling Figure YOU PICK Jake Roberts Rock Piper Jelly Roll,You Pick=Rowdy Roddy Piper - Blue Card,,"1","FIXED_PRICE","CAD",59.0,,,,"0",,,"Aug-24-26 14:26:27 PDT","Oct-24-26 14:26:27 PDT","Action Figures","261068","","","New",,,,,"","CA","Does not apply","",""
"147524974699",LJN WWF Superstars Wrestling Figure YOU PICK Jake Roberts Rock Piper Jelly Roll,You Pick=The Rock - Blue Card,,"3","FIXED_PRICE","CAD",59.0,,,,"0",,,"Aug-24-26 14:26:27 PDT","Oct-24-26 14:26:27 PDT","Action Figures","261068","","","New",,,,,"","CA","Does not apply","",""
"147524974699",LJN WWF Superstars Wrestling Figure YOU PICK Jake Roberts Rock Piper Jelly Roll,You Pick=The Rock - Black Card,,"1","FIXED_PRICE","CAD",65.0,,,,"0",,,"Aug-24-26 14:26:27 PDT","Oct-24-26 14:26:27 PDT","Action Figures","261068","","","New",,,,,"","CA","Does not apply","",""
"147525068254",Jurassic World Dominion Pull Back Cars Lot 4 Power - Zoom Riders Toys Dinausors,,,"1","FIXED_PRICE","CAD",42.0,,,42.0,"0","","","Aug-24-26 15:48:42 PDT","Oct-24-26 15:48:42 PDT","Action Figures","261068","","","New","","","","","","CA","","",""
"147525086792",Hot Wheels Silver Series Fast & Furious 1993 Honda Civic Coupe EX EJ1 25 years,,,"2","FIXED_PRICE","CAD",8.5,,,8.5,"4","2","0","Aug-24-26 16:06:19 PDT","Oct-24-26 16:06:19 PDT","Contemporary Manufacture","180506","","","New","","","","","","CA","0194735358410","",""
"147525114716",Matchbox Superfast Volvo V60 Wagon White Ture Grip Tires 2019 Diecast #5,,,"1","FIXED_PRICE","CAD",13.99,,,13.99,"0","","","Aug-24-26 16:33:16 PDT","Oct-24-26 16:33:16 PDT","Contemporary Manufacture","180506","","","New","","","","","","CA","887961716535","",""
"147526404413","Marvel Legends Series Ghost Ride 6"" Retro Marvel Comics Action Figure",,,"5","FIXED_PRICE","CAD",52.0,,,52.0,"0","","","Aug-25-26 07:39:05 PDT","Oct-25-26 07:39:05 PDT","Action Figures","261068","","","New","","","","","","CA","Does not apply","",""
"147526890548",Funko Pop Television Masters of the Universe He-Man #991 - NEW SEALED,,AUG26-ITEM-09,"1","FIXED_PRICE","CAD",23.99,,,23.99,"0","","","Aug-25-26 13:08:12 PDT","Oct-25-26 13:08:12 PDT","Action Figures","261068","","","New","","","","","","CA","Does not apply","",""
"147526890549",Pokemon Select Bulbasaur Squirtle Pikachu Charmander 4pk - BRAND NEW SEALED,,AUG26-ITEM-02,"1","FIXED_PRICE","CAD",50.0,,,50.0,"0","2","0","Aug-25-26 13:10:53 PDT","Oct-25-26 13:10:53 PDT","Action Figures","261068","","","New","","","","","","CA","Does not apply","",""
"147526890550",Funko Pop! Robin as Batman #334 Teen Titans Go Toys R Us w/ Protector,,AUG26-ITEM-10,"1","FIXED_PRICE","CAD",29.99,,,29.99,"0","","","Aug-25-26 13:09:27 PDT","Oct-25-26 13:09:27 PDT","Action Figures","261068","","","New","","","","","","CA","Does not apply","",""
"147526890553",Matchbox The Movie 1971 Dodge Challenger RT 01/04 AppleTV - Collector Edition,,AUG26-ITEM-13,"1","FIXED_PRICE","CAD",15.0,,,15.0,"1","0","0","Aug-25-26 12:49:01 PDT","Oct-25-26 12:49:01 PDT","Contemporary Manufacture","180506","","","New","","","","","","CA","Does not apply","",""
"147526890554",McFarlane DC Multiverse Collector Edition Grid Action Figure 7 Inch,,AUG26-ITEM-08,"1","FIXED_PRICE","CAD",22.0,,,22.0,"0","1","0","Aug-25-26 12:49:00 PDT","Oct-25-26 12:49:00 PDT","Action Figures","261068","","","New","","","","","","CA","Does not apply","",""
"147526890555",Banpresto Dragon Ball Super Broly Son Goku 20th Film Limited Edition Figure,,AUG26-ITEM-11,"1","FIXED_PRICE","CAD",47.0,,,47.0,"0","","","Aug-25-26 12:51:00 PDT","Oct-25-26 12:51:00 PDT","Action Figures","261068","","","New","","","","","","CA","Does not apply","",""
"147526890557",Hot Wheels Premium Terra Trek Hummer H1 1/5 Car Culture,,AUG26-ITEM-03,"1","FIXED_PRICE","CAD",14.0,,,14.0,"0","0","0","Aug-25-26 12:50:00 PDT","Oct-25-26 12:50:00 PDT","Contemporary Manufacture","180506","","","New","","","","","","CA","Does not apply","",""
"147526890560",Hot Wheels Formula One F1 Lot of 4 Mercedes Petronas Haas Kick Sauber RedBull,,AUG26-ITEM-05,"1","FIXED_PRICE","CAD",59.0,,,59.0,"0","","","Aug-25-26 13:14:03 PDT","Oct-25-26 13:14:03 PDT","Contemporary Manufacture","180506","","","New","","","","","","CA","Does not apply","",""
"147526890561",Matchbox 2026 Ford GT Yellow 2005 #93/125 Mainline,,AUG26-ITEM-17,"1","FIXED_PRICE","CAD",5.0,,,5.0,"0","","","Aug-25-26 15:57:01 PDT","Oct-25-26 15:57:01 PDT","Contemporary Manufacture","180506","","","New","","","","","","CA","Does not apply","",""
"147526890562",Hot Wheels Premium Roadkill Rotsun Custom 71 Datsun 240Z Pop Culture Diecast,,AUG26-ITEM-01,"1","FIXED_PRICE","CAD",15.99,,,15.99,"0","","","Aug-25-26 16:00:30 PDT","Oct-25-26 16:00:30 PDT","Contemporary Manufacture","180506","","","New","","","","","","CA","Does not apply","",""
"147526890563",Matchbox BMW i4 Police Fire Rescue Version 74/125 Mainline,,AUG26-ITEM-14,"1","FIXED_PRICE","CAD",6.65,,,6.65,"0","","","Aug-25-26 13:29:01 PDT","Oct-25-26 13:29:01 PDT","Contemporary Manufacture","180506","","","New","","","","","","CA","Does not apply","",""
"147526890564",Hallmark SDCC The Matrix Trinity Keepsake Ornament Limited 1250 Units SEAL 2025,,AUG26-ITEM-04,"1","FIXED_PRICE","CAD",69.99,,,69.99,"0","","","Aug-25-26 13:30:37 PDT","Oct-25-26 13:30:37 PDT","Action Figures","261068","","","New","","","","","","CA","Does not apply","",""
"147526890565",McFarlane Fallout New Vegas Gaming Edition Joshua Graham In Stock Ship Now,,AUG26-ITEM-07,"1","FIXED_PRICE","CAD",46.0,,,46.0,"0","1","0","Aug-25-26 16:00:04 PDT","Oct-25-26 16:00:04 PDT","Action Figures","261068","","","New","","","","","","CA","Does not apply","",""
"147526890566",Matchbox The Movie Chevy Stock-Car Wentec 35 6/12 AppleTV,,AUG26-ITEM-16,"1","FIXED_PRICE","CAD",5.79,,,5.79,"0","0","0","Aug-25-26 13:45:32 PDT","Oct-25-26 13:45:32 PDT","Contemporary Manufacture","180506","","","New","","","","","","CA","Does not apply","",""
"147526890567",Hot Wheels Premium Drag Strip Demons 65 Dodge Coronet,,AUG26-ITEM-15,"1","FIXED_PRICE","CAD",17.9,,,17.9,"0","0","0","Aug-25-26 13:45:53 PDT","Oct-25-26 13:45:53 PDT","Contemporary Manufacture","180506","","","New","","","","","","CA","Does not apply","",""
"147527209905",McFarlane Toys DC Multiverse Vehicles Batman Returns The Duck With Penguin Set,,,"1","FIXED_PRICE","CAD",211.0,,,211.0,"0","9","0","Aug-25-26 16:02:45 PDT","Oct-25-26 16:02:45 PDT","Action Figures","261068","","","New","","","","","","CA","","",""
"147527214202",McFarlane DC Comics Mr.Bones Autograph Series Gold Label EBGames CAD Exclusive,,,"1","FIXED_PRICE","CAD",49.99,,,49.99,"0","2","0","Aug-25-26 16:09:04 PDT","Oct-25-26 16:09:04 PDT","Action Figures","261068","","","New","","","","","","CA","","",""
"147528620587",WWE Ultimate Edition Logan Paul Wrestling Action Figure W/ Gold & Black Suit,,,"1","FIXED_PRICE","CAD",49.99,,,49.99,"0","1","0","Aug-26-26 06:52:13 PDT","Oct-26-26 06:52:13 PDT","Action Figures","261068","","","New","","","","","","CA","","",""
"147528642428",Star Wars Black Series LOT of 5 Stormtrooper Guard Droid Galle Sandtrooper Rey,,,"1","FIXED_PRICE","CAD",49.0,,,49.0,"0","2","0","Aug-26-26 07:17:27 PDT","Oct-26-26 07:17:27 PDT","Action Figures","261068","","","New","","","","","","CA","","",""
"147528644882","Hasbro Star Wars Anakin Skywalker to Darth Vader + Chewbacca, Stormtrooper & Rey",,,"1","FIXED_PRICE","CAD",59.0,,,59.0,"0","","","Aug-26-26 07:19:29 PDT","Oct-26-26 07:19:29 PDT","Action Figures","261068","","","New","","","","","","CA","","",""
"147528817784",Mattel Brick Shop Black ’83 Chevy Silverado Building Set Kit Walmart Exclusive,,,"1","FIXED_PRICE","CAD",64.0,,,64.0,"3","5","0","Aug-26-26 08:48:23 PDT","Oct-26-26 08:48:23 PDT","Contemporary Manufacture","180506","","","New","","","","","","CA","194735349128","",""
"147529579152",Le Coffret Magique des Contes et Legendes 6 Vintage Books IRVING PROMO,,BATCH2-ITEM-01,"1","FIXED_PRICE","CAD",94.99,,,94.99,"0","","","Aug-26-26 17:37:57 PDT","Oct-26-26 17:37:57 PDT","Books","261186","","","Like New","","","","","","CA","","","9782921171076"
"147529579155",Duo Explosif VHS Double Team Van Damme Rodman Rourke French,,BATCH2-ITEM-02,"1","FIXED_PRICE","CAD",14.99,,,14.99,"0","1","0","Aug-26-26 17:37:57 PDT","Oct-26-26 17:37:57 PDT","DVDs & Blu-ray Discs","617","","","Like New","","","","","","CA","Does not apply","",""
"147529579157",Zorro The First Encounter VHS WB Kids Animated Series,,BATCH2-ITEM-03,"1","FIXED_PRICE","CAD",12.99,,,12.99,"0","","","Aug-26-26 17:37:57 PDT","Oct-26-26 17:37:57 PDT","DVDs & Blu-ray Discs","617","","","Like New","","","","","","CA","Does not apply","",""
"147529579161",Playmobil 2011 School Bus Working Lights Geobra Door Missing,,BATCH2-ITEM-06,"1","FIXED_PRICE","CAD",24.99,,,24.99,"0","","","Aug-26-26 17:37:57 PDT","Oct-26-26 17:37:57 PDT","Action Figures","261068","","","Used","","","","","","CA","Does not apply","",""
"147529579164",Pirates of the Caribbean Captain Skeleton 2008 McDonald's 4 Inch Figure,,BATCH2-ITEM-08,"1","FIXED_PRICE","CAD",7.0,,,7.0,"0","","","Aug-26-26 17:37:57 PDT","Oct-26-26 17:37:57 PDT","Action Figures","261068","","","Used","","","","","","CA","Does not apply","",""
"147529579165",Doctor Doom 2005 Burger King Marvel Promo Figure Rare,,BATCH2-ITEM-09,"1","FIXED_PRICE","CAD",19.0,,,19.0,"0","","","Aug-26-26 17:37:57 PDT","Oct-26-26 17:37:57 PDT","Action Figures","261068","","","Used","","","","","","CA","Does not apply","",""
"147529579166",Vintage Super Charioteer Super Sentai Megazord Shogun Warrior Godaikin KO,,BATCH2-ITEM-10,"1","FIXED_PRICE","CAD",34.0,,,34.0,"0","","","Aug-26-26 17:37:57 PDT","Oct-26-26 17:37:57 PDT","Action Figures","261068","","","Used","","","","","","CA","Does not apply","",""
"147530914782",Disney Pixar Cars 3 Blu-ray + DVD + Digital Multi Language With Bonus Scenes,,BATCH2-ITEM-15,"1","FIXED_PRICE","CAD",17.0,,,17.0,"0","","","Aug-27-26 06:00:00 PDT","Oct-27-26 06:00:00 PDT","DVDs & Blu-ray Discs","617","","","Like New","","","","","","CA","Does not apply","",""
"147530914783",Men in Black MIB Hommes en Noir VHS French Canadian,,BATCH2-ITEM-16,"1","FIXED_PRICE","CAD",10.0,,,10.0,"0","","","Aug-27-26 06:00:00 PDT","Oct-27-26 06:00:00 PDT","DVDs & Blu-ray Discs","617","","","Brand New","","","","","","CA","Does not apply","",""
"147530914785",La Fraternite VHS Treat Williams French Canadian Thriller,,BATCH2-ITEM-17,"1","FIXED_PRICE","CAD",11.0,,,11.0,"0","","","Aug-27-26 06:00:00 PDT","Oct-27-26 06:00:00 PDT","VHS Tapes","309","","","Brand New","","","","","","CA","0681283003287","",""
"147530914787",Garmin GPS Navigator with Case and 12V Car Charger Tested Works Perfectly,,BATCH2-ITEM-20,"1","FIXED_PRICE","CAD",34.99,,,34.99,"0","","","Aug-27-26 06:00:00 PDT","Oct-27-26 06:00:00 PDT","GPS Units","156955","","","New","","","","","","CA","Does not apply","",""
"147530914789",Clint Eastwood Dirty Harry Ultimate Collectors Edition DVD Set,,BATCH2-ITEM-21,"1","FIXED_PRICE","CAD",34.0,,,34.0,"0","","","Aug-27-26 06:00:00 PDT","Oct-27-26 06:00:00 PDT","DVDs & Blu-ray Discs","617","","","Brand New","","","","","","CA","Does not apply","",""
"147531486186",Console Heroes Final Fantasy VII Burning At Nibelheim FF7 Diorama FREE SHIPPING!,,,"2","FIXED_PRICE","CAD",46.0,,,46.0,"5","6","0","Aug-27-26 12:28:23 PDT","Oct-27-26 12:28:23 PDT","Video Game Merchandise","38583","","","New","","","","","","CA","990311800508","",""
"147531779081",EVO VR Wireless Gamepad Controller Black Red ABXY Tested Works,,,"1","FIXED_PRICE","CAD",23.0,,,23.0,"0","","","Aug-27-26 15:55:44 PDT","Oct-27-26 15:55:44 PDT","Controllers & Attachments","117042","","","Used","","","","","","CA","","",""
"147533785281",RHUMART MBI-3000E Tesla Schumann Resonance Regenerator PENG Therapy Device,,,"1","FIXED_PRICE","CAD",899.99,,,899.99,"0","","","Aug-28-26 12:30:52 PDT","Oct-28-26 12:30:52 PDT","Other Vintage Electronics","183079","","","Used","","","","","","CA","","",""
"147534240860","Star Wars Black Series SAVAGE OPRESS Clone Wars #19 Deluxe Hasbro 6"" Figure",,,"1","FIXED_PRICE","CAD",68.0,,,68.0,"0","","","Aug-28-26 17:56:52 PDT","Oct-28-26 17:56:52 PDT","Action Figures","261068","","","New","","","","","","CA","5010996282262","",""
"147534417741",PlayStation God of War Ragnarök - 6” Kratos Action Figure New 2024 Spin Master,,,"4","FIXED_PRICE","USD",38.0,,,38.0,"0","1","0","Aug-28-26 19:27:40 PDT","Oct-28-26 19:27:40 PDT","Action Figures","261068","","","New","","","","","","US","778988505014","",""
"147534434981",PlayStation Action Figure God of War Ragnarok Atreus 6 Inch 33 POA Bow Arrow,,,"3","FIXED_PRICE","CAD",23.0,,,23.0,"0","","","Aug-28-26 19:32:36 PDT","Oct-28-26 19:32:36 PDT","Action Figures","261068","","","New","","","","","","CA","","",""
"147542448142","Hot Wheels Mainline 2026 JDM TRUCKS MOVIES, BUY 3 GET 1 FREE + Combined Shipping",You Pick=Nissan Maxima Drift Car Black - Case M;'16 Cadillac ATS-V R Grey;'18 Camaro SS White - Case L;'19 Mercedes-Benz A-Class Black;'33 Ford Lo Boy White - Case L;'66 Corvette Gas Monkey Garage Gold - Case L;'68 Mercury Cougar;'71 Lamborghini Miura SV Purple;'94 Toyota Supra Black - Case L;'96 Dodge Viper GTS - Case L;1963 Ford Galaxie Blue;1970 Pontiac Firebird Blue - Case L;1972 Datsun Sunny Coupe Orange - Case L;2019 Audi TT Safari;2024 Aston Martin Vantage GT3 - Case L;BMW M4 GT3;Bugatti Bolide White & Red - Case L;Buick Riviera '66 Brown;Datsun 240Z;Deora Tooned - Case L;Ferrari 12Cilindri Blue;Ferrari 365 GTB4 Competizione - Case L;Ford Bronco White & Red - Case L;Hyper Rocker Green - Case L;Mazda RX-7;The Dark Knight Batman - Case M;Toyota AE86 Sprinter Trueno Purple - Case I;Toyota Prius Custom Green;Volvo 240 Drift T Wagon - Case M;'98 Honda Prelude Black #136/250 - Factory Fresh;Mclaren F1 Red;'90 Acura NSX White #175/250 - HW The 90's;'20 Jeep Gladiator;'96 Porsche Carrera White #174/250 - HW The 90's;Le Liebre Black;Datsun 240z #23 Orange;Minecraft- Mine Cart;Steamboat Mickey White & Black #166/250 - HW Screen Time;2018 Bentley Continental GT3 Gold;16' Lamborghini Centenario Roadster Yellow;Lamborghini Huracan Sterrato Yellow;'98 Subaru Impreza STI;Bugatti bolide black and Red;Toyota Prius Custom White;Corvette Grand Sport White;porsche 911 rally green;Nissan Skyline GT-R BCNR33 Long Card Black Purple;Ford Mustang GTD Dark Blue (60 YEARS);Honda City - HW EV Yellow;Audi R8 Spyder - Black;Ferrari 12Cilindri Red;McLaren F1 Red - The 90's;98 SUBARU IMPREZA 22B-STi VERSION 2024  - WHITE;'87 Audi Quattro - Green CASE A 2025;'87 Audi Quattro Green Factory Fresh 16/250 (HW 2025) 3x;Aston Martin Vantage GT3 - Chrome TEAL;Ford F-150 LIGHTNING SUPERTRUCK (1st edition) Blue;'82 Toyota Supra Silver - Then and Now;Ferrari Dino 246 GT Red #150/250 - Ferrari;'88 Mitsubishi Starion White & Red #177/250 - Compact Kings;'20 Toyota GR Supra Silver #230/250 - Muscle Mania;BMW 2002 Yellow;H.W K.I.T.T Concept Black;Maserati Shamal RED;'94 Bugatti EB110 Purple;Audi 90 Quattro Black & Red;Custom Kia EV6 Teal;Polestar TRX;Tesla CyberSquad Grey;BMW 635 CSI Orange;Ford RS200 Light Blue;Humvee red;Porsche 911 Turbo Cabriolet white;Feline Lucky;'67 Camaro Gold;Snoopy;2023 Nissan 350Z Orange;Audi Avant RS Yellow;Ford GT Boria White W/Red Stripes;Lamborghini roadster green - exotics cars;Barbie Camping Car - 2026;'96 porsche carrera brown;Disney SteamBoat Black & White (HW Screen time);Datsun 240Z Orange Mainline Then NOW #72;Ford GT - White - HW MODIFIED;2026 Mercedes-Benz CLA HW Pink & Blue - HW Euro;'71 Lamborghini Miura SV Black - HW: 70s vs 90s;'71 Lamborghini Miura SV Black;'89 Mercedes-Benz 560 SEC AMG #186/250 - Case C 2025;'17 Ford F-150 Raptor Blue #178/250 - HW Dirt;'98 Subaru Impreza 22B-STi White & Red #244/250 - The 90's;Ford Performance Supervan 4 #17/250 - Treasure Hunt;Shelby Daytona Blue #122/250 - HW Race Day;'16 Cadillac ATS-V R Orange,HW-2026-MASTER-YOUPICK,"112","FIXED_PRICE","CAD",4.0,,,4.0,"0","2","0","Sep-01-26 10:48:00 PDT","Nov-01-26 10:48:00 PST","Contemporary Manufacture","180506","","","New","","","","","","CA","Does not apply","",""
"147542448142","Hot Wheels Mainline 2026 JDM TRUCKS MOVIES, BUY 3 GET 1 FREE + Combined Shipping",You Pick=Nissan Maxima Drift Car Black - Case M,Nissan Maxima Drift Car Black - Case M,"6","FIXED_PRICE","CAD",4.99,,,,"0",,,"Sep-01-26 10:48:00 PDT","Nov-01-26 10:48:00 PST","Contemporary Manufacture","180506","","","New",,,,,"","CA","Does not apply","",""
"147542448142","Hot Wheels Mainline 2026 JDM TRUCKS MOVIES, BUY 3 GET 1 FREE + Combined Shipping",You Pick='16 Cadillac ATS-V R Grey,'16 Cadillac ATS-V R Grey,"2","FIXED_PRICE","CAD",4.99,,,,"0",,,"Sep-01-26 10:48:00 PDT","Nov-01-26 10:48:00 PST","Contemporary Manufacture","180506","","","New",,,,,"","CA","Does not apply","",""
"147542448142","Hot Wheels Mainline 2026 JDM TRUCKS MOVIES, BUY 3 GET 1 FREE + Combined Shipping",You Pick='18 Camaro SS White - Case L,'18 Camaro SS White - Case L,"2","FIXED_PRICE","CAD",4.99,,,,"0",,,"Sep-01-26 10:48:00 PDT","Nov-01-26 10:48:00 PST","Contemporary Manufacture","180506","","","New",,,,,"","CA","Does not apply","",""
"147542448142","Hot Wheels Mainline 2026 JDM TRUCKS MOVIES, BUY 3 GET 1 FREE + Combined Shipping",You Pick='19 Mercedes-Benz A-Class Black,'19 Mercedes-Benz A-Class Black,"3","FIXED_PRICE","CAD",4.99,,,,"0",,,"Sep-01-26 10:48:00 PDT","Nov-01-26 10:48:00 PST","Contemporary Manufacture","180506","","","New",,,,,"","CA","Does not apply","",""
"147542448142","Hot Wheels Mainline 2026 JDM TRUCKS MOVIES, BUY 3 GET 1 FREE + Combined Shipping",You Pick='33 Ford Lo Boy White - Case L,'33 Ford Lo Boy White - Case L,"1","FIXED_PRICE","CAD",4.99,,,,"0",,,"Sep-01-26 10:48:00 PDT","Nov-01-26 10:48:00 PST","Contemporary Manufacture","180506","","","New",,,,,"","CA","Does not apply","",""
"147542448142","Hot Wheels Mainline 2026 JDM TRUCKS MOVIES, BUY 3 GET 1 FREE + Combined Shipping",You Pick='66 Corvette Gas Monkey Garage Gold - Case L,'66 Corvette Gas Monkey Garage Gold - Case L,"2","FIXED_PRICE","CAD",5.99,,,,"0",,,"Sep-01-26 10:48:00 PDT","Nov-01-26 10:48:00 PST","Contemporary Manufacture","180506","","","New",,,,,"","CA","Does not apply","",""
"147542448142","Hot Wheels Mainline 2026 JDM TRUCKS MOVIES, BUY 3 GET 1 FREE + Combined Shipping",You Pick='68 Mercury Cougar,'68 Mercury Cougar,"2","FIXED_PRICE","CAD",4.99,,,,"0",,,"Sep-01-26 10:48:00 PDT","Nov-01-26 10:48:00 PST","Contemporary Manufacture","180506","","","New",,,,,"","CA","Does not apply","",""
"147542448142","Hot Wheels Mainline 2026 JDM TRUCKS MOVIES, BUY 3 GET 1 FREE + Combined Shipping",You Pick='71 Lamborghini Miura SV Purple,'71 Lamborghini Miura SV Purple,"3","FIXED_PRICE","CAD",5.99,,,,"0",,,"Sep-01-26 10:48:00 PDT","Nov-01-26 10:48:00 PST","Contemporary Manufacture","180506","","","New",,,,,"","CA","Does not apply","",""
"147542448142","Hot Wheels Mainline 2026 JDM TRUCKS MOVIES, BUY 3 GET 1 FREE + Combined Shipping",You Pick='94 Toyota Supra Black - Case L,'94 Toyota Supra Black - Case L,"2","FIXED_PRICE","CAD",4.99,,,,"0",,,"Sep-01-26 10:48:00 PDT","Nov-01-26 10:48:00 PST","Contemporary Manufacture","180506","","","New",,,,,"","CA","Does not apply","",""
"147542448142","Hot Wheels Mainline 2026 JDM TRUCKS MOVIES, BUY 3 GET 1 FREE + Combined Shipping",You Pick='96 Dodge Viper GTS - Case L,'96 Dodge Viper GTS - Case L,"2","FIXED_PRICE","CAD",4.99,,,,"0",,,"Sep-01-26 10:48:00 PDT","Nov-01-26 10:48:00 PST","Contemporary Manufacture","180506","","","New",,,,,"","CA","Does not apply","",""
"147542448142","Hot Wheels Mainline 2026 JDM TRUCKS MOVIES, BUY 3 GET 1 FREE + Combined Shipping",You Pick=1963 Ford Galaxie Blue,1963 Ford Galaxie Blue,"2","FIXED_PRICE","CAD",4.99,,,,"0",,,"Sep-01-26 10:48:00 PDT","Nov-01-26 10:48:00 PST","Contemporary Manufacture","180506","","","New",,,,,"","CA","Does not apply","",""
"147542448142","Hot Wheels Mainline 2026 JDM TRUCKS MOVIES, BUY 3 GET 1 FREE + Combined Shipping",You Pick=1970 Pontiac Firebird Blue - Case L,1970 Pontiac Firebird Blue - Case L,"2","FIXED_PRICE","CAD",4.99,,,,"0",,,"Sep-01-26 10:48:00 PDT","Nov-01-26 10:48:00 PST","Contemporary Manufacture","180506","","","New",,,,,"","CA","Does not apply","",""
"147542448142","Hot Wheels Mainline 2026 JDM TRUCKS MOVIES, BUY 3 GET 1 FREE + Combined Shipping",You Pick=1972 Datsun Sunny Coupe Orange - Case L,1972 Datsun Sunny Coupe Orange - Case L,"2","FIXED_PRICE","CAD",4.99,,,,"0",,,"Sep-01-26 10:48:00 PDT","Nov-01-26 10:48:00 PST","Contemporary Manufacture","180506","","","New",,,,,"","CA","Does not apply","",""
"147542448142","Hot Wheels Mainline 2026 JDM TRUCKS MOVIES, BUY 3 GET 1 FREE + Combined Shipping",You Pick=2019 Audi TT Safari,2019 Audi TT Safari,"4","FIXED_PRICE","CAD",4.99,,,,"0",,,"Sep-01-26 10:48:00 PDT","Nov-01-26 10:48:00 PST","Contemporary Manufacture","180506","","","New",,,,,"","CA","Does not apply","",""
"147542448142","Hot Wheels Mainline 2026 JDM TRUCKS MOVIES, BUY 3 GET 1 FREE + Combined Shipping",You Pick=2024 Aston Martin Vantage GT3 - Case L,2024 Aston Martin Vantage GT3 - Case L,"2","FIXED_PRICE","CAD",5.99,,,,"0",,,"Sep-01-26 10:48:00 PDT","Nov-01-26 10:48:00 PST","Contemporary Manufacture","180506","","","New",,,,,"","CA","Does not apply","",""
"147542448142","Hot Wheels Mainline 2026 JDM TRUCKS MOVIES, BUY 3 GET 1 FREE + Combined Shipping",You Pick=BMW M4 GT3,BMW M4 GT3,"2","FIXED_PRICE","CAD",4.99,,,,"0",,,"Sep-01-26 10:48:00 PDT","Nov-01-26 10:48:00 PST","Contemporary Manufacture","180506","","","New",,,,,"","CA","Does not apply","",""
"147542448142","Hot Wheels Mainline 2026 JDM TRUCKS MOVIES, BUY 3 GET 1 FREE + Combined Shipping",You Pick=Bugatti Bolide White & Red - Case L,Bugatti Bolide White & Red - Case L,"2","FIXED_PRICE","CAD",5.99,,,,"0",,,"Sep-01-26 10:48:00 PDT","Nov-01-26 10:48:00 PST","Contemporary Manufacture","180506","","","New",,,,,"","CA","Does not apply","",""
"147542448142","Hot Wheels Mainline 2026 JDM TRUCKS MOVIES, BUY 3 GET 1 FREE + Combined Shipping",You Pick=Buick Riviera '66 Brown,Buick Riviera '66 Brown,"2","FIXED_PRICE","CAD",4.99,,,,"0",,,"Sep-01-26 10:48:00 PDT","Nov-01-26 10:48:00 PST","Contemporary Manufacture","180506","","","New",,,,,"","CA","Does not apply","",""
"147542448142","Hot Wheels Mainline 2026 JDM TRUCKS MOVIES, BUY 3 GET 1 FREE + Combined Shipping",You Pick=Datsun 240Z,Datsun 240Z,"2","FIXED_PRICE","CAD",4.99,,,,"0",,,"Sep-01-26 10:48:00 PDT","Nov-01-26 10:48:00 PST","Contemporary Manufacture","180506","","","New",,,,,"","CA","Does not apply","",""
"147542448142","Hot Wheels Mainline 2026 JDM TRUCKS MOVIES, BUY 3 GET 1 FREE + Combined Shipping",You Pick=Deora Tooned - Case L,Deora Tooned - Case L,"2","FIXED_PRICE","CAD",4.99,,,,"0",,,"Sep-01-26 10:48:00 PDT","Nov-01-26 10:48:00 PST","Contemporary Manufacture","180506","","","New",,,,,"","CA","Does not apply","",""
"147542448142","Hot Wheels Mainline 2026 JDM TRUCKS MOVIES, BUY 3 GET 1 FREE + Combined Shipping",You Pick=Ferrari 12Cilindri Blue,Ferrari 12Cilindri Blue,"1","FIXED_PRICE","CAD",7.99,,,,"0",,,"Sep-01-26 10:48:00 PDT","Nov-01-26 10:48:00 PST","Contemporary Manufacture","180506","","","New",,,,,"","CA","Does not apply","",""
"147542448142","Hot Wheels Mainline 2026 JDM TRUCKS MOVIES, BUY 3 GET 1 FREE + Combined Shipping",You Pick=Ferrari 365 GTB4 Competizione - Case L,Ferrari 365 GTB4 Competizione - Case L,"2","FIXED_PRICE","CAD",5.99,,,,"0",,,"Sep-01-26 10:48:00 PDT","Nov-01-26 10:48:00 PST","Contemporary Manufacture","180506","","","New",,,,,"","CA","Does not apply","",""
"147542448142","Hot Wheels Mainline 2026 JDM TRUCKS MOVIES, BUY 3 GET 1 FREE + Combined Shipping",You Pick=Ford Bronco White & Red - Case L,Ford Bronco White & Red - Case L,"2","FIXED_PRICE","CAD",4.99,,,,"0",,,"Sep-01-26 10:48:00 PDT","Nov-01-26 10:48:00 PST","Contemporary Manufacture","180506","","","New",,,,,"","CA","Does not apply","",""
"147542448142","Hot Wheels Mainline 2026 JDM TRUCKS MOVIES, BUY 3 GET 1 FREE + Combined Shipping",You Pick=Hyper Rocker Green - Case L,Hyper Rocker Green - Case L,"2","FIXED_PRICE","CAD",4.99,,,,"0",,,"Sep-01-26 10:48:00 PDT","Nov-01-26 10:48:00 PST","Contemporary Manufacture","180506","","","New",,,,,"","CA","Does not apply","",""
"147542448142","Hot Wheels Mainline 2026 JDM TRUCKS MOVIES, BUY 3 GET 1 FREE + Combined Shipping",You Pick=Mazda RX-7,Mazda RX-7,"2","FIXED_PRICE","CAD",5.99,,,,"0",,,"Sep-01-26 10:48:00 PDT","Nov-01-26 10:48:00 PST","Contemporary Manufacture","180506","","","New",,,,,"","CA","Does not apply","",""
"147542448142","Hot Wheels Mainline 2026 JDM TRUCKS MOVIES, BUY 3 GET 1 FREE + Combined Shipping",You Pick=The Dark Knight Batman - Case M,The Dark Knight Batman - Case M,"2","FIXED_PRICE","CAD",4.99,,,,"0",,,"Sep-01-26 10:48:00 PDT","Nov-01-26 10:48:00 PST","Contemporary Manufacture","180506","","","New",,,,,"","CA","Does not apply","",""
"147542448142","Hot Wheels Mainline 2026 JDM TRUCKS MOVIES, BUY 3 GET 1 FREE + Combined Shipping",You Pick=Toyota AE86 Sprinter Trueno Purple - Case I,Toyota AE86 Sprinter Trueno Purple - Case I,"2","FIXED_PRICE","CAD",4.99,,,,"0",,,"Sep-01-26 10:48:00 PDT","Nov-01-26 10:48:00 PST","Contemporary Manufacture","180506","","","New",,,,,"","CA","Does not apply","",""
"147542448142","Hot Wheels Mainline 2026 JDM TRUCKS MOVIES, BUY 3 GET 1 FREE + Combined Shipping",You Pick=Toyota Prius Custom Green,Toyota Prius Custom Green,"4","FIXED_PRICE","CAD",5.89,,,,"0",,,"Sep-01-26 10:48:00 PDT","Nov-01-26 10:48:00 PST","Contemporary Manufacture","180506","","","New",,,,,"","CA","Does not apply","",""
"147542448142","Hot Wheels Mainline 2026 JDM TRUCKS MOVIES, BUY 3 GET 1 FREE + Combined Shipping",You Pick=Volvo 240 Drift T Wagon - Case M,Volvo 240 Drift T Wagon - Case M,"2","FIXED_PRICE","CAD",4.99,,,,"0",,,"Sep-01-26 10:48:00 PDT","Nov-01-26 10:48:00 PST","Contemporary Manufacture","180506","","","New",,,,,"","CA","Does not apply","",""
"147542448142","Hot Wheels Mainline 2026 JDM TRUCKS MOVIES, BUY 3 GET 1 FREE + Combined Shipping",You Pick='98 Honda Prelude Black #136/250 - Factory Fresh,'98 Honda Prelude Black #136/250 - Factory Fresh,"1","FIXED_PRICE","CAD",7.99,,,,"0",,,"Sep-01-26 10:48:00 PDT","Nov-01-26 10:48:00 PST","Contemporary Manufacture","180506","","","New",,,,,"","CA","Does not apply","",""
"147542448142","Hot Wheels Mainline 2026 JDM TRUCKS MOVIES, BUY 3 GET 1 FREE + Combined Shipping",You Pick=Mclaren F1 Red,Mclaren F1 Red,"1","FIXED_PRICE","CAD",5.99,,,,"0",,,"Sep-01-26 10:48:00 PDT","Nov-01-26 10:48:00 PST","Contemporary Manufacture","180506","","","New",,,,,"","CA","Does not apply","",""
"147542448142","Hot Wheels Mainline 2026 JDM TRUCKS MOVIES, BUY 3 GET 1 FREE + Combined Shipping",You Pick='90 Acura NSX White #175/250 - HW The 90's,'90 Acura NSX White #175/250 - HW The 90's,"1","FIXED_PRICE","CAD",5.99,,,,"0",,,"Sep-01-26 10:48:00 PDT","Nov-01-26 10:48:00 PST","Contemporary Manufacture","180506","","","New",,,,,"","CA","Does not apply","",""
"147542448142","Hot Wheels Mainline 2026 JDM TRUCKS MOVIES, BUY 3 GET 1 FREE + Combined Shipping",You Pick='20 Jeep Gladiator,'20 Jeep Gladiator,"0","FIXED_PRICE","CAD",4.99,,,,"0",,,"Sep-01-26 10:48:00 PDT","Nov-01-26 10:48:00 PST","Contemporary Manufacture","180506","","","New",,,,,"","CA","Does not apply","",""
"147542448142","Hot Wheels Mainline 2026 JDM TRUCKS MOVIES, BUY 3 GET 1 FREE + Combined Shipping",You Pick='96 Porsche Carrera White #174/250 - HW The 90's,'96 Porsche Carrera White #174/250 - HW The 90's,"0","FIXED_PRICE","CAD",6.29,,,,"0",,,"Sep-01-26 10:48:00 PDT","Nov-01-26 10:48:00 PST","Contemporary Manufacture","180506","","","New",,,,,"","CA","Does not apply","",""
"147542448142","Hot Wheels Mainline 2026 JDM TRUCKS MOVIES, BUY 3 GET 1 FREE + Combined Shipping",You Pick=Le Liebre Black,Le Liebre Black,"1","FIXED_PRICE","CAD",4.99,,,,"0",,,"Sep-01-26 10:48:00 PDT","Nov-01-26 10:48:00 PST","Contemporary Manufacture","180506","","","New",,,,,"","CA","Does not apply","",""
"147542448142","Hot Wheels Mainline 2026 JDM TRUCKS MOVIES, BUY 3 GET 1 FREE + Combined Shipping",You Pick=Datsun 240z #23 Orange,Datsun 240z #23 Orange,"0","FIXED_PRICE","CAD",4.99,,,,"0",,,"Sep-01-26 10:48:00 PDT","Nov-01-26 10:48:00 PST","Contemporary Manufacture","180506","","","New",,,,,"","CA","Does not apply","",""
"147542448142","Hot Wheels Mainline 2026 JDM TRUCKS MOVIES, BUY 3 GET 1 FREE + Combined Shipping",You Pick=Minecraft- Mine Cart,Minecraft- Mine Cart,"0","FIXED_PRICE","CAD",5.99,,,,"0",,,"Sep-01-26 10:48:00 PDT","Nov-01-26 10:48:00 PST","Contemporary Manufacture","180506","","","New",,,,,"","CA","Does not apply","",""
"147542448142","Hot Wheels Mainline 2026 JDM TRUCKS MOVIES, BUY 3 GET 1 FREE + Combined Shipping",You Pick=Steamboat Mickey White & Black #166/250 - HW Screen Time,Steamboat Mickey White & Black #166/250 - HW Screen Time,"0","FIXED_PRICE","CAD",4.99,,,,"0",,,"Sep-01-26 10:48:00 PDT","Nov-01-26 10:48:00 PST","Contemporary Manufacture","180506","","","New",,,,,"","CA","Does not apply","",""
"147542448142","Hot Wheels Mainline 2026 JDM TRUCKS MOVIES, BUY 3 GET 1 FREE + Combined Shipping",You Pick=2018 Bentley Continental GT3 Gold,2018 Bentley Continental GT3 Gold,"1","FIXED_PRICE","CAD",5.99,,,,"0",,,"Sep-01-26 10:48:00 PDT","Nov-01-26 10:48:00 PST","Contemporary Manufacture","180506","","","New",,,,,"","CA","Does not apply","",""
"147542448142","Hot Wheels Mainline 2026 JDM TRUCKS MOVIES, BUY 3 GET 1 FREE + Combined Shipping",You Pick=16' Lamborghini Centenario Roadster Yellow,16' Lamborghini Centenario Roadster Yellow,"1","FIXED_PRICE","CAD",5.99,,,,"0",,,"Sep-01-26 10:48:00 PDT","Nov-01-26 10:48:00 PST","Contemporary Manufacture","180506","","","New",,,,,"","CA","Does not apply","",""
"147542448142","Hot Wheels Mainline 2026 JDM TRUCKS MOVIES, BUY 3 GET 1 FREE + Combined Shipping",You Pick=Lamborghini Huracan Sterrato Yellow,Lamborghini Huracan Sterrato Yellow,"1","FIXED_PRICE","CAD",5.99,,,,"0",,,"Sep-01-26 10:48:00 PDT","Nov-01-26 10:48:00 PST","Contemporary Manufacture","180506","","","New",,,,,"","CA","Does not apply","",""
"147542448142","Hot Wheels Mainline 2026 JDM TRUCKS MOVIES, BUY 3 GET 1 FREE + Combined Shipping",You Pick='98 Subaru Impreza STI,'98 Subaru Impreza STI,"1","FIXED_PRICE","CAD",5.99,,,,"0",,,"Sep-01-26 10:48:00 PDT","Nov-01-26 10:48:00 PST","Contemporary Manufacture","180506","","","New",,,,,"","CA","Does not apply","",""
"147542448142","Hot Wheels Mainline 2026 JDM TRUCKS MOVIES, BUY 3 GET 1 FREE + Combined Shipping",You Pick=Bugatti bolide black and Red,Bugatti bolide black and Red,"0","FIXED_PRICE","CAD",5.99,,,,"0",,,"Sep-01-26 10:48:00 PDT","Nov-01-26 10:48:00 PST","Contemporary Manufacture","180506","","","New",,,,,"","CA","Does not apply","",""
"147542448142","Hot Wheels Mainline 2026 JDM TRUCKS MOVIES, BUY 3 GET 1 FREE + Combined Shipping",You Pick=Toyota Prius Custom White,Toyota Prius Custom White,"2","FIXED_PRICE","CAD",4.99,,,,"0",,,"Sep-01-26 10:48:00 PDT","Nov-01-26 10:48:00 PST","Contemporary Manufacture","180506","","","New",,,,,"","CA","Does not apply","",""
"147542448142","Hot Wheels Mainline 2026 JDM TRUCKS MOVIES, BUY 3 GET 1 FREE + Combined Shipping",You Pick=Corvette Grand Sport White,Corvette Grand Sport White,"1","FIXED_PRICE","CAD",5.99,,,,"0",,,"Sep-01-26 10:48:00 PDT","Nov-01-26 10:48:00 PST","Contemporary Manufacture","180506","","","New",,,,,"","CA","Does not apply","",""
"147542448142","Hot Wheels Mainline 2026 JDM TRUCKS MOVIES, BUY 3 GET 1 FREE + Combined Shipping",You Pick=porsche 911 rally green,porsche 911 rally green,"1","FIXED_PRICE","CAD",4.0,,,,"0",,,"Sep-01-26 10:48:00 PDT","Nov-01-26 10:48:00 PST","Contemporary Manufacture","180506","","","New",,,,,"","CA","Does not apply","",""
"147542448142","Hot Wheels Mainline 2026 JDM TRUCKS MOVIES, BUY 3 GET 1 FREE + Combined Shipping",You Pick=Nissan Skyline GT-R BCNR33 Long Card Black Purple,Nissan Skyline GT-R BCNR33 Long Card Black Purple,"1","FIXED_PRICE","CAD",7.99,,,,"0",,,"Sep-01-26 10:48:00 PDT","Nov-01-26 10:48:00 PST","Contemporary Manufacture","180506","","","New",,,,,"","CA","Does not apply","",""
"147542448142","Hot Wheels Mainline 2026 JDM TRUCKS MOVIES, BUY 3 GET 1 FREE + Combined Shipping",You Pick=Ford Mustang GTD Dark Blue (60 YEARS),Ford Mustang GTD Dark Blue (60 YEARS),"1","FIXED_PRICE","CAD",7.0,,,,"0",,,"Sep-01-26 10:48:00 PDT","Nov-01-26 10:48:00 PST","Contemporary Manufacture","180506","","","New",,,,,"","CA","Does not apply","",""
"147542448142","Hot Wheels Mainline 2026 JDM TRUCKS MOVIES, BUY 3 GET 1 FREE + Combined Shipping",You Pick=Honda City - HW EV Yellow,Honda City - HW EV Yellow,"1","FIXED_PRICE","CAD",4.99,,,,"0",,,"Sep-01-26 10:48:00 PDT","Nov-01-26 10:48:00 PST","Contemporary Manufacture","180506","","","New",,,,,"","CA","Does not apply","",""
"147542448142","Hot Wheels Mainline 2026 JDM TRUCKS MOVIES, BUY 3 GET 1 FREE + Combined Shipping",You Pick=Audi R8 Spyder - Black,Audi R8 Spyder - BlackYellow,"1","FIXED_PRICE","CAD",4.99,,,,"0",,,"Sep-01-26 10:48:00 PDT","Nov-01-26 10:48:00 PST","Contemporary Manufacture","180506","","","New",,,,,"","CA","Does not apply","",""
"147542448142","Hot Wheels Mainline 2026 JDM TRUCKS MOVIES, BUY 3 GET 1 FREE + Combined Shipping",You Pick=Ferrari 12Cilindri Red,Ferrari 12Cilindri Red,"1","FIXED_PRICE","CAD",7.99,,,,"0",,,"Sep-01-26 10:48:00 PDT","Nov-01-26 10:48:00 PST","Contemporary Manufacture","180506","","","New",,,,,"","CA","Does not apply","",""
"147542448142","Hot Wheels Mainline 2026 JDM TRUCKS MOVIES, BUY 3 GET 1 FREE + Combined Shipping",You Pick=McLaren F1 Red - The 90's,McLaren F1 Red - The 90's,"1","FIXED_PRICE","CAD",5.99,,,,"0",,,"Sep-01-26 10:48:00 PDT","Nov-01-26 10:48:00 PST","Contemporary Manufacture","180506","","","New",,,,,"","CA","Does not apply","",""
"147542448142","Hot Wheels Mainline 2026 JDM TRUCKS MOVIES, BUY 3 GET 1 FREE + Combined Shipping",You Pick=98 SUBARU IMPREZA 22B-STi VERSION 2024  - WHITE,98 SUBARU IMPREZA 22B-STi VERSION 2024 - WHITE,"1","FIXED_PRICE","CAD",6.99,,,,"0",,,"Sep-01-26 10:48:00 PDT","Nov-01-26 10:48:00 PST","Contemporary Manufacture","180506","","","New",,,,,"","CA","Does not apply","",""
"147542448142","Hot Wheels Mainline 2026 JDM TRUCKS MOVIES, BUY 3 GET 1 FREE + Combined Shipping",You Pick='87 Audi Quattro - Green CASE A 2025,'87 Audi Quattro - Green CASE A 2025,"0","FIXED_PRICE","CAD",4.99,,,,"0",,,"Sep-01-26 10:48:00 PDT","Nov-01-26 10:48:00 PST","Contemporary Manufacture","180506","","","New",,,,,"","CA","Does not apply","",""
"147542448142","Hot Wheels Mainline 2026 JDM TRUCKS MOVIES, BUY 3 GET 1 FREE + Combined Shipping",You Pick='87 Audi Quattro Green Factory Fresh 16/250 (HW 2025) 3x,'87 Audi Quattro Green Factory Fresh 16/250 (HW 2025),"0","FIXED_PRICE","CAD",4.99,,,,"0",,,"Sep-01-26 10:48:00 PDT","Nov-01-26 10:48:00 PST","Contemporary Manufacture","180506","","","New",,,,,"","CA","Does not apply","",""
"147542448142","Hot Wheels Mainline 2026 JDM TRUCKS MOVIES, BUY 3 GET 1 FREE + Combined Shipping",You Pick=Aston Martin Vantage GT3 - Chrome TEAL,Aston Martin Vantage GT3 - Chrome TEAL,"1","FIXED_PRICE","CAD",5.99,,,,"0",,,"Sep-01-26 10:48:00 PDT","Nov-01-26 10:48:00 PST","Contemporary Manufacture","180506","","","New",,,,,"","CA","Does not apply","",""
"147542448142","Hot Wheels Mainline 2026 JDM TRUCKS MOVIES, BUY 3 GET 1 FREE + Combined Shipping",You Pick=Ford F-150 LIGHTNING SUPERTRUCK (1st edition) Blue,Ford F-150 LIGHTNING SUPERTRUCK (1st edition) Blue,"1","FIXED_PRICE","CAD",4.99,,,,"0",,,"Sep-01-26 10:48:00 PDT","Nov-01-26 10:48:00 PST","Contemporary Manufacture","180506","","","New",,,,,"","CA","Does not apply","",""
"147542448142","Hot Wheels Mainline 2026 JDM TRUCKS MOVIES, BUY 3 GET 1 FREE + Combined Shipping",You Pick='82 Toyota Supra Silver - Then and Now,'82 Toyota Supra Silver - Then and Now,"2","FIXED_PRICE","CAD",5.99,,,,"0",,,"Sep-01-26 10:48:00 PDT","Nov-01-26 10:48:00 PST","Contemporary Manufacture","180506","","","New",,,,,"","CA","Does not apply","",""
"147542448142","Hot Wheels Mainline 2026 JDM TRUCKS MOVIES, BUY 3 GET 1 FREE + Combined Shipping",You Pick=Ferrari Dino 246 GT Red #150/250 - Ferrari,Ferrari Dino 246 GT Red #150/250 - Ferrari,"1","FIXED_PRICE","CAD",5.99,,,,"0",,,"Sep-01-26 10:48:00 PDT","Nov-01-26 10:48:00 PST","Contemporary Manufacture","180506","","","New",,,,,"","CA","Does not apply","",""
"147542448142","Hot Wheels Mainline 2026 JDM TRUCKS MOVIES, BUY 3 GET 1 FREE + Combined Shipping",You Pick='88 Mitsubishi Starion White & Red #177/250 - Compact Kings,'88 Mitsubishi Starion White & Red #177/250 - Compact Kings,"1","FIXED_PRICE","CAD",5.99,,,,"0",,,"Sep-01-26 10:48:00 PDT","Nov-01-26 10:48:00 PST","Contemporary Manufacture","180506","","","New",,,,,"","CA","Does not apply","",""
"147542448142","Hot Wheels Mainline 2026 JDM TRUCKS MOVIES, BUY 3 GET 1 FREE + Combined Shipping",You Pick='20 Toyota GR Supra Silver #230/250 - Muscle Mania,'20 Toyota GR Supra Silver #230/250 - Muscle Mania,"0","FIXED_PRICE","CAD",4.99,,,,"0",,,"Sep-01-26 10:48:00 PDT","Nov-01-26 10:48:00 PST","Contemporary Manufacture","180506","","","New",,,,,"","CA","Does not apply","",""
"147542448142","Hot Wheels Mainline 2026 JDM TRUCKS MOVIES, BUY 3 GET 1 FREE + Combined Shipping",You Pick=BMW 2002 Yellow,BMW 2002 Yellow,"0","FIXED_PRICE","CAD",4.99,,,,"0",,,"Sep-01-26 10:48:00 PDT","Nov-01-26 10:48:00 PST","Contemporary Manufacture","180506","","","New",,,,,"","CA","Does not apply","",""
"147542448142","Hot Wheels Mainline 2026 JDM TRUCKS MOVIES, BUY 3 GET 1 FREE + Combined Shipping",You Pick=H.W K.I.T.T Concept Black,H.W K.I.T.T Concept Black,"0","FIXED_PRICE","CAD",4.99,,,,"0",,,"Sep-01-26 10:48:00 PDT","Nov-01-26 10:48:00 PST","Contemporary Manufacture","180506","","","New",,,,,"","CA","Does not apply","",""
"147542448142","Hot Wheels Mainline 2026 JDM TRUCKS MOVIES, BUY 3 GET 1 FREE + Combined Shipping",You Pick=Maserati Shamal RED,Maserati Shamal RED,"0","FIXED_PRICE","CAD",4.99,,,,"0",,,"Sep-01-26 10:48:00 PDT","Nov-01-26 10:48:00 PST","Contemporary Manufacture","180506","","","New",,,,,"","CA","Does not apply","",""
"147542448142","Hot Wheels Mainline 2026 JDM TRUCKS MOVIES, BUY 3 GET 1 FREE + Combined Shipping",You Pick='94 Bugatti EB110 Purple,'94 Bugatti EB110 Purple,"1","FIXED_PRICE","CAD",5.99,,,,"0",,,"Sep-01-26 10:48:00 PDT","Nov-01-26 10:48:00 PST","Contemporary Manufacture","180506","","","New",,,,,"","CA","Does not apply","",""
"147542448142","Hot Wheels Mainline 2026 JDM TRUCKS MOVIES, BUY 3 GET 1 FREE + Combined Shipping",You Pick=Audi 90 Quattro Black & Red,Audi 90 Quattro Black & Red,"0","FIXED_PRICE","CAD",4.99,,,,"0",,,"Sep-01-26 10:48:00 PDT","Nov-01-26 10:48:00 PST","Contemporary Manufacture","180506","","","New",,,,,"","CA","Does not apply","",""
"147542448142","Hot Wheels Mainline 2026 JDM TRUCKS MOVIES, BUY 3 GET 1 FREE + Combined Shipping",You Pick=Custom Kia EV6 Teal,Custom Kia EV6 Teal,"0","FIXED_PRICE","CAD",4.99,,,,"0",,,"Sep-01-26 10:48:00 PDT","Nov-01-26 10:48:00 PST","Contemporary Manufacture","180506","","","New",,,,,"","CA","Does not apply","",""
"147542448142","Hot Wheels Mainline 2026 JDM TRUCKS MOVIES, BUY 3 GET 1 FREE + Combined Shipping",You Pick=Polestar TRX,Polestar TRX,"0","FIXED_PRICE","CAD",4.99,,,,"0",,,"Sep-01-26 10:48:00 PDT","Nov-01-26 10:48:00 PST","Contemporary Manufacture","180506","","","New",,,,,"","CA","Does not apply","",""
"147542448142","Hot Wheels Mainline 2026 JDM TRUCKS MOVIES, BUY 3 GET 1 FREE + Combined Shipping",You Pick=Tesla CyberSquad Grey,Tesla CyberSquad Grey,"0","FIXED_PRICE","CAD",4.99,,,,"0",,,"Sep-01-26 10:48:00 PDT","Nov-01-26 10:48:00 PST","Contemporary Manufacture","180506","","","New",,,,,"","CA","Does not apply","",""
"147542448142","Hot Wheels Mainline 2026 JDM TRUCKS MOVIES, BUY 3 GET 1 FREE + Combined Shipping",You Pick=BMW 635 CSI Orange,BMW 635 CSI Orange,"1","FIXED_PRICE","CAD",4.99,,,,"0",,,"Sep-01-26 10:48:00 PDT","Nov-01-26 10:48:00 PST","Contemporary Manufacture","180506","","","New",,,,,"","CA","Does not apply","",""
"147542448142","Hot Wheels Mainline 2026 JDM TRUCKS MOVIES, BUY 3 GET 1 FREE + Combined Shipping",You Pick=Ford RS200 Light Blue,Ford RS200 Light Blue,"1","FIXED_PRICE","CAD",4.99,,,,"0",,,"Sep-01-26 10:48:00 PDT","Nov-01-26 10:48:00 PST","Contemporary Manufacture","180506","","","New",,,,,"","CA","Does not apply","",""
"147542448142","Hot Wheels Mainline 2026 JDM TRUCKS MOVIES, BUY 3 GET 1 FREE + Combined Shipping",You Pick=Humvee red,Humvee red,"0","FIXED_PRICE","CAD",4.99,,,,"0",,,"Sep-01-26 10:48:00 PDT","Nov-01-26 10:48:00 PST","Contemporary Manufacture","180506","","","New",,,,,"","CA","Does not apply","",""
"147542448142","Hot Wheels Mainline 2026 JDM TRUCKS MOVIES, BUY 3 GET 1 FREE + Combined Shipping",You Pick=Porsche 911 Turbo Cabriolet white,Porsche 911 Turbo Cabriolet white,"1","FIXED_PRICE","CAD",6.99,,,,"0",,,"Sep-01-26 10:48:00 PDT","Nov-01-26 10:48:00 PST","Contemporary Manufacture","180506","","","New",,,,,"","CA","Does not apply","",""
"147542448142","Hot Wheels Mainline 2026 JDM TRUCKS MOVIES, BUY 3 GET 1 FREE + Combined Shipping",You Pick=Feline Lucky,Feline Lucky,"1","FIXED_PRICE","CAD",4.99,,,,"0",,,"Sep-01-26 10:48:00 PDT","Nov-01-26 10:48:00 PST","Contemporary Manufacture","180506","","","New",,,,,"","CA","Does not apply","",""
"147542448142","Hot Wheels Mainline 2026 JDM TRUCKS MOVIES, BUY 3 GET 1 FREE + Combined Shipping",You Pick='67 Camaro Gold,'67 Camaro Gold,"1","FIXED_PRICE","CAD",4.99,,,,"0",,,"Sep-01-26 10:48:00 PDT","Nov-01-26 10:48:00 PST","Contemporary Manufacture","180506","","","New",,,,,"","CA","Does not apply","",""
"147542448142","Hot Wheels Mainline 2026 JDM TRUCKS MOVIES, BUY 3 GET 1 FREE + Combined Shipping",You Pick=Snoopy,Snoopy,"0","FIXED_PRICE","CAD",4.99,,,,"0",,,"Sep-01-26 10:48:00 PDT","Nov-01-26 10:48:00 PST","Contemporary Manufacture","180506","","","New",,,,,"","CA","Does not apply","",""
"147542448142","Hot Wheels Mainline 2026 JDM TRUCKS MOVIES, BUY 3 GET 1 FREE + Combined Shipping",You Pick=2023 Nissan 350Z Orange,2023 Nissan 350Z Orange,"0","FIXED_PRICE","CAD",4.99,,,,"0",,,"Sep-01-26 10:48:00 PDT","Nov-01-26 10:48:00 PST","Contemporary Manufacture","180506","","","New",,,,,"","CA","Does not apply","",""
"147542448142","Hot Wheels Mainline 2026 JDM TRUCKS MOVIES, BUY 3 GET 1 FREE + Combined Shipping",You Pick=Audi Avant RS Yellow,Audi Avant RS Yellow,"0","FIXED_PRICE","CAD",4.99,,,,"0",,,"Sep-01-26 10:48:00 PDT","Nov-01-26 10:48:00 PST","Contemporary Manufacture","180506","","","New",,,,,"","CA","Does not apply","",""
"147542448142","Hot Wheels Mainline 2026 JDM TRUCKS MOVIES, BUY 3 GET 1 FREE + Combined Shipping",You Pick=Ford GT Boria White W/Red Stripes,Ford GT Boria White W/Red Stripes,"2","FIXED_PRICE","CAD",4.99,,,,"0",,,"Sep-01-26 10:48:00 PDT","Nov-01-26 10:48:00 PST","Contemporary Manufacture","180506","","","New",,,,,"","CA","Does not apply","",""
"147542448142","Hot Wheels Mainline 2026 JDM TRUCKS MOVIES, BUY 3 GET 1 FREE + Combined Shipping",You Pick=Lamborghini roadster green - exotics cars,Lamborghini roadster green - exotics cars,"0","FIXED_PRICE","CAD",5.99,,,,"0",,,"Sep-01-26 10:48:00 PDT","Nov-01-26 10:48:00 PST","Contemporary Manufacture","180506","","","New",,,,,"","CA","Does not apply","",""
"147542448142","Hot Wheels Mainline 2026 JDM TRUCKS MOVIES, BUY 3 GET 1 FREE + Combined Shipping",You Pick=Barbie Camping Car - 2026,Barbie Camping Car - 2026,"2","FIXED_PRICE","CAD",4.99,,,,"0",,,"Sep-01-26 10:48:00 PDT","Nov-01-26 10:48:00 PST","Contemporary Manufacture","180506","","","New",,,,,"","CA","Does not apply","",""
"147542448142","Hot Wheels Mainline 2026 JDM TRUCKS MOVIES, BUY 3 GET 1 FREE + Combined Shipping",You Pick='96 porsche carrera brown,'96 porsche carrera brown,"1","FIXED_PRICE","CAD",5.99,,,,"0",,,"Sep-01-26 10:48:00 PDT","Nov-01-26 10:48:00 PST","Contemporary Manufacture","180506","","","New",,,,,"","CA","Does not apply","",""
"147542448142","Hot Wheels Mainline 2026 JDM TRUCKS MOVIES, BUY 3 GET 1 FREE + Combined Shipping",You Pick=Disney SteamBoat Black & White (HW Screen time),Disney SteamBoat Black & White (HW Screen time),"1","FIXED_PRICE","CAD",6.99,,,,"0",,,"Sep-01-26 10:48:00 PDT","Nov-01-26 10:48:00 PST","Contemporary Manufacture","180506","","","New",,,,,"","CA","Does not apply","",""
"147542448142","Hot Wheels Mainline 2026 JDM TRUCKS MOVIES, BUY 3 GET 1 FREE + Combined Shipping",You Pick=Datsun 240Z Orange Mainline Then NOW #72,Datsun 240Z Orange Mainline Then NOW #72,"0","FIXED_PRICE","CAD",4.99,,,,"0",,,"Sep-01-26 10:48:00 PDT","Nov-01-26 10:48:00 PST","Contemporary Manufacture","180506","","","New",,,,,"","CA","Does not apply","",""
"147542448142","Hot Wheels Mainline 2026 JDM TRUCKS MOVIES, BUY 3 GET 1 FREE + Combined Shipping",You Pick=Ford GT - White - HW MODIFIED,Ford GT - White - HW MODIFIED,"1","FIXED_PRICE","CAD",4.99,,,,"0",,,"Sep-01-26 10:48:00 PDT","Nov-01-26 10:48:00 PST","Contemporary Manufacture","180506","","","New",,,,,"","CA","Does not apply","",""
"147542448142","Hot Wheels Mainline 2026 JDM TRUCKS MOVIES, BUY 3 GET 1 FREE + Combined Shipping",You Pick=2026 Mercedes-Benz CLA HW Pink & Blue - HW Euro,2026 Mercedes-Benz CLA HW Pink & Blue - HW Euro,"0","FIXED_PRICE","CAD",4.99,,,,"0",,,"Sep-01-26 10:48:00 PDT","Nov-01-26 10:48:00 PST","Contemporary Manufacture","180506","","","New",,,,,"","CA","Does not apply","",""
"147542448142","Hot Wheels Mainline 2026 JDM TRUCKS MOVIES, BUY 3 GET 1 FREE + Combined Shipping",You Pick='71 Lamborghini Miura SV Black - HW: 70s vs 90s,'71 Lamborghini Miura SV Black - HW: 70s vs 90s,"1","FIXED_PRICE","CAD",5.99,,,,"0",,,"Sep-01-26 10:48:00 PDT","Nov-01-26 10:48:00 PST","Contemporary Manufacture","180506","","","New",,,,,"","CA","Does not apply","",""
"147542448142","Hot Wheels Mainline 2026 JDM TRUCKS MOVIES, BUY 3 GET 1 FREE + Combined Shipping",You Pick='71 Lamborghini Miura SV Black,'71 Lamborghini Miura SV Black,"0","FIXED_PRICE","CAD",5.99,,,,"0",,,"Sep-01-26 10:48:00 PDT","Nov-01-26 10:48:00 PST","Contemporary Manufacture","180506","","","New",,,,,"","CA","Does not apply","",""
"147542448142","Hot Wheels Mainline 2026 JDM TRUCKS MOVIES, BUY 3 GET 1 FREE + Combined Shipping",You Pick='89 Mercedes-Benz 560 SEC AMG #186/250 - Case C 2025,'89 Mercedes-Benz 560 SEC AMG #186/250 - Case C 2025,"1","FIXED_PRICE","CAD",4.99,,,,"0",,,"Sep-01-26 10:48:00 PDT","Nov-01-26 10:48:00 PST","Contemporary Manufacture","180506","","","New",,,,,"","CA","Does not apply","",""
"147542448142","Hot Wheels Mainline 2026 JDM TRUCKS MOVIES, BUY 3 GET 1 FREE + Combined Shipping",You Pick='17 Ford F-150 Raptor Blue #178/250 - HW Dirt,'17 Ford F-150 Raptor Blue #178/250 - HW Dirt,"2","FIXED_PRICE","CAD",4.99,,,,"0",,,"Sep-01-26 10:48:00 PDT","Nov-01-26 10:48:00 PST","Contemporary Manufacture","180506","","","New",,,,,"","CA","Does not apply","",""
"147542448142","Hot Wheels Mainline 2026 JDM TRUCKS MOVIES, BUY 3 GET 1 FREE + Combined Shipping",You Pick='98 Subaru Impreza 22B-STi White & Red #244/250 - The 90's,'98 Subaru Impreza 22B-STi White & Red #244/250 - The 90's,"0","FIXED_PRICE","CAD",4.99,,,,"0",,,"Sep-01-26 10:48:00 PDT","Nov-01-26 10:48:00 PST","Contemporary Manufacture","180506","","","New",,,,,"","CA","Does not apply","",""
"147542448142","Hot Wheels Mainline 2026 JDM TRUCKS MOVIES, BUY 3 GET 1 FREE + Combined Shipping",You Pick=Ford Performance Supervan 4 #17/250 - Treasure Hunt,Ford Performance Supervan 4 #17/250 - Treasure Hunt,"1","FIXED_PRICE","CAD",9.99,,,,"0",,,"Sep-01-26 10:48:00 PDT","Nov-01-26 10:48:00 PST","Contemporary Manufacture","180506","","","New",,,,,"","CA","Does not apply","",""
"147542448142","Hot Wheels Mainline 2026 JDM TRUCKS MOVIES, BUY 3 GET 1 FREE + Combined Shipping",You Pick=Shelby Daytona Blue #122/250 - HW Race Day,Shelby Daytona Blue #122/250 - HW Race Day,"1","FIXED_PRICE","CAD",6.99,,,,"0",,,"Sep-01-26 10:48:00 PDT","Nov-01-26 10:48:00 PST","Contemporary Manufacture","180506","","","New",,,,,"","CA","Does not apply","",""
"147542448142","Hot Wheels Mainline 2026 JDM TRUCKS MOVIES, BUY 3 GET 1 FREE + Combined Shipping",You Pick='16 Cadillac ATS-V R Orange,'16 Cadillac ATS-V R Orange,"2","FIXED_PRICE","CAD",4.99,,,,"0",,,"Sep-01-26 10:48:00 PDT","Nov-01-26 10:48:00 PST","Contemporary Manufacture","180506","","","New",,,,,"","CA","Does not apply","",""
"147542753347",Madame Alexander Vintage Doll Kick It Boy NEW with Tag NIB Soccer Football Play,,BATCH2-ITEM-11,"1","FIXED_PRICE","CAD",8.0,,,8.0,"0","","","Sep-01-26 12:32:08 PDT","Nov-01-26 12:32:08 PST","Action Figures","261068","","","New","","","","","","CA","Does not apply","",""
"147542757303",NHL 15 PlayStation 3 PS3 EA Sports Hockey Video Game Complete 2015,,BATCH2-ITEM-14,"1","FIXED_PRICE","CAD",6.42,,,6.42,"0","1","0","Sep-01-26 12:33:24 PDT","Nov-01-26 12:33:24 PST","Video Games","139973","","","Like New","","","","","","CA","Does not apply","",""
"147542975782",Hot Wheels Premium Car Culture ’99 Honda Civic Type R EK9 & Honda Civic Type R,,,"0","FIXED_PRICE","CAD",22.99,,,22.99,"1","0","0","Sep-01-26 14:38:25 PDT","Nov-01-26 14:38:25 PST","Contemporary Manufacture","180506","","","New","","","","","","CA","Does not apply","",""
"147543195268",Hot Wheels Premium Car Culture 2 Pack Toyota 2000GT & Toyota Supra,,,"1","FIXED_PRICE","CAD",22.95,,,22.95,"0","3","0","Sep-01-26 17:06:18 PDT","Nov-01-26 17:06:18 PST","Contemporary Manufacture","180506","","","New","","","","","","CA","6947731045358","",""
"147543248644",Marvel Legends Ultimate Iron Man 2005 6in Comic Accessory Hasbro Retro NEW,,ML-IRONMAN-ULTIMATE,"1","FIXED_PRICE","CAD",25.0,,,25.0,"0","","","Sep-02-26 04:22:00 PDT","Nov-02-26 04:22:00 PST","Action Figures","261068","","","New","","","","","","CA","","",""
"147543248645",Afterglow PS3 Wired Controller Clear LED Tested Working,,CTRL-PS3-CLEAR-WIRED-LED,"1","FIXED_PRICE","CAD",22.99,,,22.99,"0","1","0","Sep-02-26 05:11:01 PDT","Nov-02-26 05:11:01 PST","Controllers & Attachments","117042","","","Used","","","","","","CA","","",""
"147543248646",Diamond Select Rachel Grey Marvel Girl X-Men Mini Bust LE 600 Exclusive 2007 NEW,,RACHEL-GREY-MINI-BUST,"1","FIXED_PRICE","CAD",179.0,,,179.0,"0","","","Sep-01-26 17:53:52 PDT","Nov-01-26 17:53:52 PST","Collectible Figures & Bobbleheads","149372","","","New","","","","","","CA","","",""
"147543248647",BST AXN Cowboy Bebop Spike Spiegel 5in Action Figure NEW Sealed,,BSTAXN-SPIKE-SPIEGEL,"1","FIXED_PRICE","CAD",39.0,,,39.0,"0","","","Sep-02-26 04:22:00 PDT","Nov-02-26 04:22:00 PST","Action Figures","261068","","","New","","","","","","CA","","",""
"147543248649",Funko Pop Star Wars Cobb Vanth #484 CHASE Limited Edition Mandalorian NEW,,FUNKO-COBBVANTH-CHASE,"1","FIXED_PRICE","CAD",19.99,,,19.99,"0","","","Sep-02-26 05:19:00 PDT","Nov-02-26 05:19:00 PST","Collectible Figures & Bobbleheads","149372","","","New","","","","","","CA","","",""
"147543248651",Hot Wheels Forza Premium POP Culture Audi 90 Quattro Die Cast Car,,HW-POPCULTURE-FORZA-AUDI90,"1","FIXED_PRICE","CAD",15.0,,,15.0,"0","","","Sep-02-26 05:04:01 PDT","Nov-02-26 05:04:01 PST","Contemporary Manufacture","180506","","","New","","","","","","CA","Does not apply","",""
"147543248652",Marvel Legends Kaine Imperfect Clone Spider-Man Retro 6in Hasbro NEW,,ML-KAINE-IMPERFECTCLONE,"1","FIXED_PRICE","CAD",27.0,,,27.0,"0","1","0","Sep-02-26 05:33:00 PDT","Nov-02-26 05:33:00 PST","Action Figures","261068","","","New","","","","","","CA","","",""
"147543248654",Fisher-Price Little People Collector Star Wars I Am Your Father Set NEW,,LP-COLLECTOR-VADER-LUKE,"1","FIXED_PRICE","CAD",28.0,,,28.0,"0","2","0","Sep-03-26 05:00:00 PDT","Nov-03-26 05:00:00 PST","Little People (1997-Now)","158744","","","New","","","","","","CA","Does not apply","",""
"147543248655",Disney Pixar Cars Mate Mater Race To Celebrate 20th Anniversary 2026 Diecast NEW,,CARS-MATER-RACE2CELEBRATE,"3","FIXED_PRICE","CAD",21.0,,,21.0,"0","0","0","Sep-02-26 04:22:00 PDT","Nov-02-26 04:22:00 PST","Contemporary Manufacture","180506","","","New","","","","","","CA","Does not apply","",""
"147543248663",Marvel Legends Spider-Man '77 6in Retro Action Figure Hasbro NEW Sealed,,ML-SPIDERMAN-77,"1","FIXED_PRICE","CAD",40.0,,,40.0,"0","2","0","Sep-03-26 05:00:00 PDT","Nov-03-26 05:00:00 PST","Action Figures","261068","","","New","","","","","","CA","","",""
"147543248665",Funko Pop Frozen II Elsa #594 Amazon Exclusive Vinyl Figure NEW Disney + Case,,FUNKO-ELSA-FROZEN2-AMZ,"1","FIXED_PRICE","CAD",12.99,,,12.99,"0","","","Sep-02-26 05:45:00 PDT","Nov-02-26 05:45:00 PST","Collectible Figures & Bobbleheads","149372","","","New","","","","","","CA","Does not apply","",""
"147543248724",Marvel Legends Banshee Giant-Size X-Men 1975 6in Retro Comic Figure NEW,,ML-BANSHEE-GIANTSIZE,"1","FIXED_PRICE","CAD",49.99,,,49.99,"0","0","0","Sep-02-26 05:36:00 PDT","Nov-02-26 05:36:00 PST","Action Figures","261068","","","New","","","","","","CA","","",""
"147543251716","McFarlane Helldivers 2 TR-40 Gold Eagle Gaming Edition 7"" Figure In Stock NIB",,MCF-HD2-TR40-GOLD,"0","FIXED_PRICE","CAD",50.0,,,50.0,"1","1","0","Sep-02-26 04:22:00 PDT","Nov-02-26 04:22:00 PST","Action Figures","261068","","","New","","","","","","CA","","",""
"147543251724",Marvel Legends Lot of 4 Iron Man Banshee Kaine Spider-Boy Figures NEW,,ML-LOT4-RETRO,"1","FIXED_PRICE","CAD",99.99,,,99.99,"0","","","Sep-01-26 17:47:02 PDT","Nov-01-26 17:47:02 PST","Action Figures","261068","","","New","","","","","","CA","","",""
"147543251725",Maisto 1:24 Lot of 3 Toyota Supra VW Samba Porsche GT2 RS Diecast NEW,,MAISTO-124-LOT3-SPECIALEDITION,"1","FIXED_PRICE","CAD",70.0,,,70.0,"0","","","Sep-02-26 04:22:00 PDT","Nov-02-26 04:22:00 PST","Contemporary Manufacture","180506","","","New","","","","","","CA","Does not apply","",""
"147543263059",HUGE LOT Super Heroes Figures Batman 1991 ToyBiz Spider-Man 95 Marvel DC Comics,,,"1","FIXED_PRICE","CAD",69.0,,,69.0,"0","0","0","Sep-01-26 17:39:13 PDT","Nov-01-26 17:39:13 PST","Action Figures","261068","","","Used","","","","","","CA","Does not apply","",""
"147543633424",Hallmark Keepsake Sony Playstation Console PS1 Ornament Light & Sound Gift Gamer,,,"5","FIXED_PRICE","CAD",36.0,,,36.0,"0","0","0","Sep-01-26 20:21:34 PDT","Nov-01-26 20:21:34 PST","Ornaments","77988","","","New","","","","","","CA","","",""
"147543661783",Hallmark 2026 Disney Pixar Toy Story WRAPPED UP REX Ornament Christmas Light Box,,,"5","FIXED_PRICE","CAD",59.99,,,59.99,"0","0","0","Sep-01-26 20:35:47 PDT","Nov-01-26 20:35:47 PST","Ornaments","77988","","","New","","","","","","CA","0661127123692","",""
"147545624630",SONY Disc Drive for PlayStation PS5 PRO or PS5 Slim - Brand New Sealed,,,"3","FIXED_PRICE","CAD",109.0,,,109.0,"1","9","0","Sep-02-26 15:50:47 PDT","Nov-02-26 15:50:47 PST","Hard Drives","171820","","","New","","","","","","CA","","",""
"147547803273","McFarlane Toys DC Multiverse Battle Damaged Catwoman (Batman Returns) 7"" - NEW",,,"1","FIXED_PRICE","CAD",50.0,,,50.0,"0","","","Sep-03-26 13:24:02 PDT","Nov-03-26 13:24:02 PST","Other Classic Toys","19027","","","New","","","","","","CA","787926179033","",""
"147547807089",Transformers SDCC 2026 Jem Holograms Autobot Blaster KP Glit Sundor Rosanna,,,"1","FIXED_PRICE","CAD",150.0,,,150.0,"0","13","0","Sep-03-26 13:29:58 PDT","Nov-03-26 13:29:58 PST","Action Figures","261068","","","New","","","","","","CA","","",""
"147549688518",LEGO Minecraft Movie 21272 Woodland Mansion Fighting Ring 491pcs NEW IN BOX,,LEGO-MINECRAFT-21272,"1","FIXED_PRICE","CAD",60.0,,,60.0,"0","","","Sep-04-26 07:36:28 PDT","Nov-04-26 07:36:28 PST","LEGO (R) Complete Sets & Packs","19006","","","New","","","","","","CA","","",""
"147550424913",Microsoft Xbox One Kinect Sensor Camera Model 1520 OEM Tested Works,,,"1","FIXED_PRICE","CAD",21.0,,,21.0,"0","2","0","Sep-04-26 13:45:43 PDT","Nov-04-26 13:45:43 PST","Motion Sensors & Cameras","117044","","","Used","","","","","","CA","","",""
"147550451124",Pokemon Seek-and-find book Great Adventure + Unused Stickers + Attrapez-les Tous,,,"1","FIXED_PRICE","CAD",25.99,,,25.99,"0","","","Sep-04-26 14:02:21 PDT","Nov-04-26 14:02:21 PST","Books","261186","","","Like New","","","","","","CA","","",""
"147552191676",YOU PICK Transformers R.E.D. G1 Optimus Prime Megatron Soundwave Hasbro NEW,Pick Your Transformer=Optimus Prime;Megatron;Soundwave,,"20","FIXED_PRICE","CAD",29.99,,,29.99,"0","","","Sep-05-26 07:42:02 PDT","Nov-05-26 07:42:02 PST","Action Figures","261068","","","New","","","","","","CA","Does not apply","",""
"147552191676",YOU PICK Transformers R.E.D. G1 Optimus Prime Megatron Soundwave Hasbro NEW,Pick Your Transformer=Optimus Prime,Optimus Prime,"4","FIXED_PRICE","CAD",29.99,,,,"0",,,"Sep-05-26 07:42:02 PDT","Nov-05-26 07:42:02 PST","Action Figures","261068","","","New",,,,,"","CA","Does not apply","",""
"147552191676",YOU PICK Transformers R.E.D. G1 Optimus Prime Megatron Soundwave Hasbro NEW,Pick Your Transformer=Megatron,Megatron,"8","FIXED_PRICE","CAD",29.99,,,,"0",,,"Sep-05-26 07:42:02 PDT","Nov-05-26 07:42:02 PST","Action Figures","261068","","","New",,,,,"","CA","Does not apply","",""
"147552191676",YOU PICK Transformers R.E.D. G1 Optimus Prime Megatron Soundwave Hasbro NEW,Pick Your Transformer=Soundwave,Soundwave,"8","FIXED_PRICE","CAD",29.99,,,,"0",,,"Sep-05-26 07:42:02 PDT","Nov-05-26 07:42:02 PST","Action Figures","261068","","","New",,,,,"","CA","Does not apply","",""
"147552272013",Transformers G1 Optimus Prime Autobot Commander Transforming Figure K.O. NEW,,,"8","FIXED_PRICE","CAD",92.0,,,92.0,"2","8","0","Sep-05-26 08:30:27 PDT","Nov-05-26 08:30:27 PST","Action Figures","261068","","","New","","","","","","CA","","",""
"147552506497",Matchbox 2019 Toyota 4Runner Silver #57/125 2026 New Lifted SUV Diecast,,MB-TOYOTA-4RUNNER-2019-57-2026,"1","FIXED_PRICE","CAD",4.99,,,4.99,"0","","","Sep-05-26 11:00:33 PDT","Nov-05-26 11:00:33 PST","Contemporary Manufacture","180506","","","New","","","","","","CA","Does not apply","",""
"147552506498",2021 Hot Wheels 90 Acura NSX White HW The 90s 2/10 175/250 JDM Classic,,HW-90-ACURA-NSX-175-250-HW90S-2-10,"1","FIXED_PRICE","CAD",6.99,,,6.99,"0","","","Sep-05-26 11:00:33 PDT","Nov-05-26 11:00:33 PST","Contemporary Manufacture","180506","","","New","","","","","","CA","Does not apply","",""
"147552506499",2021 Hot Wheels Shelby Cobra Daytona Coupe Gulf 122/250 HW Race Day 5/10 Blue,,HW-SHELBY-COBRA-DAYTONA-GULF-122-250-RACEDAY,"1","FIXED_PRICE","CAD",7.5,,,7.5,"0","","","Sep-05-26 11:00:33 PDT","Nov-05-26 11:00:33 PST","Contemporary Manufacture","180506","","","New","","","","","","CA","Does not apply","",""
"147552506500",Hot Wheels Hyper Rocker Green HW Dirt 6/10 212/250 Netflix Attack T-Rex 2025,,HW-HYPER-ROCKER-212-250-HWDIRT-NETFLIX,"1","FIXED_PRICE","CAD",5.59,,,5.59,"0","","","Sep-05-26 11:00:33 PDT","Nov-05-26 11:00:33 PST","Contemporary Manufacture","180506","","","New","","","","","","CA","Does not apply","",""
"147552506501",Hot Wheels 19 Mercedes-Benz A-Class Black Compact Kings 9/10 210/250 IWC 2026,,HW-19-MERCEDES-A-CLASS-210-250-COMPACTKINGS,"3","FIXED_PRICE","CAD",4.79,,,4.79,"0","","","Sep-05-26 11:00:33 PDT","Nov-05-26 11:00:33 PST","Contemporary Manufacture","180506","","","New","","","","","","CA","Does not apply","",""
"147552506502",Hot Wheels 96 Dodge Viper GTS Black HW Torque 5/10 221/250 Racing #27 2026,,HW-96-DODGE-VIPER-GTS-221-250-HWTORQUE,"3","FIXED_PRICE","CAD",4.09,,,4.09,"0","0","0","Sep-05-26 11:00:33 PDT","Nov-05-26 11:00:33 PST","Contemporary Manufacture","180506","","","New","","","","","","CA","Does not apply","",""
"147552506503",Hot Wheels McLaren Speedtail Dark Red HW Exotics 5/5 209/250 2024 Diecast,,HW-MCLAREN-SPEEDTAIL-209-250-HWEXOTICS,"1","FIXED_PRICE","CAD",6.25,,,6.25,"0","","","Sep-05-26 11:00:33 PDT","Nov-05-26 11:00:33 PST","Contemporary Manufacture","180506","","","New","","","","","","CA","Does not apply","",""
"147552506504",Hot Wheels Toyota Prius Custom Green J-Imports 1/10 60/250 GR Widebody 2026,,HW-TOYOTA-PRIUS-CUSTOM-60-250-JIMPORTS-2026,"3","FIXED_PRICE","CAD",4.99,,,4.99,"0","1","0","Sep-05-26 11:00:33 PDT","Nov-05-26 11:00:33 PST","Contemporary Manufacture","180506","","","New","","","","","","CA","Does not apply","",""
"147552506505",Hot Wheels 69 Dodge Coronet SuperBee Yellow Muscle Mania 5/10 208/250 (2024),,HW-69-DODGE-CORONET-SUPERBEE-208-250-MUSCLEMANIA,"1","FIXED_PRICE","CAD",4.99,,,4.99,"0","1","0","Sep-05-26 11:00:33 PDT","Nov-05-26 11:00:33 PST","Contemporary Manufacture","180506","","","New","","","","","","CA","Does not apply","",""
"147552506506",Hot Wheels 33 Ford Lo Boy White 119/250 HW Rod Squad 3/10 2026 Hot Rod,,HW-33-FORD-LO-BOY-119-250-RODSQUAD-WHITE,"1","FIXED_PRICE","CAD",6.59,,,6.59,"0","","","Sep-05-26 11:00:33 PDT","Nov-05-26 11:00:33 PST","Contemporary Manufacture","180506","","","New","","","","","","CA","Does not apply","",""
"147552506507",Hot Wheels Datsun 240Z Green Then and Now 2/10 72/250 Yokohama JDM 2026,,HW-DATSUN-240Z-72-250-THENANDNOW-GREEN,"2","FIXED_PRICE","CAD",4.49,,,4.49,"0","0","0","Sep-05-26 11:00:33 PDT","Nov-05-26 11:00:33 PST","Contemporary Manufacture","180506","","","New","","","","","","CA","Does not apply","",""
"147552506508",Hot Wheels Ferrari 12Cilindri Blue Ferrari Series 4/5 94/250 2026 New Diecast,,HW-FERRARI-12CILINDRI-94-250-FERRARI-2026,"1","FIXED_PRICE","CAD",7.99,,,7.99,"0","","","Sep-05-26 11:00:33 PDT","Nov-05-26 11:00:33 PST","Contemporary Manufacture","180506","","","New","","","","","","CA","Does not apply","",""
"147552506509",Hot Wheels Nissan Maxima Drift Car Black 225/250 HW Wagons 10/10 K&N 2026,,HW-NISSAN-MAXIMA-DRIFT-225-2026-SINGLE,"4","FIXED_PRICE","CAD",4.05,,,4.05,"0","","","Sep-05-26 11:00:33 PDT","Nov-05-26 11:00:33 PST","Contemporary Manufacture","180506","","","New","","","","","","CA","Does not apply","",""
"147552506510",Hot Wheels Nissan Maxima Drift Car Black 225/250 Wagons 10/10 K&N 2026 Lot x2,,HW-NISSAN-MAXIMA-DRIFT-225-2026-LOT2,"2","FIXED_PRICE","CAD",8.95,,,8.95,"0","","","Sep-05-26 11:00:33 PDT","Nov-05-26 11:00:33 PST","Contemporary Manufacture","180506","","","New","","","","","","CA","Does not apply","",""
"147552506511",Hot Wheels BMW M4 GT3 White HW Starting Grid 5/10 73/250 2026 New Diecast,,HW-BMW-M4-GT3-73-250-STARTINGGRID-2026,"3","FIXED_PRICE","CAD",5.0,,,5.0,"0","","","Sep-05-26 11:00:33 PDT","Nov-05-26 11:00:33 PST","Contemporary Manufacture","180506","","","New","","","","","","CA","Does not apply","",""
"147552506512",Hot Wheels VW T3 Custom Blue White Pursuit 3/10 200/250 Volkswagen Van 2026,,HW-VW-T3-CUSTOM-200-250-PURSUIT,"1","FIXED_PRICE","CAD",5.99,,,5.99,"0","","","Sep-05-26 11:00:33 PDT","Nov-05-26 11:00:33 PST","Contemporary Manufacture","180506","","","New","","","","","","CA","Does not apply","",""
"147552506513",2026 Hot Wheels Mazda RX-7 J-Imports 2/10 61/250 JDM Grey With White Rabbit,,HW-MAZDA-RX7-61-250-JIMPORTS-GOLD,"3","FIXED_PRICE","CAD",6.0,,,6.0,"0","","","Sep-05-26 11:00:33 PDT","Nov-05-26 11:00:33 PST","Contemporary Manufacture","180506","","","New","","","","","","CA","Does not apply","",""
"147552506514",Hot Wheels 1970 Pontiac Firebird Blue Team Wheels 3/5 201/250 Muscle Car 2026,,HW-1970-PONTIAC-FIREBIRD-201-250-TEAMWHEELS,"3","FIXED_PRICE","CAD",4.99,,,4.99,"0","","","Sep-05-26 11:00:33 PDT","Nov-05-26 11:00:33 PST","Contemporary Manufacture","180506","","","New","","","","","","CA","Does not apply","",""
"147552506515",Matchbox 2024 Toyota Tacoma Gray #43/125 2026 Mainline Truck Diecast New,,MB-TOYOTA-TACOMA-2024-43-2026,"1","FIXED_PRICE","CAD",7.0,,,7.0,"0","2","0","Sep-05-26 11:00:33 PDT","Nov-05-26 11:00:33 PST","Contemporary Manufacture","180506","","","New","","","","","","CA","Does not apply","",""
"147552506516",Hot Wheels 89 Mercedes-Benz 560 SEC AMG Gray Wild Widebody 2/5 186/250 2025,,HW-89-MERCEDES-560SEC-AMG-186-250-WILDWIDEBODY,"3","FIXED_PRICE","CAD",4.59,,,4.59,"0","","","Sep-05-26 11:00:33 PDT","Nov-05-26 11:00:33 PST","Contemporary Manufacture","180506","","","New","","","","","","CA","Does not apply","",""
"147552506517",Matchbox Pierce Volterra EV Fire Truck 44/125 Red 2026 New Nouveau #30782,,MB-PIERCE-VOLTERRA-EV-44-2026,"1","FIXED_PRICE","CAD",5.49,,,5.49,"0","1","0","Sep-05-26 11:00:33 PDT","Nov-05-26 11:00:33 PST","Contemporary Manufacture","180506","","","New","","","","","","CA","Does not apply","",""
"147552506519",Hot Wheels 2019 Audi TT Safari White HW Dirt 8/10 223/250 2026 New Diecast,,HW-2019-AUDI-TT-SAFARI-223-250-HWDIRT-2026,"3","FIXED_PRICE","CAD",4.3,,,4.3,"0","0","0","Sep-05-26 11:00:33 PDT","Nov-05-26 11:00:33 PST","Contemporary Manufacture","180506","","","New","","","","","","CA","Does not apply","",""
"147552506520",Hot Wheels Dark Knight Batmobile Batman 2/5 51/250 Black Red Wheels 2026,,HW-DARK-KNIGHT-BATMOBILE-51-250-BATMAN,"1","FIXED_PRICE","CAD",5.99,,,5.99,"0","1","0","Sep-05-26 11:00:33 PDT","Nov-05-26 11:00:33 PST","Contemporary Manufacture","180506","","","New","","","","","","CA","Does not apply","",""
"147552506521",Hot Wheels Volvo 240 Drift Wagon Yellow HW Mods 2/5 69/250 Bilstein Castrol,,HW-VOLVO-240-DRIFT-WAGON-69-250-HWMODS,"1","FIXED_PRICE","CAD",6.99,,,6.99,"0","","","Sep-05-26 11:00:33 PDT","Nov-05-26 11:00:33 PST","Contemporary Manufacture","180506","","","New","","","","","","CA","Does not apply","",""
"147552506522",Hot Wheels Cone Shaker Netflix Let's Race 148/250 HW Retro 5/5 Orange 2025,,HW-CONE-SHAKER-148-250-NETFLIX-2025,"0","FIXED_PRICE","CAD",6.49,,,6.49,"1","0","0","Sep-05-26 11:00:33 PDT","Nov-05-26 11:00:33 PST","Contemporary Manufacture","180506","","","New","","","","","","CA","Does not apply","",""
"147552506523",Hot Wheels 16 Cadillac ATS-V R Silver Night City 7/10 90/250 Race Car 2026,,HW-16-CADILLAC-ATS-V-R-90-250-NIGHTCITY,"1","FIXED_PRICE","CAD",4.99,,,4.99,"0","","","Sep-05-26 11:00:33 PDT","Nov-05-26 11:00:33 PST","Contemporary Manufacture","180506","","","New","","","","","","CA","Does not apply","",""
"147552506524",Hot Wheels Toyota AE86 Sprinter Trueno Purple J-Imports 9/10 JDM 2026 Diecast,,HW-TOYOTA-AE86-SPRINTER-TRUENO-JIMPORTS-9-10,"4","FIXED_PRICE","CAD",5.0,,,5.0,"0","","","Sep-05-26 11:00:33 PDT","Nov-05-26 11:00:33 PST","Contemporary Manufacture","180506","","","New","","","","","","CA","Does not apply","",""
"147552506525",Hot Wheels 71 Lamborghini Miura SV Purple Cool Classics 6/10 227/250 Diecast,,HW-71-LAMBORGHINI-MIURA-SV-227-250-COOLCLASSICS,"3","FIXED_PRICE","CAD",4.99,,,4.99,"0","","","Sep-05-26 11:00:33 PDT","Nov-05-26 11:00:33 PST","Contemporary Manufacture","180506","","","New","","","","","","CA","Does not apply","",""
"147552506526",Hot Wheels 1963 Ford Galaxie Blue Cool Classics 8/10 241/250 Racing #63 2026,,HW-1963-FORD-GALAXIE-241-250-COOLCLASSICS-2026,"1","FIXED_PRICE","CAD",5.99,,,5.99,"0","","","Sep-05-26 11:00:33 PDT","Nov-05-26 11:00:33 PST","Contemporary Manufacture","180506","","","New","","","","","","CA","Does not apply","",""
"147552506527",Hot Wheels Ford Performance Supervan 4 TH RED First Response 1/5 Treasure Hunt,,HW-FORD-PERFORMANCE-SUPERVAN4-17-250-FIRSTRESPONSE,"1","FIXED_PRICE","CAD",9.0,,,9.0,"0","","","Sep-05-26 11:00:33 PDT","Nov-05-26 11:00:33 PST","Contemporary Manufacture","180506","","","New","","","","","","CA","Does not apply","",""
"147552506528",Hot Wheels Custom 18 Ford Mustang GT Blue Mustang 60th 5/5 2026 Diecast,,HW-CUSTOM-18-MUSTANG-GT-MUSTANG60-5-5,"2","FIXED_PRICE","CAD",5.99,,,5.99,"0","","","Sep-05-26 11:00:33 PDT","Nov-05-26 11:00:33 PST","Contemporary Manufacture","180506","","","New","","","","","","CA","Does not apply","",""
"147552506530",Hot Wheels 68 Mercury Cougar Purple HW Torque 6/10 231/250 Muscle Car 2026,,HW-68-MERCURY-COUGAR-231-250-HWTORQUE,"1","FIXED_PRICE","CAD",5.99,,,5.99,"0","1","0","Sep-05-26 11:00:33 PDT","Nov-05-26 11:00:33 PST","Contemporary Manufacture","180506","","","New","","","","","","CA","Does not apply","",""
"147552879604",G.I. Joe Classified Series Retro Cardback Lara Croft TOMB RAIDER SDCC 1 OCT 2026,,,"2","FIXED_PRICE","CAD",93.0,,,93.0,"2","33","0","Sep-05-26 15:06:33 PDT","Nov-05-26 15:06:33 PST","Action Figures","261068","","","New","","","","","","CA","","",""
"147552906922",Marvel Rivals - MAGNETO 1:10 Scale Posed New Figure SEALED 2026 McFarlane Toys,,,"1","FIXED_PRICE","CAD",53.99,,,53.99,"0","","","Sep-05-26 15:29:33 PDT","Nov-05-26 15:29:33 PST","Action Figures","261068","","","New","","","","","","CA","787926148770","",""
"147554560301",2026 Hot Wheels Premium Fast & Furious 25 Years Lexus LFA #3/5 HNW46,,,"0","FIXED_PRICE","CAD",17.99,,,17.99,"0","0","0","Sep-06-26 06:40:25 PDT","Oct-06-26 06:40:25 PDT","Contemporary Manufacture","180506","","","New","","","","","","CA","0194735337033","",""
"147554562839",2026 Hot Wheels Premium Fast & Furious 25 Years Nissan 350Z custom #4/5 HNW46,,,"0","FIXED_PRICE","CAD",17.0,,,17.0,"0","1","0","Sep-06-26 06:44:03 PDT","Oct-06-26 06:44:03 PDT","Contemporary Manufacture","180506","","","New","","","","","","CA","0194735337040","",""
"147554564956",2026 Hot Wheels Premium Fast & Furious 25th Anniversary Mercedes-Benz SLS AMG,,,"0","FIXED_PRICE","CAD",15.0,,,15.0,"1","2","0","Sep-06-26 06:46:47 PDT","Oct-06-26 06:46:47 PDT","Contemporary Manufacture","180506","","","New","","","","","","CA","Does not apply","",""
"147555171467",2026 Hot Wheels Premium Fast & Furious 25th Anniversary Complete Set Of 4,,,"0","FIXED_PRICE","CAD",70.0,,,70.0,"2","1","0","Sep-06-26 13:34:23 PDT","Oct-06-26 13:34:23 PDT","Contemporary Manufacture","180506","","","New","","","","","","CA","Does not apply","",""
"147555337398",Smirnoff Bottle Opener Keychain Lot 6 Stainless Steel Barware Gift Promotional,,,"1","FIXED_PRICE","CAD",20.0,,,20.0,"0","","","Sep-06-26 15:40:16 PDT","Oct-06-26 15:40:16 PDT","Smirnoff","26263","","","New","","","","","","CA","","",""
"147555449219",Disney Ily 4ever Stitch 18-Inch Inspired Doll w Accessories New Sealed,,,"5","FIXED_PRICE","CAD",40.0,,,40.0,"0","","","Sep-06-26 16:53:09 PDT","Oct-06-26 16:53:09 PDT","Dolls & Doll Playsets","262346","","","New","","","","","19062121908","CA","0192995229426","",""
"147555454292","Nintendo Metroid Samus Aran Phazon Suit 5"" Action Figure by Jakks Pacific NEW",,,"2","FIXED_PRICE","CAD",15.0,,,15.0,"0","0","0","Sep-06-26 17:00:35 PDT","Oct-06-26 17:00:35 PDT","Action Figures","261068","","","New","","","","","","CA","","",""
"147555460082",WWE Elite Saturday Nights Main Event Complete Set of 4 (Series 1) NEW,,,"1","FIXED_PRICE","CAD",199.99,,,199.99,"0","4","0","Sep-06-26 17:06:26 PDT","Oct-06-26 17:06:26 PDT","Action Figures","261068","","","New","","","","","","CA","","",""
"147555528248",Jumbo Squishy Butter Toy 14 CM Slow Rising Scented Stress Relief Fidget Gift,,,"20","FIXED_PRICE","CAD",8.89,,,8.89,"0","","","Sep-06-26 17:35:40 PDT","Oct-06-26 17:35:40 PDT","Squeezable Stress Relievers","180933","","","New with box","","","","","","CA","Does not apply","",""
"147555712245",White Claw Hard Seltzer Beanie Hat White Cuffed Knit Winter Toque Unisex,,,"2","FIXED_PRICE","CAD",24.0,,,24.0,"0","","","Sep-06-26 19:04:45 PDT","Oct-06-26 19:04:45 PDT","Hats","52365","","","New without tags","","","","","","CA","","",""
"147557318175",NINTENDO Amiibo Shovel Knight Specter Plague King Knight 3-Pack Exclusive Set,,AUG26-ITEM-12,"1","FIXED_PRICE","CAD",75.0,,,75.0,"0","1","0","Sep-07-26 09:53:15 PDT","Oct-07-26 09:53:15 PDT","Toys to Life","182180","","","New","","","","","","CA","Does not apply","",""
"147558162818",Star Wars Black Series Republic Trooper Gaming Greats 6 Inch Figure Presale oct1,,,"10","FIXED_PRICE","CAD",44.99,,,44.99,"0","1","0","Sep-07-26 18:45:09 PDT","Oct-07-26 18:45:09 PDT","Action Figures","261068","","","New","","","","","","CA","","",""
"147559295384",Mattel Brick Shop Hot Wheels 90 Acura NSX Yellow Building Toy 877 PCs NIB Stock,,,"3","FIXED_PRICE","CAD",118.0,,,118.0,"3","24","0","Sep-08-26 05:18:23 PDT","Oct-08-26 05:18:23 PDT","Contemporary Manufacture","180506","","","New","","","","","","CA","Does not apply","",""
"147560222220","Star Wars Disney Hasbro 6 Figure Set - Darth Vader, Luke Skywalker, Mandalorian",,,"3","FIXED_PRICE","CAD",20.0,,,20.0,"0","","","Sep-08-26 15:32:12 PDT","Oct-08-26 15:32:12 PDT","Action Figures","261068","","","New","","","","","","CA","","",""
"147560238234",Disney Halloween Animated Pirate Ship with Lights & Music Mickey Mouse Free ship,,,"1","FIXED_PRICE","CAD",105.0,,,105.0,"0","","","Sep-08-26 15:39:52 PDT","Oct-08-26 15:39:52 PDT","Other Contemp Holiday Disney","1376","","","New","","","","","","CA","","",""
"147560247986",XBOX 360 Skylanders: Swap Force Starter Pack Ninja Stealth Elf,,,"0","FIXED_PRICE","CAD",55.0,,,55.0,"1","2","0","Sep-08-26 15:49:25 PDT","Oct-08-26 15:49:25 PDT","Toys to Life","182180","","","New","","","","","","CA","047875847040","",""
"147560267190",Cookeez Makery World of Cookeez Kitchen Collection Pack - 18 Pieces From Costco,,,"3","FIXED_PRICE","CAD",109.0,,,109.0,"0","","","Sep-08-26 16:01:37 PDT","Oct-08-26 16:01:37 PDT","Kitchens","158746","","","New","","","","","","CA","Does not apply","",""
"147562263324",Disney Grogu Deluxe Plush Mattel Star Wars The Mandalorian and Grogu *BRAND NEW*,,,"2","FIXED_PRICE","CAD",15.0,,,15.0,"0","","","Sep-09-26 08:54:15 PDT","Oct-09-26 08:54:15 PDT","Other Classic Toys","19027","","","New","","","","","","CA","194735353514","",""
"147562587818",Millennium Falcon Vehicle w/ Escape Craft NIB Playset Star Wars Force Link Toys,,,"1","FIXED_PRICE","CAD",19.99,,,19.99,"0","","","Sep-09-26 12:29:28 PDT","Oct-09-26 12:29:28 PDT","Action Figures","261068","","","New","","","","","","CA","","",""
"147562680615",Halo The Spartan Collection Jorge-052 (HLW0114) Series 5 WCT Jazwares New,,,"1","FIXED_PRICE","CAD",39.99,,,39.99,"1","4","0","Sep-09-26 13:19:32 PDT","Oct-09-26 13:19:32 PDT","Action Figures","261068","","","New","","","","","15053257351","CA","0191726393320","",""
"147562714749",2026 HOLIDAY Blonde Hair Barbie Female Doll Barbie Signature Red Dress NIB Stock,,,"1","FIXED_PRICE","CAD",74.99,,,74.99,"0","","","Sep-09-26 13:36:23 PDT","Oct-09-26 13:36:23 PDT","Dolls & Doll Playsets","262346","","","New","","","","","","CA","194735343560","",""
"147562805328",Mattel Brick Shop Masters of the Universe Clash at Snake Mountain Building Set,,,"1","FIXED_PRICE","CAD",40.0,,,40.0,"0","1","0","Sep-09-26 14:48:17 PDT","Oct-09-26 14:48:17 PDT","Other Classic Toys","19027","","","New","","","","","","CA","194735372577","",""
"147566540005",Matchbox UPS Delivery Truck #98/125 MB MBX Mainline - Combine Shipping !!!,,,"1","FIXED_PRICE","CAD",11.5,,,11.5,"4","0","0","Sep-11-26 10:41:22 PDT","Oct-11-26 10:41:22 PDT","Contemporary Manufacture","180506","","","New","","","","","","CA","Does not apply","",""
"147566546011",Matchbox Emergency Vehicle Diecast Car Lot Dodge Charger Pursuit Blaze Buster II,,,"1","FIXED_PRICE","CAD",9.0,,,9.0,"0","0","0","Sep-11-26 10:48:37 PDT","Oct-11-26 10:48:37 PDT","Contemporary Manufacture","180506","","","New","","","","","","CA","na","",""
"147568353310",Hot Wheels Deora Too'nd Red Gold Tooned 143/250 2026,,SEPT15-HW-05,"1","FIXED_PRICE","CAD",4.2,,,4.2,"0","","","Sep-12-26 06:59:35 PDT","Oct-12-26 06:59:35 PDT","Contemporary Manufacture","180506","","","New","","","","","","CA","Does not apply","",""
"147568353311",Hot Wheels Audi 90 Quattro Silver Peak Pursuit 199/250,,SEPT15-HW-07,"1","FIXED_PRICE","CAD",4.99,,,4.99,"0","","","Sep-12-26 07:00:22 PDT","Oct-12-26 07:00:22 PDT","Contemporary Manufacture","180506","","","New","","","","","","CA","Does not apply","",""
"147568353312",Hot Wheels Ferrari SF90 Stradale Red Factory Fresh 191/250,,SEPT15-HW-02,"1","FIXED_PRICE","CAD",7.6,,,7.6,"0","","","Sep-12-26 14:00:57 PDT","Oct-12-26 14:00:57 PDT","Contemporary Manufacture","180506","","","New","","","","","","CA","Does not apply","",""
"147568353313",Ferrari 365 GTB4 Competizione 2026 Hot Wheels HW Ferrari 62/250 2/5 Case K,,SEPT15-HW-03,"2","FIXED_PRICE","CAD",4.99,,,4.99,"0","","","Sep-12-26 13:47:00 PDT","Oct-12-26 13:47:00 PDT","Contemporary Manufacture","180506","","","New","","","","","","CA","Does not apply","",""
"147568353315",2026 Hot Wheels Bugatti Bolide White Red Starting Grid 50/250,,SEPT15-HW-06,"1","FIXED_PRICE","CAD",4.99,,,4.99,"0","","","Sep-12-26 07:06:30 PDT","Oct-12-26 07:06:30 PDT","Contemporary Manufacture","180506","","","New","","","","","","CA","Does not apply","",""
"147568353316",2025 Hot Wheels Ferrari F40 Competizione 198/250 EXOTICS 4/5 RED,,SEPT15-HW-01,"1","FIXED_PRICE","CAD",10.09,,,10.09,"0","1","0","Sep-12-26 13:54:09 PDT","Oct-12-26 13:54:09 PDT","Contemporary Manufacture","180506","","","New","","","","","","CA","Does not apply","",""
"147568353317",Lotus Cortina Black 2026 Hot Wheels HW Euro 67/250 3/10 Combined shipping Case L,,SEPT15-HW-04,"1","FIXED_PRICE","CAD",4.99,,,4.99,"0","","","Sep-12-26 13:59:01 PDT","Oct-12-26 13:59:01 PDT","Contemporary Manufacture","180506","","","New","","","","","","CA","Does not apply","",""
"147568354401",Sonic The Hedgehog Mario Figure Lot 8pc Amy Tails Knuckles,,SEPT15-ITEM-01,"1","FIXED_PRICE","CAD",7.0,,,7.0,"0","","","Sep-12-26 07:02:58 PDT","Oct-12-26 07:02:58 PDT","Action Figures","261068","","","New","","","","","","CA","Does not apply","",""
"147568354404",Okanagan Spring Brewery Wooden Bar Blade Bottle Opener New Sealed,,SEPT15-ITEM-02,"2","FIXED_PRICE","CAD",10.0,,,10.0,"0","","","Sep-12-26 07:30:12 PDT","Oct-12-26 07:30:12 PDT","Openers","566","","","New","","","","","","CA","Does not apply","",""
"147568360548",Guinness Harp Black and Tan Beer Pouring Disc New Sealed,,SEPT15-B4-01,"2","FIXED_PRICE","CAD",15.99,,,15.99,"0","","","Sep-12-26 07:12:59 PDT","Oct-12-26 07:12:59 PDT","Other Laundry Supplies","20624","","","New","","","","","","CA","Does not apply","",""
"147568360550",La Passion du Christ VHS Mel Gibson French Brand New Sealed,,SEPT15-B4-03,"1","FIXED_PRICE","CAD",15.0,,,15.0,"0","1","0","Sep-12-26 15:00:58 PDT","Oct-12-26 15:00:58 PDT","DVDs & Blu-ray Discs","617","","","Brand New","","","","","","CA","Does not apply","",""
"147568360554",Sin City VHS French Frank Miller Brand New Sealed Quentin Tarantino,,SEPT15-B4-06,"1","FIXED_PRICE","CAD",14.99,,,14.99,"0","","","Sep-15-26 06:00:00 PDT","Oct-15-26 06:00:00 PDT","DVDs & Blu-ray Discs","617","","","Brand New","","","","","","CA","Does not apply","",""
"147568360555",Slap Shot 2 VHS Lancer Frappe 2 French Stephen Baldwin,,SEPT15-B4-05,"1","FIXED_PRICE","CAD",9.99,,,9.99,"0","","","Sep-15-26 06:00:00 PDT","Oct-15-26 06:00:00 PDT","DVDs & Blu-ray Discs","617","","","Brand New","","","","","","CA","Does not apply","",""
"147568360557",Diecast Tow Truck Toy Rescue Team 24 Hour Towing Crane With Light & Sounds,,SEPT15-B4-07,"1","FIXED_PRICE","CAD",9.99,,,9.99,"0","","","Sep-12-26 07:15:18 PDT","Oct-12-26 07:15:18 PDT","Contemporary Manufacture","180506","","","Used","","","","","","CA","Does not apply","",""
"147568360559",How to Train Your Dragon Figure Lot Toothless + Hiccup & Deadly Nadder + Astrid,,SEPT15-B4-08,"1","FIXED_PRICE","CAD",36.0,,,36.0,"0","","","Sep-12-26 14:36:24 PDT","Oct-12-26 14:36:24 PDT","Action Figures","261068","","","New","","","","","","CA","Does not apply","",""
"147568362286",Barbie Farmer Doll Red Tractor Trailer Playset FRM18 Mattel,,SEPT15-FIX-01,"1","FIXED_PRICE","CAD",29.0,,,29.0,"0","","","Sep-12-26 07:15:14 PDT","Oct-12-26 07:15:14 PDT","Action Figures","261068","","","Used","","","","","","CA","Does not apply","",""
"147568362891",Funny Girl VHS Barbra Streisand Academy Award Winner Classic,,SEPT15-B4FIX-03,"1","FIXED_PRICE","CAD",9.0,,,9.0,"0","","","Sep-12-26 15:00:15 PDT","Oct-12-26 15:00:15 PDT","VHS Tapes","309","","","Very Good","","","","","","CA","0043396232235","",""
"147568362892",The Incredibles VHS 2005 Late Release Disney Pixar Les Incroyable French QC RARE,,SEPT15-B4FIX-02,"1","FIXED_PRICE","CAD",75.0,,,75.0,"0","3","0","Sep-15-26 06:00:00 PDT","Oct-15-26 06:00:00 PDT","DVDs & Blu-ray Discs","617","","","Very Good","","","","","","CA","Does not apply","",""
"147568362893",Evita VHS Madonna Antonio Banderas Best Picture Winner English Version,,SEPT15-B4FIX-04,"1","FIXED_PRICE","CAD",9.0,,,9.0,"0","","","Sep-12-26 15:00:23 PDT","Oct-12-26 15:00:23 PDT","VHS Tapes","309","","","Very Good","","","","","","CA","0786936029123","",""
"147568362895",Stroker Ace VHS Burt Reynolds Warner Home Video 1983 Hard Cover Rare English,,SEPT15-B4FIX-01,"1","FIXED_PRICE","CAD",13.0,,,13.0,"0","","","Sep-12-26 15:00:37 PDT","Oct-12-26 15:00:37 PDT","DVDs & Blu-ray Discs","617","","","Very Good","","","","","","CA","Does not apply","",""
"147568926484",2017 Surf 'n Turf Tooned Turquoise Woodie Hot Wheels Let's Race 240/250 5/5,,,"1","FIXED_PRICE","CAD",8.15,,,8.15,"0","","","Sep-12-26 13:49:43 PDT","Oct-12-26 13:49:43 PDT","Contemporary Manufacture","180506","","","New","","","","","","CA","Does not apply","",""
"147568949346",Pink Platinum Kids Heart Print Puffer Jacket Black Pink Hooded Coat Size 4,,,"1","FIXED_PRICE","CAD",20.0,,,20.0,"0","","","Sep-12-26 14:09:17 PDT","Oct-12-26 14:09:17 PDT","Outerwear","51580","","","Pre-owned - Excellent","","","","","","CA","","",""
"147568964584",Burago 1/43 Alpine F1 Team A524 BMT #10 Pierre Gasly Diecast A524,,,"1","FIXED_PRICE","CAD",12.99,,,12.99,"0","","","Sep-12-26 14:17:23 PDT","Oct-12-26 14:17:23 PDT","Contemporary Manufacture","180506","","","New","","","","","","CA","4893993018925","",""
"147568971678",Ecko Unltd. Lanyard Vintage Key Chain ID Document Neck Strap Brand New Eckō,,,"1","FIXED_PRICE","CAD",20.0,,,20.0,"0","2","0","Sep-12-26 14:26:11 PDT","Oct-12-26 14:26:11 PDT","Key Chains, Rings & Cases","52373","","","New without tags","","","","","","CA","","",""
"147570479425",2026 Disney Pixar Cars Color Changers 2 in 1 Mater Tow Truck Race To Celebrate,,,"1","FIXED_PRICE","CAD",15.0,,,15.0,"0","2","0","Sep-13-26 07:10:54 PDT","Oct-13-26 07:10:54 PDT","Contemporary Manufacture","180506","","","New","","","","","","CA","0194735329564","",""
"147570848447",Transformers Arcee Studio Series 86-16 Deluxe The Movie Action Figure New Sealed,,,"2","FIXED_PRICE","CAD",72.0,,,72.0,"0","8","0","Sep-13-26 11:43:01 PDT","Oct-13-26 11:43:01 PDT","Action Figures","261068","","","New","","","","","","CA","","",""
"147570865675",Mighty Morphin Re-Ignition Triceratops Combinable Dinozord Action Figure NEW NIB,,,"1","FIXED_PRICE","CAD",44.0,,,44.0,"0","","","Sep-13-26 11:50:47 PDT","Oct-13-26 11:50:47 PDT","Action Figures","261068","","","New","","","","","","CA","043377687207","",""
"147570987335",Star Wars Micro Galaxy Squadron Republic Gunship Muunilinst-10 W/3 Mini Figures,,,"0","FIXED_PRICE","CAD",50.0,,,50.0,"1","9","0","Sep-13-26 13:21:39 PDT","Oct-13-26 13:21:39 PDT","Action Figures","261068","","","New","","","","","","CA","","",""
"147571160312",Barbie Hot Wheels RC Ford Bronco Remote-control Playset 2.4 GHz With 2 Dolls NEW,,,"3","FIXED_PRICE","CAD",65.0,,,65.0,"0","","","Sep-13-26 15:17:28 PDT","Oct-13-26 15:17:28 PDT","Dolls & Doll Playsets","262346","","","New","","","","","","CA","","",""
"147571210211",Bburago 1:43 F1 Racing Paddock Diorama YOU PICK Team McLaren Mercedes Redbull,You Pick=Mercedes AMG Petronas FW15 - Lewis Hamilton #44;Red Bull Racing RB20 - Max Verstappen #1;McLaren MCL38 - Lando Norris #4,BBURAGO-F1-PADDOCK-YOUPICK,"3","FIXED_PRICE","CAD",43.99,,,43.99,"0","","","Sep-13-26 16:14:01 PDT","Oct-13-26 16:14:01 PDT","Contemporary Manufacture","180506","","","New","","","","","","CA","Does not apply","",""
"147571210211",Bburago 1:43 F1 Racing Paddock Diorama YOU PICK Team McLaren Mercedes Redbull,You Pick=Mercedes AMG Petronas FW15 - Lewis Hamilton #44,Mercedes AMG Petronas FW15 - Lewis Hamilton #44,"1","FIXED_PRICE","CAD",52.99,,,,"0",,,"Sep-13-26 16:14:01 PDT","Oct-13-26 16:14:01 PDT","Contemporary Manufacture","180506","","","New",,,,,"","CA","Does not apply","",""
"147571210211",Bburago 1:43 F1 Racing Paddock Diorama YOU PICK Team McLaren Mercedes Redbull,You Pick=Red Bull Racing RB20 - Max Verstappen #1,Red Bull Racing RB20 - Max Verstappen #1,"1","FIXED_PRICE","CAD",43.99,,,,"0",,,"Sep-13-26 16:14:01 PDT","Oct-13-26 16:14:01 PDT","Contemporary Manufacture","180506","","","New",,,,,"","CA","Does not apply","",""
"147571210211",Bburago 1:43 F1 Racing Paddock Diorama YOU PICK Team McLaren Mercedes Redbull,You Pick=McLaren MCL38 - Lando Norris #4,McLaren MCL38 - Lando Norris #4,"1","FIXED_PRICE","CAD",43.99,,,,"0",,,"Sep-13-26 16:14:01 PDT","Oct-13-26 16:14:01 PDT","Contemporary Manufacture","180506","","","New",,,,,"","CA","Does not apply","",""
"147573423837",LeapFrog Baby Tad Hug and Learn Interactive Plush Talks Sings Tested Works,,SEPT15-FIX-02,"1","FIXED_PRICE","CAD",39.99,,,39.99,"0","","","Sep-14-26 14:34:52 PDT","Oct-14-26 14:34:52 PDT","Other Stuffed Animals","230","","","Used","","","","","","CA","Does not apply","",""
"147573465272",2x Lego Shrek Series (71053) CMF - Collectible Minifigures 2026 Mystery Figures,,,"10","FIXED_PRICE","CAD",17.0,,,17.0,"0","","","Sep-14-26 15:10:43 PDT","Oct-14-26 15:10:43 PDT","LEGO (R) Minifigures","263012","","","New","","","","","","CA","","",""
"147573776638",HUGE Vintage Toy Train Lot - Bachmann HO CN Thunderbolt + Goldlok Battery Set,,,"1","FIXED_PRICE","CAD",49.99,,,49.99,"0","1","0","Sep-14-26 18:23:28 PDT","Oct-14-26 18:23:28 PDT","Mixed Lots","165991","","","Used","","","","","","CA","","",""
"147505434829",BURAGO Ferrari 1:24 Diecast YOU PICK SF90 LaFerrari 488 Pista 458 Italia Bburago,You Pick=Ferrari SF90 STRADALE;Ferrari LaFerrari Aperta;Ferrari 488 Pista;Ferrari 458 Italia,BBURAGO-FERRARI-124,"4","FIXED_PRICE","CAD",26.0,,,26.0,"0","4","0","Aug-14-26 16:39:00 PDT","Oct-14-26 16:39:00 PDT","Contemporary Manufacture","180506","","","New","","","","","","CA","Does not apply","",""
"147505434829",BURAGO Ferrari 1:24 Diecast YOU PICK SF90 LaFerrari 488 Pista 458 Italia Bburago,You Pick=Ferrari SF90 STRADALE,Ferrari SF90 STRADALE,"1","FIXED_PRICE","CAD",26.0,,,,"0",,,"Aug-14-26 16:39:00 PDT","Oct-14-26 16:39:00 PDT","Contemporary Manufacture","180506","","","New",,,,,"","CA","Does not apply","",""
"147505434829",BURAGO Ferrari 1:24 Diecast YOU PICK SF90 LaFerrari 488 Pista 458 Italia Bburago,You Pick=Ferrari LaFerrari Aperta,Ferrari LaFerrari Aperta,"1","FIXED_PRICE","CAD",29.0,,,,"0",,,"Aug-14-26 16:39:00 PDT","Oct-14-26 16:39:00 PDT","Contemporary Manufacture","180506","","","New",,,,,"","CA","Does not apply","",""
"147505434829",BURAGO Ferrari 1:24 Diecast YOU PICK SF90 LaFerrari 488 Pista 458 Italia Bburago,You Pick=Ferrari 488 Pista,Ferrari 488 Pista,"1","FIXED_PRICE","CAD",27.0,,,,"0",,,"Aug-14-26 16:39:00 PDT","Oct-14-26 16:39:00 PDT","Contemporary Manufacture","180506","","","New",,,,,"","CA","Does not apply","",""
"147505434829",BURAGO Ferrari 1:24 Diecast YOU PICK SF90 LaFerrari 488 Pista 458 Italia Bburago,You Pick=Ferrari 458 Italia,Ferrari 458 Italia,"1","FIXED_PRICE","CAD",29.0,,,,"0",,,"Aug-14-26 16:39:00 PDT","Oct-14-26 16:39:00 PDT","Contemporary Manufacture","180506","","","New",,,,,"","CA","Does not apply","",""
"147575683559","Hasbro Star Wars R0-4LO Astromech Droid 7"" Action Figure Target Exclusive 1:6",,,"1","FIXED_PRICE","CAD",14.0,,,14.0,"0","","","Sep-15-26 14:44:31 PDT","Oct-15-26 14:44:31 PDT","Action Figures","261068","","","Used","","","","","","CA","Does not apply","",""
"147575683560",DC Young Justice Aqualad McDonald's Happy Meal Toy Action Figure 2011,,,"1","FIXED_PRICE","CAD",9.8,,,9.8,"0","","","Sep-15-26 14:44:31 PDT","Oct-15-26 14:44:31 PDT","Fast Food","767","","","Used","","","","","","CA","Does not apply","",""
"147575683561","ToyBiz Marvel Universe Thor 5"" Action Figure Vintage Loose Original Collectible",,,"1","FIXED_PRICE","CAD",15.0,,,15.0,"0","","","Sep-15-26 14:44:31 PDT","Oct-15-26 14:44:31 PDT","Action Figures","261068","","","Used","","","","","","CA","Does not apply","",""
"147575683562","DC Comics Batman Metal Tech 6"" Action Figure Fabric Cape Loose Collectible",,,"1","FIXED_PRICE","CAD",7.7,,,7.7,"0","","","Sep-15-26 14:44:31 PDT","Oct-15-26 14:44:31 PDT","Action Figures","261068","","","Used","","","","","","CA","","",""
"147575683563",Marvel Iron Man War Machine McDonald's Happy Meal Toy Action Figure 2011,,BATCH2-ITEM-04,"1","FIXED_PRICE","CAD",7.59,,,7.59,"0","","","Sep-15-26 14:44:31 PDT","Oct-15-26 14:44:31 PDT","Action Figures","261068","","","Used","","","","","","CA","Does not apply","",""
"147575683564",Papo Medieval Cannon Figurine 1999 Hard Plastic Accessory Retired Collectible,,,"1","FIXED_PRICE","CAD",13.3,,,13.3,"0","","","Sep-15-26 14:44:31 PDT","Oct-15-26 14:44:31 PDT","Action Figures","261068","","","Used","","","","","","CA","","",""
"147575683565",McDonald's Power Ranger RED Action Figure Happy Meal Toy 2009 Vintage,,BATCH2-ITEM-07,"1","FIXED_PRICE","CAD",1.9,,,1.9,"0","","","Sep-15-26 14:44:31 PDT","Oct-15-26 14:44:31 PDT","Action Figures","261068","","","Used","","","","","","CA","Does not apply","",""
"147575683566",Disney Minnie Mouse 5 Piece Figure Lot Set Collectible Mickey & Friends PVC Toy,,,"1","FIXED_PRICE","CAD",14.0,,,14.0,"0","","","Sep-15-26 14:44:31 PDT","Oct-15-26 14:44:31 PDT","Action Figures","261068","","","Used","","","","","","CA","0886144380822","",""
"147575683573",Mega Bloks Metal Ages Argentum Dragon 9848 Figure Retired Collectible,,,"1","FIXED_PRICE","CAD",15.2,,,15.2,"0","","","Sep-15-26 14:44:31 PDT","Oct-15-26 14:44:31 PDT","Building Toy Complete Sets & Packs","258040","","","Used","","","","","","CA","","",""
"147575803603",Hot Wheels Elite Series ’90 Acura NSX Building Toy JFT17 Mattel Brick Shop New,,,"1","FIXED_PRICE","CAD",95.0,,,95.0,"0","0","0","Sep-15-26 16:16:22 PDT","Oct-15-26 16:16:22 PDT","Building Toy Complete Sets & Packs","258040","","","New","","","","","","CA","194735304806","",""
"147575831072",DC Super Friends Chase Crystallized Superman Exclusive Retro Figure McFarlane,,,"1","FIXED_PRICE","CAD",38.0,,,38.0,"0","1","0","Sep-15-26 16:39:03 PDT","Oct-15-26 16:39:03 PDT","Action Figures","261068","","","New","","","","","","CA","787926178678","",""
"147575844389",GI Joe Classified Series Psych-Out Psych Out Night Force 215 Walmart Exclusive,,,"1","FIXED_PRICE","CAD",36.0,,,36.0,"0","1","0","Sep-15-26 16:49:15 PDT","Oct-15-26 16:49:15 PDT","Action Figures","261068","","","New","","","","","","CA","","",""
"147575868190",Gambit Marvel Legends Avengers Doomsday Action Figure PRESALE 01/10/2026,,,"10","FIXED_PRICE","CAD",32.0,,,32.0,"0","0","0","Sep-15-26 17:07:47 PDT","Oct-15-26 17:07:47 PDT","Action Figures","261068","","","New","","","","","","CA","5010996411457","",""
"147575885627","STAR WARS The Black Series Gaming Greats Clone Commando, Battlefront II Presale",,,"10","FIXED_PRICE","CAD",48.0,,,48.0,"0","1","0","Sep-15-26 17:14:52 PDT","Oct-15-26 17:14:52 PDT","Action Figures","261068","","","New","","","","","","CA","5010996411457","",""
"147575929164",BUY 3 GET 1 FREE Matchbox 2026 YOU PICK Mainline Collectors Movie Germany Add-On,Car Variation=Land Rover 6x6;Excavatrice;1975 Volkswagen T2B Bus;1968 Ford Mustang Fastback;1969 Chevrolet Camaro;2019 Ram Ambulance;Chevy Stock-Car Wentec 35 6/12;Matchbox The Movie 1971 Dodge Challenger RT 01/04;Toyota GR Supra 2025 Nitro Yellow;Toyota Land Cruiser 76 Grey #17;Lamborghini LM002 White 87/125;1969 Camaro SS 396 White 56/125;Toyota 4Runner Silver 57/125;Porsche 911 Rally 1985 Germany #03/12;Toyota RAV4 Off-Road Blue 1997;Jeep Willys Military Police 2009;Maserati MC12 2004 #14/20;Mazda Autozam AZ-1 1992 #15/20;BMW 318 Ti 1995 Black 79/125;Porsche 911 Rally 1985 MBX 73/125;MBX Showroom Push N Puller Blue 53/100;Chevy Corvette Z06 Convertible Orange 48/125;Volvo V60 Wagon White Superfast #5;Ford GT Yellow 2005 #93/125;Pierce Volterra EV Fire Truck 44/125;Vintage 1981 4x4 Chevy Van Macau;Toyota MR2 1984 #09/20;Toyota Lot of 3 Landcruiser RAV4 TRD RAV4;Germany #6 Mercedes-Benz GLE Coupe;Porsche 914 Red 1971 95/125;UPS Express Delivery Truck 68/125;McLaren F1 GT 1997 32/125 Green;Porsche 911 Targa Green Convertible 49/125;Toyota Tacoma Gray 43/125;Emergency Vehicle Lot Dodge Charger Blaze Buster II;VW Golf Country 1990 #02/20;Porsche 911 Carrera Cabriolet Gray 27/125;BMW i4 Police Fire Rescue 74/125;Audi RS6 Avant 2023 #13/20 White;Mazda RX-7 Spirit R 2002 45/125 Titanium Gray;Collectors Set of 2 Toyota MR2 VW Golf;Firestone Corvette C8 2020 #04/20;UPS Delivery Truck 98/125;Jurassic World Dino Catcher Truck;Germany Porsche Cayenne Turbo 11/12;Matchbox The Movie John Cena Lot 10;2023 Toyota GR Supra Yellow - Mainline 43-125;2023 Toyota GR Supra Grey - Mainline 121-125;2023 Toyota RAV4 TRD Dark Green - Mainline;2017 Toyota Land Cruiser 78 White Red - Mainline;1980 Jeep J10 Stepside Red - Mainline 34-125;1958 Chevrolet Corvette Light Blue - Mainline;Lamborghini LM002 White - Mainline 61-125;1985 Porsche 911 Rally Grey - Mainline;Porsche 918 Spyder Blue - Mainline 109-125;1969 Ford Mustang GT Green - The Movie 7-12;2024 Triumph Scrambler Black - The Movie 4-12;Land Rover Defender 110 Beige - The Movie 10-12;1968 Ford Mustang Fastback Green - Movie Collector 04-04;1969 Chevrolet Camaro Blue - Movie Collector;Land Rover 6x6 Beige - Movie Collector 03-04;1972 Datsun 240Z Rally Yellow 11 - Collector 07-20;Radical SR33 XXR Yellow 71/125;Ridge Raider II - Orange #23;2015 Ford F150 Contractor Truck Yellow #18;2023 - Toyota GR Supra Blue Metallic #15;MBX Germany - Mercedes Benz GLE COUPE #6 bentcorne;2025 - RAM 1500 REV Dark Red #27;MBX Collector - Mazda AUTOZAM Grey,MATCHBOX-2026-MEGA-YOUPICK,"68","FIXED_PRICE","CAD",2.99,,,2.99,"0","","","Sep-15-26 17:42:26 PDT","Oct-15-26 17:42:26 PDT","Contemporary Manufacture","180506","","","New","","","","","","CA","Does not apply","",""
"147575929164",BUY 3 GET 1 FREE Matchbox 2026 YOU PICK Mainline Collectors Movie Germany Add-On,Car Variation=Land Rover 6x6,Land Rover 6x6 - The Movie,"1","FIXED_PRICE","CAD",8.0,,,,"0",,,"Sep-15-26 17:42:26 PDT","Oct-15-26 17:42:26 PDT","Contemporary Manufacture","180506","","","New",,,,,"","CA","Does not apply","",""
"147575929164",BUY 3 GET 1 FREE Matchbox 2026 YOU PICK Mainline Collectors Movie Germany Add-On,Car Variation=Excavatrice,Excavatrice - The Movie,"1","FIXED_PRICE","CAD",8.0,,,,"0",,,"Sep-15-26 17:42:26 PDT","Oct-15-26 17:42:26 PDT","Contemporary Manufacture","180506","","","New",,,,,"","CA","Does not apply","",""
"147575929164",BUY 3 GET 1 FREE Matchbox 2026 YOU PICK Mainline Collectors Movie Germany Add-On,Car Variation=1975 Volkswagen T2B Bus,1975 Volkswagen T2B Bus - The Movie,"3","FIXED_PRICE","CAD",11.0,,,,"0",,,"Sep-15-26 17:42:26 PDT","Oct-15-26 17:42:26 PDT","Contemporary Manufacture","180506","","","New",,,,,"","CA","Does not apply","",""
"147575929164",BUY 3 GET 1 FREE Matchbox 2026 YOU PICK Mainline Collectors Movie Germany Add-On,Car Variation=1968 Ford Mustang Fastback,1968 Ford Mustang Fastback - The Movie,"1","FIXED_PRICE","CAD",7.0,,,,"0",,,"Sep-15-26 17:42:26 PDT","Oct-15-26 17:42:26 PDT","Contemporary Manufacture","180506","","","New",,,,,"","CA","Does not apply","",""
"147575929164",BUY 3 GET 1 FREE Matchbox 2026 YOU PICK Mainline Collectors Movie Germany Add-On,Car Variation=1969 Chevrolet Camaro,1969 Chevrolet Camaro - The Movie,"1","FIXED_PRICE","CAD",7.0,,,,"0",,,"Sep-15-26 17:42:26 PDT","Oct-15-26 17:42:26 PDT","Contemporary Manufacture","180506","","","New",,,,,"","CA","Does not apply","",""
"147575929164",BUY 3 GET 1 FREE Matchbox 2026 YOU PICK Mainline Collectors Movie Germany Add-On,Car Variation=2019 Ram Ambulance,2019 Ram Ambulance - The Movie,"1","FIXED_PRICE","CAD",7.0,,,,"0",,,"Sep-15-26 17:42:26 PDT","Oct-15-26 17:42:26 PDT","Contemporary Manufacture","180506","","","New",,,,,"","CA","Does not apply","",""
"147575929164",BUY 3 GET 1 FREE Matchbox 2026 YOU PICK Mainline Collectors Movie Germany Add-On,Car Variation=Chevy Stock-Car Wentec 35 6/12,Chevy Stock-Car Wentec 35 6/12,"1","FIXED_PRICE","CAD",7.0,,,,"0",,,"Sep-15-26 17:42:26 PDT","Oct-15-26 17:42:26 PDT","Contemporary Manufacture","180506","","","New",,,,,"","CA","Does not apply","",""
"147575929164",BUY 3 GET 1 FREE Matchbox 2026 YOU PICK Mainline Collectors Movie Germany Add-On,Car Variation=Matchbox The Movie 1971 Dodge Challenger RT 01/04,Collectors 1971 Dodge Challenger R/T 01/04,"1","FIXED_PRICE","CAD",15.0,,,,"0",,,"Sep-15-26 17:42:26 PDT","Oct-15-26 17:42:26 PDT","Contemporary Manufacture","180506","","","New",,,,,"","CA","Does not apply","",""
"147575929164",BUY 3 GET 1 FREE Matchbox 2026 YOU PICK Mainline Collectors Movie Germany Add-On,Car Variation=Toyota GR Supra 2025 Nitro Yellow,Toyota GR Supra 2025 Nitro Yellow,"1","FIXED_PRICE","CAD",4.99,,,,"0",,,"Sep-15-26 17:42:26 PDT","Oct-15-26 17:42:26 PDT","Contemporary Manufacture","180506","","","New",,,,,"","CA","Does not apply","",""
"147575929164",BUY 3 GET 1 FREE Matchbox 2026 YOU PICK Mainline Collectors Movie Germany Add-On,Car Variation=Toyota Land Cruiser 76 Grey #17,Toyota Land Cruiser 76 Grey #17,"0","FIXED_PRICE","CAD",3.99,,,,"0",,,"Sep-15-26 17:42:26 PDT","Oct-15-26 17:42:26 PDT","Contemporary Manufacture","180506","","","New",,,,,"","CA","Does not apply","",""
"147575929164",BUY 3 GET 1 FREE Matchbox 2026 YOU PICK Mainline Collectors Movie Germany Add-On,Car Variation=Lamborghini LM002 White 87/125,Lamborghini LM002 White 87/125,"1","FIXED_PRICE","CAD",6.99,,,,"0",,,"Sep-15-26 17:42:26 PDT","Oct-15-26 17:42:26 PDT","Contemporary Manufacture","180506","","","New",,,,,"","CA","Does not apply","",""
"147575929164",BUY 3 GET 1 FREE Matchbox 2026 YOU PICK Mainline Collectors Movie Germany Add-On,Car Variation=1969 Camaro SS 396 White 56/125,1969 Camaro SS 396 White 56/125,"1","FIXED_PRICE","CAD",3.99,,,,"0",,,"Sep-15-26 17:42:26 PDT","Oct-15-26 17:42:26 PDT","Contemporary Manufacture","180506","","","New",,,,,"","CA","Does not apply","",""
"147575929164",BUY 3 GET 1 FREE Matchbox 2026 YOU PICK Mainline Collectors Movie Germany Add-On,Car Variation=Toyota 4Runner Silver 57/125,Toyota 4Runner Silver 57/125,"1","FIXED_PRICE","CAD",3.99,,,,"0",,,"Sep-15-26 17:42:26 PDT","Oct-15-26 17:42:26 PDT","Contemporary Manufacture","180506","","","New",,,,,"","CA","Does not apply","",""
"147575929164",BUY 3 GET 1 FREE Matchbox 2026 YOU PICK Mainline Collectors Movie Germany Add-On,Car Variation=Porsche 911 Rally 1985 Germany #03/12,Porsche 911 Rally 1985 Germany #03/12,"1","FIXED_PRICE","CAD",22.0,,,,"0",,,"Sep-15-26 17:42:26 PDT","Oct-15-26 17:42:26 PDT","Contemporary Manufacture","180506","","","New",,,,,"","CA","Does not apply","",""
"147575929164",BUY 3 GET 1 FREE Matchbox 2026 YOU PICK Mainline Collectors Movie Germany Add-On,Car Variation=Toyota RAV4 Off-Road Blue 1997,Toyota RAV4 Off-Road Blue 1997,"1","FIXED_PRICE","CAD",2.99,,,,"0",,,"Sep-15-26 17:42:26 PDT","Oct-15-26 17:42:26 PDT","Contemporary Manufacture","180506","","","New",,,,,"","CA","Does not apply","",""
"147575929164",BUY 3 GET 1 FREE Matchbox 2026 YOU PICK Mainline Collectors Movie Germany Add-On,Car Variation=Jeep Willys Military Police 2009,Jeep Willys Military Police 2009 Vintage Loose,"1","FIXED_PRICE","CAD",4.0,,,,"0",,,"Sep-15-26 17:42:26 PDT","Oct-15-26 17:42:26 PDT","Contemporary Manufacture","180506","","","New",,,,,"","CA","Does not apply","",""
"147575929164",BUY 3 GET 1 FREE Matchbox 2026 YOU PICK Mainline Collectors Movie Germany Add-On,Car Variation=Maserati MC12 2004 #14/20,MBX Collector Volksvagan Golf MK2 -red,"0","FIXED_PRICE","CAD",16.49,,,,"0",,,"Sep-15-26 17:42:26 PDT","Oct-15-26 17:42:26 PDT","Contemporary Manufacture","180506","","","New",,,,,"","CA","Does not apply","",""
"147575929164",BUY 3 GET 1 FREE Matchbox 2026 YOU PICK Mainline Collectors Movie Germany Add-On,Car Variation=Mazda Autozam AZ-1 1992 #15/20,Mazda Autozam AZ-1 1992 #15/20,"0","FIXED_PRICE","CAD",16.99,,,,"0",,,"Sep-15-26 17:42:26 PDT","Oct-15-26 17:42:26 PDT","Contemporary Manufacture","180506","","","New",,,,,"","CA","Does not apply","",""
"147575929164",BUY 3 GET 1 FREE Matchbox 2026 YOU PICK Mainline Collectors Movie Germany Add-On,Car Variation=BMW 318 Ti 1995 Black 79/125,BMW 318 Ti 1995 Black 79/125,"1","FIXED_PRICE","CAD",3.99,,,,"0",,,"Sep-15-26 17:42:26 PDT","Oct-15-26 17:42:26 PDT","Contemporary Manufacture","180506","","","New",,,,,"","CA","Does not apply","",""
"147575929164",BUY 3 GET 1 FREE Matchbox 2026 YOU PICK Mainline Collectors Movie Germany Add-On,Car Variation=Porsche 911 Rally 1985 MBX 73/125,Porsche 911 Rally 1985 MBX 73/125,"1","FIXED_PRICE","CAD",6.99,,,,"0",,,"Sep-15-26 17:42:26 PDT","Oct-15-26 17:42:26 PDT","Contemporary Manufacture","180506","","","New",,,,,"","CA","Does not apply","",""
"147575929164",BUY 3 GET 1 FREE Matchbox 2026 YOU PICK Mainline Collectors Movie Germany Add-On,Car Variation=MBX Showroom Push N Puller Blue 53/100,MBX Showroom Push N Puller Blue 53/100,"1","FIXED_PRICE","CAD",3.5,,,,"0",,,"Sep-15-26 17:42:26 PDT","Oct-15-26 17:42:26 PDT","Contemporary Manufacture","180506","","","New",,,,,"","CA","Does not apply","",""
"147575929164",BUY 3 GET 1 FREE Matchbox 2026 YOU PICK Mainline Collectors Movie Germany Add-On,Car Variation=Chevy Corvette Z06 Convertible Orange 48/125,Chevy Corvette Z06 Convertible Orange 48/125,"1","FIXED_PRICE","CAD",5.99,,,,"0",,,"Sep-15-26 17:42:26 PDT","Oct-15-26 17:42:26 PDT","Contemporary Manufacture","180506","","","New",,,,,"","CA","Does not apply","",""
"147575929164",BUY 3 GET 1 FREE Matchbox 2026 YOU PICK Mainline Collectors Movie Germany Add-On,Car Variation=Volvo V60 Wagon White Superfast #5,Volvo V60 Wagon White Superfast #5,"1","FIXED_PRICE","CAD",13.99,,,,"0",,,"Sep-15-26 17:42:26 PDT","Oct-15-26 17:42:26 PDT","Contemporary Manufacture","180506","","","New",,,,,"","CA","Does not apply","",""
"147575929164",BUY 3 GET 1 FREE Matchbox 2026 YOU PICK Mainline Collectors Movie Germany Add-On,Car Variation=Ford GT Yellow 2005 #93/125,Ford GT Yellow 2005 #93/125,"1","FIXED_PRICE","CAD",4.99,,,,"0",,,"Sep-15-26 17:42:26 PDT","Oct-15-26 17:42:26 PDT","Contemporary Manufacture","180506","","","New",,,,,"","CA","Does not apply","",""
"147575929164",BUY 3 GET 1 FREE Matchbox 2026 YOU PICK Mainline Collectors Movie Germany Add-On,Car Variation=Pierce Volterra EV Fire Truck 44/125,Pierce Volterra EV Fire Truck 44/125,"2","FIXED_PRICE","CAD",4.99,,,,"0",,,"Sep-15-26 17:42:26 PDT","Oct-15-26 17:42:26 PDT","Contemporary Manufacture","180506","","","New",,,,,"","CA","Does not apply","",""
"147575929164",BUY 3 GET 1 FREE Matchbox 2026 YOU PICK Mainline Collectors Movie Germany Add-On,Car Variation=Vintage 1981 4x4 Chevy Van Macau,Vintage 1981 4x4 Chevy Van Macau,"1","FIXED_PRICE","CAD",8.0,,,,"0",,,"Sep-15-26 17:42:26 PDT","Oct-15-26 17:42:26 PDT","Contemporary Manufacture","180506","","","New",,,,,"","CA","Does not apply","",""
"147575929164",BUY 3 GET 1 FREE Matchbox 2026 YOU PICK Mainline Collectors Movie Germany Add-On,Car Variation=Toyota MR2 1984 #09/20,Toyota MR2 1984 #09/20,"1","FIXED_PRICE","CAD",17.8,,,,"0",,,"Sep-15-26 17:42:26 PDT","Oct-15-26 17:42:26 PDT","Contemporary Manufacture","180506","","","New",,,,,"","CA","Does not apply","",""
"147575929164",BUY 3 GET 1 FREE Matchbox 2026 YOU PICK Mainline Collectors Movie Germany Add-On,Car Variation=Toyota Lot of 3 Landcruiser RAV4 TRD RAV4,Toyota Lot of 3 Landcruiser RAV4 TRD RAV4,"1","FIXED_PRICE","CAD",12.99,,,,"0",,,"Sep-15-26 17:42:26 PDT","Oct-15-26 17:42:26 PDT","Contemporary Manufacture","180506","","","New",,,,,"","CA","Does not apply","",""
"147575929164",BUY 3 GET 1 FREE Matchbox 2026 YOU PICK Mainline Collectors Movie Germany Add-On,Car Variation=Germany #6 Mercedes-Benz GLE Coupe,Germany #6 Mercedes-Benz GLE Coupe,"1","FIXED_PRICE","CAD",9.0,,,,"0",,,"Sep-15-26 17:42:26 PDT","Oct-15-26 17:42:26 PDT","Contemporary Manufacture","180506","","","New",,,,,"","CA","Does not apply","",""
"147575929164",BUY 3 GET 1 FREE Matchbox 2026 YOU PICK Mainline Collectors Movie Germany Add-On,Car Variation=Porsche 914 Red 1971 95/125,Porsche 914 Red 1971 95/125,"1","FIXED_PRICE","CAD",6.2,,,,"0",,,"Sep-15-26 17:42:26 PDT","Oct-15-26 17:42:26 PDT","Contemporary Manufacture","180506","","","New",,,,,"","CA","Does not apply","",""
"147575929164",BUY 3 GET 1 FREE Matchbox 2026 YOU PICK Mainline Collectors Movie Germany Add-On,Car Variation=UPS Express Delivery Truck 68/125,UPS Express Delivery Truck 68/125 2025,"1","FIXED_PRICE","CAD",32.0,,,,"0",,,"Sep-15-26 17:42:26 PDT","Oct-15-26 17:42:26 PDT","Contemporary Manufacture","180506","","","New",,,,,"","CA","Does not apply","",""
"147575929164",BUY 3 GET 1 FREE Matchbox 2026 YOU PICK Mainline Collectors Movie Germany Add-On,Car Variation=McLaren F1 GT 1997 32/125 Green,McLaren F1 GT 1997 32/125 Green,"1","FIXED_PRICE","CAD",7.05,,,,"0",,,"Sep-15-26 17:42:26 PDT","Oct-15-26 17:42:26 PDT","Contemporary Manufacture","180506","","","New",,,,,"","CA","Does not apply","",""
"147575929164",BUY 3 GET 1 FREE Matchbox 2026 YOU PICK Mainline Collectors Movie Germany Add-On,Car Variation=Porsche 911 Targa Green Convertible 49/125,Porsche 911 Targa Green Convertible 49/125,"1","FIXED_PRICE","CAD",6.25,,,,"0",,,"Sep-15-26 17:42:26 PDT","Oct-15-26 17:42:26 PDT","Contemporary Manufacture","180506","","","New",,,,,"","CA","Does not apply","",""
"147575929164",BUY 3 GET 1 FREE Matchbox 2026 YOU PICK Mainline Collectors Movie Germany Add-On,Car Variation=Toyota Tacoma Gray 43/125,Toyota Tacoma Gray 43/125,"1","FIXED_PRICE","CAD",7.5,,,,"0",,,"Sep-15-26 17:42:26 PDT","Oct-15-26 17:42:26 PDT","Contemporary Manufacture","180506","","","New",,,,,"","CA","Does not apply","",""
"147575929164",BUY 3 GET 1 FREE Matchbox 2026 YOU PICK Mainline Collectors Movie Germany Add-On,Car Variation=Emergency Vehicle Lot Dodge Charger Blaze Buster II,Blaze Buster II white,"1","FIXED_PRICE","CAD",9.0,,,,"0",,,"Sep-15-26 17:42:26 PDT","Oct-15-26 17:42:26 PDT","Contemporary Manufacture","180506","","","New",,,,,"","CA","Does not apply","",""
"147575929164",BUY 3 GET 1 FREE Matchbox 2026 YOU PICK Mainline Collectors Movie Germany Add-On,Car Variation=VW Golf Country 1990 #02/20,VW Golf Country 1990 #02/20,"1","FIXED_PRICE","CAD",13.99,,,,"0",,,"Sep-15-26 17:42:26 PDT","Oct-15-26 17:42:26 PDT","Contemporary Manufacture","180506","","","New",,,,,"","CA","Does not apply","",""
"147575929164",BUY 3 GET 1 FREE Matchbox 2026 YOU PICK Mainline Collectors Movie Germany Add-On,Car Variation=Porsche 911 Carrera Cabriolet Gray 27/125,Porsche 911 Carrera Cabriolet Gray 27/125,"1","FIXED_PRICE","CAD",4.98,,,,"0",,,"Sep-15-26 17:42:26 PDT","Oct-15-26 17:42:26 PDT","Contemporary Manufacture","180506","","","New",,,,,"","CA","Does not apply","",""
"147575929164",BUY 3 GET 1 FREE Matchbox 2026 YOU PICK Mainline Collectors Movie Germany Add-On,Car Variation=BMW i4 Police Fire Rescue 74/125,BMW i4 Police Fire Rescue 74/125,"1","FIXED_PRICE","CAD",6.65,,,,"0",,,"Sep-15-26 17:42:26 PDT","Oct-15-26 17:42:26 PDT","Contemporary Manufacture","180506","","","New",,,,,"","CA","Does not apply","",""
"147575929164",BUY 3 GET 1 FREE Matchbox 2026 YOU PICK Mainline Collectors Movie Germany Add-On,Car Variation=Audi RS6 Avant 2023 #13/20 White,Audi RS6 Avant 2023 #13/20 White,"1","FIXED_PRICE","CAD",16.49,,,,"0",,,"Sep-15-26 17:42:26 PDT","Oct-15-26 17:42:26 PDT","Contemporary Manufacture","180506","","","New",,,,,"","CA","Does not apply","",""
"147575929164",BUY 3 GET 1 FREE Matchbox 2026 YOU PICK Mainline Collectors Movie Germany Add-On,Car Variation=Mazda RX-7 Spirit R 2002 45/125 Titanium Gray,Mazda RX-7 Spirit R 2002 45/125 Titanium Gray,"2","FIXED_PRICE","CAD",8.99,,,,"0",,,"Sep-15-26 17:42:26 PDT","Oct-15-26 17:42:26 PDT","Contemporary Manufacture","180506","","","New",,,,,"","CA","Does not apply","",""
"147575929164",BUY 3 GET 1 FREE Matchbox 2026 YOU PICK Mainline Collectors Movie Germany Add-On,Car Variation=Collectors Set of 2 Toyota MR2 VW Golf,MBX Collector RED Toyota MR2,"1","FIXED_PRICE","CAD",35.0,,,,"0",,,"Sep-15-26 17:42:26 PDT","Oct-15-26 17:42:26 PDT","Contemporary Manufacture","180506","","","New",,,,,"","CA","Does not apply","",""
"147575929164",BUY 3 GET 1 FREE Matchbox 2026 YOU PICK Mainline Collectors Movie Germany Add-On,Car Variation=Firestone Corvette C8 2020 #04/20,Firestone Corvette C8 2020 #04/20,"1","FIXED_PRICE","CAD",17.0,,,,"0",,,"Sep-15-26 17:42:26 PDT","Oct-15-26 17:42:26 PDT","Contemporary Manufacture","180506","","","New",,,,,"","CA","Does not apply","",""
"147575929164",BUY 3 GET 1 FREE Matchbox 2026 YOU PICK Mainline Collectors Movie Germany Add-On,Car Variation=UPS Delivery Truck 98/125,UPS Delivery Truck 98/125,"2","FIXED_PRICE","CAD",11.5,,,,"0",,,"Sep-15-26 17:42:26 PDT","Oct-15-26 17:42:26 PDT","Contemporary Manufacture","180506","","","New",,,,,"","CA","Does not apply","",""
"147575929164",BUY 3 GET 1 FREE Matchbox 2026 YOU PICK Mainline Collectors Movie Germany Add-On,Car Variation=Germany Porsche Cayenne Turbo 11/12,Germany Porsche Cayenne Turbo 11/12,"1","FIXED_PRICE","CAD",19.99,,,,"0",,,"Sep-15-26 17:42:26 PDT","Oct-15-26 17:42:26 PDT","Contemporary Manufacture","180506","","","New",,,,,"","CA","Does not apply","",""
"147575929164",BUY 3 GET 1 FREE Matchbox 2026 YOU PICK Mainline Collectors Movie Germany Add-On,Car Variation=2023 Toyota GR Supra Yellow - Mainline 43-125,2023 Toyota GR Supra Yellow - Mainline 43-125,"1","FIXED_PRICE","CAD",4.27,,,,"0",,,"Sep-15-26 17:42:26 PDT","Oct-15-26 17:42:26 PDT","Contemporary Manufacture","180506","","","New",,,,,"","CA","Does not apply","",""
"147575929164",BUY 3 GET 1 FREE Matchbox 2026 YOU PICK Mainline Collectors Movie Germany Add-On,Car Variation=2023 Toyota GR Supra Grey - Mainline 121-125,2023 Toyota GR Supra Grey - Mainline 121-125,"1","FIXED_PRICE","CAD",4.27,,,,"0",,,"Sep-15-26 17:42:26 PDT","Oct-15-26 17:42:26 PDT","Contemporary Manufacture","180506","","","New",,,,,"","CA","Does not apply","",""
"147575929164",BUY 3 GET 1 FREE Matchbox 2026 YOU PICK Mainline Collectors Movie Germany Add-On,Car Variation=2023 Toyota RAV4 TRD Dark Green - Mainline,2023 Toyota RAV4 TRD Dark Green - Mainline,"1","FIXED_PRICE","CAD",3.51,,,,"0",,,"Sep-15-26 17:42:26 PDT","Oct-15-26 17:42:26 PDT","Contemporary Manufacture","180506","","","New",,,,,"","CA","Does not apply","",""
"147575929164",BUY 3 GET 1 FREE Matchbox 2026 YOU PICK Mainline Collectors Movie Germany Add-On,Car Variation=2017 Toyota Land Cruiser 78 White Red - Mainline,2017 Toyota Land Cruiser 78 White Red - Mainline,"1","FIXED_PRICE","CAD",4.27,,,,"0",,,"Sep-15-26 17:42:26 PDT","Oct-15-26 17:42:26 PDT","Contemporary Manufacture","180506","","","New",,,,,"","CA","Does not apply","",""
"147575929164",BUY 3 GET 1 FREE Matchbox 2026 YOU PICK Mainline Collectors Movie Germany Add-On,Car Variation=1980 Jeep J10 Stepside Red - Mainline 34-125,1980 Jeep J10 Stepside Red - Mainline 34-125,"1","FIXED_PRICE","CAD",4.27,,,,"0",,,"Sep-15-26 17:42:26 PDT","Oct-15-26 17:42:26 PDT","Contemporary Manufacture","180506","","","New",,,,,"","CA","Does not apply","",""
"147575929164",BUY 3 GET 1 FREE Matchbox 2026 YOU PICK Mainline Collectors Movie Germany Add-On,Car Variation=1958 Chevrolet Corvette Light Blue - Mainline,1958 Chevrolet Corvette Light Blue - Mainline,"1","FIXED_PRICE","CAD",4.27,,,,"0",,,"Sep-15-26 17:42:26 PDT","Oct-15-26 17:42:26 PDT","Contemporary Manufacture","180506","","","New",,,,,"","CA","Does not apply","",""
"147575929164",BUY 3 GET 1 FREE Matchbox 2026 YOU PICK Mainline Collectors Movie Germany Add-On,Car Variation=1985 Porsche 911 Rally Grey - Mainline,1985 Porsche 911 Rally Grey - Mainline,"1","FIXED_PRICE","CAD",4.27,,,,"0",,,"Sep-15-26 17:42:26 PDT","Oct-15-26 17:42:26 PDT","Contemporary Manufacture","180506","","","New",,,,,"","CA","Does not apply","",""
"147575929164",BUY 3 GET 1 FREE Matchbox 2026 YOU PICK Mainline Collectors Movie Germany Add-On,Car Variation=Porsche 918 Spyder Blue - Mainline 109-125,Porsche 918 Spyder Blue - Mainline 109-125,"1","FIXED_PRICE","CAD",5.69,,,,"0",,,"Sep-15-26 17:42:26 PDT","Oct-15-26 17:42:26 PDT","Contemporary Manufacture","180506","","","New",,,,,"","CA","Does not apply","",""
"147575929164",BUY 3 GET 1 FREE Matchbox 2026 YOU PICK Mainline Collectors Movie Germany Add-On,Car Variation=1969 Ford Mustang GT Green - The Movie 7-12,1969 Ford Mustang GT Green - The Movie 7-12,"1","FIXED_PRICE","CAD",9.02,,,,"0",,,"Sep-15-26 17:42:26 PDT","Oct-15-26 17:42:26 PDT","Contemporary Manufacture","180506","","","New",,,,,"","CA","Does not apply","",""
"147575929164",BUY 3 GET 1 FREE Matchbox 2026 YOU PICK Mainline Collectors Movie Germany Add-On,Car Variation=2024 Triumph Scrambler Black - The Movie 4-12,2024 Triumph Scrambler Black - The Movie 4-12,"1","FIXED_PRICE","CAD",8.54,,,,"0",,,"Sep-15-26 17:42:26 PDT","Oct-15-26 17:42:26 PDT","Contemporary Manufacture","180506","","","New",,,,,"","CA","Does not apply","",""
"147575929164",BUY 3 GET 1 FREE Matchbox 2026 YOU PICK Mainline Collectors Movie Germany Add-On,Car Variation=Land Rover Defender 110 Beige - The Movie 10-12,Land Rover Defender MBX COLLECTOR 110 Beige - The Movie 10-12,"1","FIXED_PRICE","CAD",8.54,,,,"0",,,"Sep-15-26 17:42:26 PDT","Oct-15-26 17:42:26 PDT","Contemporary Manufacture","180506","","","New",,,,,"","CA","Does not apply","",""
"147575929164",BUY 3 GET 1 FREE Matchbox 2026 YOU PICK Mainline Collectors Movie Germany Add-On,Car Variation=1968 Ford Mustang Fastback Green - Movie Collector 04-04,MBX COLLECTOR 1968 Ford Mustang Fastback Green - Movie Collector 04-04,"1","FIXED_PRICE","CAD",19.94,,,,"0",,,"Sep-15-26 17:42:26 PDT","Oct-15-26 17:42:26 PDT","Contemporary Manufacture","180506","","","New",,,,,"","CA","Does not apply","",""
"147575929164",BUY 3 GET 1 FREE Matchbox 2026 YOU PICK Mainline Collectors Movie Germany Add-On,Car Variation=1969 Chevrolet Camaro Blue - Movie Collector,MBX COLLECTOR 1969 Chevrolet Camaro Blue - Movie Collector,"1","FIXED_PRICE","CAD",19.94,,,,"0",,,"Sep-15-26 17:42:26 PDT","Oct-15-26 17:42:26 PDT","Contemporary Manufacture","180506","","","New",,,,,"","CA","Does not apply","",""
"147575929164",BUY 3 GET 1 FREE Matchbox 2026 YOU PICK Mainline Collectors Movie Germany Add-On,Car Variation=Land Rover 6x6 Beige - Movie Collector 03-04,MBX COLLECTOR Land Rover 6x6 Beige - Movie Collector 03-04,"1","FIXED_PRICE","CAD",18.99,,,,"0",,,"Sep-15-26 17:42:26 PDT","Oct-15-26 17:42:26 PDT","Contemporary Manufacture","180506","","","New",,,,,"","CA","Does not apply","",""
"147575929164",BUY 3 GET 1 FREE Matchbox 2026 YOU PICK Mainline Collectors Movie Germany Add-On,Car Variation=1972 Datsun 240Z Rally Yellow 11 - Collector 07-20,MBX COLLECTOR 1972 Datsun 240Z Rally Yellow 11 - Collector 07-20,"1","FIXED_PRICE","CAD",14.72,,,,"0",,,"Sep-15-26 17:42:26 PDT","Oct-15-26 17:42:26 PDT","Contemporary Manufacture","180506","","","New",,,,,"","CA","Does not apply","",""
"147575929164",BUY 3 GET 1 FREE Matchbox 2026 YOU PICK Mainline Collectors Movie Germany Add-On,Car Variation=Radical SR33 XXR Yellow 71/125,UPS DELIVERY TRUCK 2026,"1","FIXED_PRICE","CAD",4.27,,,,"0",,,"Sep-15-26 17:42:26 PDT","Oct-15-26 17:42:26 PDT","Contemporary Manufacture","180506","","","New",,,,,"","CA","Does not apply","",""
"147575929164",BUY 3 GET 1 FREE Matchbox 2026 YOU PICK Mainline Collectors Movie Germany Add-On,Car Variation=Lamborghini LM002 White - Mainline 61-125,Lamborghini LM002 White - Mainline 61-125,"0","FIXED_PRICE","CAD",6.0,,,,"0",,,"Sep-15-26 17:42:26 PDT","Oct-15-26 17:42:26 PDT","Contemporary Manufacture","180506","","","New",,,,,"","CA","Does not apply","",""
"147575929164",BUY 3 GET 1 FREE Matchbox 2026 YOU PICK Mainline Collectors Movie Germany Add-On,Car Variation=Ridge Raider II - Orange #23,Ridge Raider II - Orange #23,"1","FIXED_PRICE","CAD",4.99,,,,"0",,,"Sep-15-26 17:42:26 PDT","Oct-15-26 17:42:26 PDT","Contemporary Manufacture","180506","","","New",,,,,"","CA","Does not apply","",""
"147575929164",BUY 3 GET 1 FREE Matchbox 2026 YOU PICK Mainline Collectors Movie Germany Add-On,Car Variation=2015 Ford F150 Contractor Truck Yellow #18,2015 Ford F150 Contractor Truck Yellow #18,"1","FIXED_PRICE","CAD",5.99,,,,"0",,,"Sep-15-26 17:42:26 PDT","Oct-15-26 17:42:26 PDT","Contemporary Manufacture","180506","","","New",,,,,"","CA","Does not apply","",""
"147575929164",BUY 3 GET 1 FREE Matchbox 2026 YOU PICK Mainline Collectors Movie Germany Add-On,Car Variation=2023 - Toyota GR Supra Blue Metallic #15,2023 - Toyota GR Supra Blue Metallic #15,"1","FIXED_PRICE","CAD",5.99,,,,"0",,,"Sep-15-26 17:42:26 PDT","Oct-15-26 17:42:26 PDT","Contemporary Manufacture","180506","","","New",,,,,"","CA","Does not apply","",""
"147575929164",BUY 3 GET 1 FREE Matchbox 2026 YOU PICK Mainline Collectors Movie Germany Add-On,Car Variation=MBX Germany - Mercedes Benz GLE COUPE #6 bentcorne,MBX Germany - Mercedes Benz GLE COUPE #6 bentcorne,"1","FIXED_PRICE","CAD",9.99,,,,"0",,,"Sep-15-26 17:42:26 PDT","Oct-15-26 17:42:26 PDT","Contemporary Manufacture","180506","","","New",,,,,"","CA","Does not apply","",""
"147575929164",BUY 3 GET 1 FREE Matchbox 2026 YOU PICK Mainline Collectors Movie Germany Add-On,Car Variation=2025 - RAM 1500 REV Dark Red #27,2025 - RAM 1500 REV Dark Red #27,"1","FIXED_PRICE","CAD",5.99,,,,"0",,,"Sep-15-26 17:42:26 PDT","Oct-15-26 17:42:26 PDT","Contemporary Manufacture","180506","","","New",,,,,"","CA","Does not apply","",""
"147575929164",BUY 3 GET 1 FREE Matchbox 2026 YOU PICK Mainline Collectors Movie Germany Add-On,Car Variation=MBX Collector - Mazda AUTOZAM Grey,MBX Collector - Mazda AUTOZAM Grey,"1","FIXED_PRICE","CAD",17.0,,,,"0",,,"Sep-15-26 17:42:26 PDT","Oct-15-26 17:42:26 PDT","Contemporary Manufacture","180506","","","New",,,,,"","CA","Does not apply","",""
"147577323219",Beyblade x Valor Bison FB New In Box Hasbro TAKARA TOMY,,,"10","FIXED_PRICE","CAD",32.0,,,32.0,"0","1","0","Sep-16-26 06:56:51 PDT","Oct-16-26 06:56:51 PDT","Action Figures","261068","","","New","","","","","","CA","","",""
"147577324777",(USA) Beyblade X Starter Pack - Suppress Superion 0-70LP With Launcher,,,"3","FIXED_PRICE","CAD",84.0,,,84.0,"2","18","0","Sep-16-26 06:58:26 PDT","Oct-16-26 06:58:26 PDT","Action Figures","261068","","","New","","","","","","CA","","",""
"147577968300",Hot Wheels Silver Series 1968 Vintage Club Set of 5 PORSCHE HONDA BMW ALFA FORD,,,"1","FIXED_PRICE","CAD",41.99,,,41.99,"0","1","0","Sep-16-26 11:57:11 PDT","Oct-16-26 11:57:11 PDT","Contemporary Manufacture","180506","","","New","","","","","","CA","Does not apply","",""
"147577978589",2026 Hot Wheels Silver Series Exotics - Complete SET OF 5 Cars In Stock,,,"1","FIXED_PRICE","CAD",45.99,,,45.99,"0","1","0","Sep-16-26 12:03:33 PDT","Oct-16-26 12:03:33 PDT","Contemporary Manufacture","180506","","","New","","","","","","CA","Does not apply","",""
"147578116578",Hot Wheels Silver Series U PICK Exotics Vintage Club Fast Furious Zamac COMBINE,Car Variation=Honda Civic Zamac - Fast & Furious 1/5;Dodge Charger Zamac - Fast & Furious 2/5;Mitsubishi Eclipse Zamac - Fast & Furious 3/5;Mazda RX-7 Zamac - Fast & Furious 4/5;Toyota Supra Zamac - Fast & Furious 5/5;Ferrari LaFerrari Yellow - Exotics 5/5;Lamborghini Veneno Gray - Exotics 4/5;McLaren Elva Orange - Exotics 3/5;Czinger 21C Green - Exotics 2/5;Pagani Utopia Red - Exotics 1/5;BMW 507 Black - Vintage Club 1/5;Custom 70 Honda N600 Orange - Vintage Club 2/5;Alfa Romeo GTV6 White - Vintage Club 3/5;65 Ford Galaxie Red - Vintage Club 4/5;Porsche 356 Outlaw Blue - Vintage Club 5/5,HW-SILVERSERIES-YOUPICK,"20","FIXED_PRICE","CAD",5.99,,,5.99,"6","3","0","Sep-16-26 12:58:26 PDT","Oct-16-26 12:58:26 PDT","Contemporary Manufacture","180506","","","New","","","","","","CA","Does not apply","",""
"147578116578",Hot Wheels Silver Series U PICK Exotics Vintage Club Fast Furious Zamac COMBINE,Car Variation=Honda Civic Zamac - Fast & Furious 1/5,Honda Civic Zamac - Fast & Furious 1/5,"2","FIXED_PRICE","CAD",6.0,,,,"0",,,"Sep-16-26 12:58:26 PDT","Oct-16-26 12:58:26 PDT","Contemporary Manufacture","180506","","","New",,,,,"","CA","Does not apply","",""
"147578116578",Hot Wheels Silver Series U PICK Exotics Vintage Club Fast Furious Zamac COMBINE,Car Variation=Dodge Charger Zamac - Fast & Furious 2/5,Dodge Charger Zamac - Fast & Furious 2/5,"2","FIXED_PRICE","CAD",5.99,,,,"0",,,"Sep-16-26 12:58:26 PDT","Oct-16-26 12:58:26 PDT","Contemporary Manufacture","180506","","","New",,,,,"","CA","Does not apply","",""
"147578116578",Hot Wheels Silver Series U PICK Exotics Vintage Club Fast Furious Zamac COMBINE,Car Variation=Mitsubishi Eclipse Zamac - Fast & Furious 3/5,Mitsubishi Eclipse Zamac - Fast & Furious 3/5,"1","FIXED_PRICE","CAD",7.0,,,,"0",,,"Sep-16-26 12:58:26 PDT","Oct-16-26 12:58:26 PDT","Contemporary Manufacture","180506","","","New",,,,,"","CA","Does not apply","",""
"147578116578",Hot Wheels Silver Series U PICK Exotics Vintage Club Fast Furious Zamac COMBINE,Car Variation=Mazda RX-7 Zamac - Fast & Furious 4/5,Mazda RX-7 Zamac - Fast & Furious 4/5,"1","FIXED_PRICE","CAD",5.99,,,,"0",,,"Sep-16-26 12:58:26 PDT","Oct-16-26 12:58:26 PDT","Contemporary Manufacture","180506","","","New",,,,,"","CA","Does not apply","",""
"147578116578",Hot Wheels Silver Series U PICK Exotics Vintage Club Fast Furious Zamac COMBINE,Car Variation=Toyota Supra Zamac - Fast & Furious 5/5,Toyota Supra Zamac - Fast & Furious 5/5,"3","FIXED_PRICE","CAD",8.0,,,,"2",,,"Sep-16-26 12:58:26 PDT","Oct-16-26 12:58:26 PDT","Contemporary Manufacture","180506","","","New",,,,,"","CA","Does not apply","",""
"147578116578",Hot Wheels Silver Series U PICK Exotics Vintage Club Fast Furious Zamac COMBINE,Car Variation=Ferrari LaFerrari Yellow - Exotics 5/5,Ferrari LaFerrari Yellow - Exotics 5/5,"0","FIXED_PRICE","CAD",10.99,,,,"3",,,"Sep-16-26 12:58:26 PDT","Oct-16-26 12:58:26 PDT","Contemporary Manufacture","180506","","","New",,,,,"","CA","Does not apply","",""
"147578116578",Hot Wheels Silver Series U PICK Exotics Vintage Club Fast Furious Zamac COMBINE,Car Variation=Lamborghini Veneno Gray - Exotics 4/5,Lamborghini Veneno Gray - Exotics 4/5,"1","FIXED_PRICE","CAD",10.0,,,,"1",,,"Sep-16-26 12:58:26 PDT","Oct-16-26 12:58:26 PDT","Contemporary Manufacture","180506","","","New",,,,,"","CA","Does not apply","",""
"147578116578",Hot Wheels Silver Series U PICK Exotics Vintage Club Fast Furious Zamac COMBINE,Car Variation=McLaren Elva Orange - Exotics 3/5,McLaren Elva Orange - Exotics 3/5,"1","FIXED_PRICE","CAD",8.79,,,,"0",,,"Sep-16-26 12:58:26 PDT","Oct-16-26 12:58:26 PDT","Contemporary Manufacture","180506","","","New",,,,,"","CA","Does not apply","",""
"147578116578",Hot Wheels Silver Series U PICK Exotics Vintage Club Fast Furious Zamac COMBINE,Car Variation=Czinger 21C Green - Exotics 2/5,Czinger 21C Green - Exotics 2/5,"1","FIXED_PRICE","CAD",7.0,,,,"0",,,"Sep-16-26 12:58:26 PDT","Oct-16-26 12:58:26 PDT","Contemporary Manufacture","180506","","","New",,,,,"","CA","Does not apply","",""
"147578116578",Hot Wheels Silver Series U PICK Exotics Vintage Club Fast Furious Zamac COMBINE,Car Variation=Pagani Utopia Red - Exotics 1/5,Pagani Utopia Red - Exotics 1/5,"1","FIXED_PRICE","CAD",8.79,,,,"0",,,"Sep-16-26 12:58:26 PDT","Oct-16-26 12:58:26 PDT","Contemporary Manufacture","180506","","","New",,,,,"","CA","Does not apply","",""
"147578116578",Hot Wheels Silver Series U PICK Exotics Vintage Club Fast Furious Zamac COMBINE,Car Variation=BMW 507 Black - Vintage Club 1/5,BMW 507 Black - Vintage Club 1/5,"1","FIXED_PRICE","CAD",6.99,,,,"0",,,"Sep-16-26 12:58:26 PDT","Oct-16-26 12:58:26 PDT","Contemporary Manufacture","180506","","","New",,,,,"","CA","Does not apply","",""
"147578116578",Hot Wheels Silver Series U PICK Exotics Vintage Club Fast Furious Zamac COMBINE,Car Variation=Custom 70 Honda N600 Orange - Vintage Club 2/5,Custom 70 Honda N600 Orange - Vintage Club 2/5,"2","FIXED_PRICE","CAD",8.05,,,,"0",,,"Sep-16-26 12:58:26 PDT","Oct-16-26 12:58:26 PDT","Contemporary Manufacture","180506","","","New",,,,,"","CA","Does not apply","",""
"147578116578",Hot Wheels Silver Series U PICK Exotics Vintage Club Fast Furious Zamac COMBINE,Car Variation=Alfa Romeo GTV6 White - Vintage Club 3/5,Alfa Romeo GTV6 White - Vintage Club 3/5,"1","FIXED_PRICE","CAD",6.99,,,,"0",,,"Sep-16-26 12:58:26 PDT","Oct-16-26 12:58:26 PDT","Contemporary Manufacture","180506","","","New",,,,,"","CA","Does not apply","",""
"147578116578",Hot Wheels Silver Series U PICK Exotics Vintage Club Fast Furious Zamac COMBINE,Car Variation=65 Ford Galaxie Red - Vintage Club 4/5,65 Ford Galaxie Red - Vintage Club 4/5,"1","FIXED_PRICE","CAD",8.5,,,,"0",,,"Sep-16-26 12:58:26 PDT","Oct-16-26 12:58:26 PDT","Contemporary Manufacture","180506","","","New",,,,,"","CA","Does not apply","",""
"147578116578",Hot Wheels Silver Series U PICK Exotics Vintage Club Fast Furious Zamac COMBINE,Car Variation=Porsche 356 Outlaw Blue - Vintage Club 5/5,Porsche 356 Outlaw Blue - Vintage Club 5/5,"2","FIXED_PRICE","CAD",8.5,,,,"0",,,"Sep-16-26 12:58:26 PDT","Oct-16-26 12:58:26 PDT","Contemporary Manufacture","180506","","","New",,,,,"","CA","Does not apply","",""
"147578369395",Halloween Skeleton Yoga Meditation Figurines Set of 5 Resin Gold Silver Decor,,,"3","FIXED_PRICE","CAD",34.0,,,34.0,"0","1","0","Sep-16-26 16:00:30 PDT","Oct-16-26 16:00:30 PDT","Figurines","261636","","","New","","","","","","CA","n/a","",""
"147578373956",2026 Hot Wheels Neon Speeders - Nissan GT-R(R35) Pink,,,"1","FIXED_PRICE","CAD",10.0,,,10.0,"1","1","0","Sep-16-26 16:06:26 PDT","Oct-16-26 16:06:26 PDT","Contemporary Manufacture","180506","","","New","","","","","","CA","Does not apply","",""
"147578506207",Vintage DC Marvel Action Figures Huge Lot ~120 90s 2000s Mixed Brands Vehicles,,,"1","FIXED_PRICE","CAD",175.0,,,175.0,"0","1","0","Sep-16-26 17:36:39 PDT","Oct-16-26 17:36:39 PDT","Action Figures","261068","","","Used","","","","","","CA","","",""
"147580351694",Playmobil Porsche Macan S Firefighter with figurine 70277 Building Kit,,,"1","FIXED_PRICE","CAD",79.0,,,79.0,"0","2","0","Sep-17-26 11:07:18 PDT","Oct-17-26 11:07:18 PDT","Playmobil","19854","","","New","","","","","","CA","Does not apply","",""
"147580766038",Disney Nightmare Before Christmas Glow in the Dark 5 Figure Set NEW,,NBC-FIGSET-5PK,"1","FIXED_PRICE","CAD",33.0,,,33.0,"0","","","Sep-17-26 16:26:34 PDT","Oct-17-26 16:26:34 PDT","Nightmare Before Christmas","88891","","","New","","","","","","CA","","",""
"147580766039",Matchbox The Movie 1973 Volkswagen T2B Bus 10/12 Orange Diecast 1:64 NEW,,MB-VWT2B-30782,"2","FIXED_PRICE","CAD",7.0,,,7.0,"0","","","Sep-17-26 16:26:34 PDT","Oct-17-26 16:26:34 PDT","Contemporary Manufacture","180506","","","New","","","","","","CA","Does not apply","",""
"147580766041",Pokemon Select City Street Environment Figure Pak Magnemite Trubbish NEW Pokémon,,POKE-CITYSTREET-MAG-TRUB,"3","FIXED_PRICE","CAD",15.2,,,15.2,"0","","","Sep-17-26 16:26:34 PDT","Oct-17-26 16:26:34 PDT","Action Figures","261068","","","New","","","","","","CA","Does not apply","",""
"147580766042",Mattel Wicked Elphaba Singing Doll Sings “For Good” Brand NEW,,WICKED-ELPHABA-JFM09,"1","FIXED_PRICE","CAD",20.0,,,20.0,"0","","","Sep-17-26 16:26:34 PDT","Oct-17-26 16:26:34 PDT","Dolls & Doll Playsets","262346","","","New","","","","","","CA","Does not apply","",""
"147580766046",Rainbow High Airbrush and Create DIY Fashion Doll Markers Kit NEW,,RH-AIRBRUSH-CREATE,"1","FIXED_PRICE","CAD",27.0,,,27.0,"0","","","Sep-17-26 16:26:34 PDT","Oct-17-26 16:26:34 PDT","Dolls & Doll Playsets","262346","","","New","","","","","","CA","Does not apply","",""
"147580783668",Calico Critters Chocolate Rabbit Twins Sylvanian Families Figures,,,"1","FIXED_PRICE","USD",12.0,,,12.0,"0","","","Sep-17-26 16:41:07 PDT","Oct-17-26 16:41:07 PDT","Dollhouse Dolls & Animals","86823","","","Used","","","","","","US","","",""
"147581114374",LEGO 75412 Star Wars Death Trooper And Night Trooper Battle Pack,,,"1","FIXED_PRICE","CAD",24.0,,,24.0,"0","","","Sep-17-26 19:43:52 PDT","Oct-17-26 19:43:52 PDT","LEGO (R) Complete Sets & Packs","19006","","","New","","","","","","CA","","",""
"147581177620",LEGO Icons NASA Artemis Space Launch System (10341 ) BRAND NEW FACTORY SEALED,,,"1","FIXED_PRICE","CAD",419.99,,,419.99,"0","","","Sep-17-26 20:11:40 PDT","Oct-17-26 20:11:40 PDT","LEGO (R) Complete Sets & Packs","19006","","","New","","","","","","CA","","",""
"147581222467","A Minecraft Movie Large-Scale 12"" Inch Posable Steve Collectible Figure Toy NEW",,,"3","FIXED_PRICE","CAD",25.89,,,25.89,"0","","","Sep-17-26 20:33:13 PDT","Oct-17-26 20:33:13 PDT","Action Figures","261068","","","New","","","","","","CA","194735313426","",""
"147581230769",Mattel Brick Shop Hot Wheels Corvette C8.R '20 Collectible Building Set Yellow,,,"5","FIXED_PRICE","CAD",36.0,,,36.0,"0","","","Sep-17-26 20:39:52 PDT","Oct-17-26 20:39:52 PDT","Contemporary Manufacture","180506","","","New","","","","","","CA","Does not apply","",""
"147582019819",Barbie Mysteries Beach Detectives Barbie Malibu Treats + Game Booth Playset Doll,,,"1","FIXED_PRICE","CAD",29.99,,,29.99,"0","","","Sep-18-26 05:28:49 PDT","Oct-18-26 05:28:49 PDT","Dolls & Doll Playsets","262346","","","New","","","","","","CA","0194735306299","",""
"147582304506",2026 Hot Wheels Neon Speeders 2016 Subaru WRX Diecast 1:64 YOKOHAMA 016,,,"0","FIXED_PRICE","CAD",8.5,,,8.5,"1","0","0","Sep-18-26 08:40:21 PDT","Oct-18-26 08:40:21 PDT","Contemporary Manufacture","180506","","","New","","","","","","CA","0194735112876","",""
"147582307283",2026 Hot Wheels Neon Speeders Porsche Cayman S Neon Green Yellow,,,"0","FIXED_PRICE","CAD",8.5,,,8.5,"1","1","0","Sep-18-26 08:42:21 PDT","Oct-18-26 08:42:21 PDT","Contemporary Manufacture","180506","","","New","","","","","","CA","0194735112876","",""
"147583041923","DC Multiverse Wild C.A.T.S 7"" Figure Elite Edition - Spartan (Image Founders)",,,"1","FIXED_PRICE","CAD",99.0,,,99.0,"0","","","Sep-18-26 17:20:36 PDT","Oct-18-26 17:20:36 PDT","Action Figures","261068","","","New","","","","","","CA","787926189582","",""
"147583178952","Marvel Legends Thor 7"" Action Figure 2015 Hasbro Loose Excellent Condition",,,"0","FIXED_PRICE","CAD",16.0,,,16.0,"1","2","0","Sep-18-26 18:43:19 PDT","Oct-18-26 18:43:19 PDT","Action Figures","261068","","","New","","","","","","CA","","",""
"147583181673",Toy Biz Marvel Legends NAMOR The Sub-Mariner 2022 Series II Sealed Mint,,,"1","FIXED_PRICE","CAD",44.0,,,44.0,"0","","","Sep-18-26 18:47:36 PDT","Oct-18-26 18:47:36 PDT","Action Figures","261068","","","New","","","","","","CA","0 86892 70152 2","",""
"147583202958",Marvel Legends LOKI Toy Biz 2006 Onslaught Series BAF M.O.C Sealed Action Figure,,,"1","FIXED_PRICE","CAD",30.0,,,30.0,"0","","","Sep-18-26 18:51:46 PDT","Oct-18-26 18:51:46 PDT","Action Figures","261068","","","New","","","","","","CA","035112713333","",""
"147584766074","Tom Brady Tampa Bay Buccaneers NFL 6"" Action Figure Series 3 Football Bucs",,,"1","FIXED_PRICE","CAD",45.0,,,45.0,"0","","","Sep-19-26 11:18:48 PDT","Oct-19-26 11:18:48 PDT","Football-NFL","206","","","New","","","","","24058179400","CA","0672781349731","",""
"147584769420",LEGO Minifigure Star Wars Yoda - Santa Yoda Backpack sw0358,,,"1","FIXED_PRICE","CAD",23.0,,,23.0,"0","","","Sep-19-26 11:23:32 PDT","Oct-19-26 11:23:32 PDT","LEGO (R) Minifigures","263012","","","New","","","","","","CA","","",""
"147584771258",Lego Minifigure Star Wars Hoth Rebel Trooper Uniform Moustache Sw0425 Complete,,,"1","FIXED_PRICE","CAD",20.0,,,20.0,"0","","","Sep-19-26 11:27:14 PDT","Oct-19-26 11:27:14 PDT","LEGO (R) Minifigures","263012","","","New","","","","","","CA","Does not apply","",""
"147585539355",2026-27 Upper Deck MVP Hockey 3 Blaster Box Bundle 219 Cards 9 Gold Script Cards,,,"12","FIXED_PRICE","CAD",112.0,,,112.0,"0","1","0","Sep-19-26 19:10:08 PDT","Oct-19-26 19:10:08 PDT","Sealed Trading Card Boxes","261332","","","New/Factory Sealed","","","","","","CA","","",""
"147585554049",2026 Upper Deck 2 X GOLF Blaster Box 12 Card Per Pack- SEALED 96 Cards Total,,,"3","FIXED_PRICE","CAD",49.99,,,49.99,"0","0","0","Sep-19-26 19:15:04 PDT","Oct-19-26 19:15:04 PDT","Sealed Trading Card Boxes","261332","","","New/Factory Sealed","","","","","","CA","053334462570","",""
"147585570414",2026 Topps Baseball Series 2 Collection – NEW & Factory Sealed,,,"10","FIXED_PRICE","CAD",89.99,,,89.99,"0","","","Sep-19-26 19:25:23 PDT","Oct-19-26 19:25:23 PDT","Sealed Trading Card Boxes","261332","","","New/Factory Sealed","","","","","","CA","887521164790","",""
"147585590154","Star Wars Lando Calrissian Skiff Guard 40 Anniversary ROTJ 6"" Action Figure",,,"3","FIXED_PRICE","USD",9.49,,,9.49,"0","","","Sep-19-26 19:35:04 PDT","Oct-19-26 19:35:04 PDT","Action Figures","261068","","","New","","","","","","US","5010996133199","",""
"147585678711",McFARLANE TOYS DC MULTIVERSE SUPERMAN BLACK & WHITE ACCENT EDITION GOLD LABEL,,,"2","FIXED_PRICE","CAD",52.0,,,52.0,"0","","","Sep-19-26 20:10:57 PDT","Oct-19-26 20:10:57 PDT","Action Figures","261068","","","New","","","","","","CA","","",""
"147586607278","STAR WARS BLACK SERIES BIX CALEEN 6"" ACTION FIGURE NIB - ANDOR - HASBRO",,,"5","FIXED_PRICE","CAD",25.0,,,25.0,"0","","","Sep-20-26 06:50:15 PDT","Oct-20-26 06:50:15 PDT","Action Figures","261068","","","New","","","","","14057273248","CA","5010994179304","",""
"147586614158","Hasbro Star Wars Black Series Obi-Wan Kenobi #10 Ned-B 6"" Figure New",,,"1","FIXED_PRICE","CAD",44.0,,,44.0,"0","","","Sep-20-26 06:54:44 PDT","Oct-20-26 06:54:44 PDT","Action Figures","261068","","","New","","","","","","CA","","",""
"147586622510","Star Wars Black Series Rebel Trooper Hoth Empire Strikes Back 6"" W/Protector",,,"5","FIXED_PRICE","CAD",44.0,,,44.0,"0","1","0","Sep-20-26 07:04:18 PDT","Oct-20-26 07:04:18 PDT","Action Figures","261068","","","New","","","","","","CA","5010993754656","",""
"147586647250",Star Wars Return Of The Jedi Retro Collection - Princess Leia Organa (Boushh),,,"2","FIXED_PRICE","CAD",19.99,,,19.99,"0","","","Sep-20-26 07:18:42 PDT","Oct-20-26 07:18:42 PDT","Action Figures","261068","","","New","","","","","","CA","Does not apply","",""
"147586685243",2026 Hot Wheels Premium Fast & Furious 25th Years 1970 DODGE CHARGER RT CHASE,,,"1","FIXED_PRICE","CAD",52.99,,,52.99,"0","3","0","Sep-20-26 07:49:31 PDT","Oct-20-26 07:49:31 PDT","Contemporary Manufacture","180506","","","New","","","","","","CA","Does not apply","",""
"147586954932",Star Wars Action Figures YOU PICK - TVC Black Series POTF Retro Collection,You Pick=Gold 2-Pack - Obi-Wan Kenobi & Anakin Skywalker;TVC 40th Anniversary ROTJ - The Emperor;TVC Shadow Lord - Eleventh Brother (Cracked PLASTIC Mint Card);TVC The Acolyte - Osha Aniseya;TVC Maul Shadow Lord - Maul;TVC Mandalorian and Grogu - Imperial Remnant Snowtrooper;Gold 2-Pack - Luke Skywalker & Chewbacca;Power of the Force - Princess Leia (Ceremonial Dress);Power of the Force - Jawas (2-Pack);Black Series Mandalorian & Grogu - Imperial Remnant AT-AT Driver;Black Series Mandalorian & Grogu - Imperial Remnant AT-RT Driver;Black Series A New Hope - Sandtrooper;Black Series Andor - ISB Tactical Agent;Black Series The Acolyte - Jedi Knight Yord Fandar;Black Series Jedi Survivor - Nightsister Merrin (Gaming Greats);ActionVerse Guard Droid & Mercenary STAP;TVC The Force Unleashed - Stormtrooper Commander;Power of the Force - Stormtrooper (Opened Plastic);Episode I - C-3PO (CommTech Chip);TVC Ahsoka - Mandalorian Super Commando;Retro Collection - Luke Skywalker (Jedi Knight);TVC Anakin Skywalker (Outland Peasant Disguise);TVC Empire Strikes Back - Lando Calrissian;Black Series Doctor Aphra (Book);TVC Obi-Wan Kenobi - Reva (Third Sister);Retro Collection - Chewbacca (Prototype Edition);Retro Collection - Luke Skywalker (Prototype Edition);Black Series The Acolyte - The Stranger (Qimir);Black Series - Rey (Jakku) & BB-8;Black Series Andor - Senator Mothma;Black Series The Mandalorian - Din Djarin (Morak);TVC Attack of the Clones - Anakin Skywalker (Padawan);TVC Phantom Menace - Queen Amidala;TVC Knights of the Old Republic - Darth Revan;TVC Return of the Jedi - Darth Vader (Emperor's Wrath);Black Series - Darth Vader (A New Hope);Black Series Andor - BT-1 (Beetee);Power of the Force - Boba Fett (Opened Plastic);Power of the Force - Stormtrooper Open Plastic;Black Series A New Hope - Luke Skywalker;TVC Mandalorian Grogu - Imperial AT-RT Driver;TVC Attack of the Clones - Poggle the Lesser;BLACK SERIES 02 AT-AT DRIVER (WHITE CARD);BLACK SERIES 03 AT RT DRIVER (WHITE CARD);Black Series Revenge of the Sith - Clone Lieutenant Galle;Black Series - Chewbacca 3.75 (RED CARD),SW-FIGURES-YOUPICK,"48","FIXED_PRICE","CAD",7.99,,,7.99,"2","2","0","Sep-20-26 11:34:01 PDT","Oct-20-26 11:34:01 PDT","Action Figures","261068","","","New","","","","","","CA","Does not apply","",""
"147586954932",Star Wars Action Figures YOU PICK - TVC Black Series POTF Retro Collection,You Pick=Gold 2-Pack - Obi-Wan Kenobi & Anakin Skywalker,Gold 2-Pack - Obi-Wan Kenobi & Anakin Skywalker,"2","FIXED_PRICE","CAD",19.99,,,,"0",,,"Sep-20-26 11:34:01 PDT","Oct-20-26 11:34:01 PDT","Action Figures","261068","","","New",,,,,"","CA","Does not apply","",""
"147586954932",Star Wars Action Figures YOU PICK - TVC Black Series POTF Retro Collection,You Pick=TVC 40th Anniversary ROTJ - The Emperor,TVC 40th Anniversary ROTJ - The Emperor,"2","FIXED_PRICE","CAD",7.99,,,,"0",,,"Sep-20-26 11:34:01 PDT","Oct-20-26 11:34:01 PDT","Action Figures","261068","","","New",,,,,"","CA","Does not apply","",""
"147586954932",Star Wars Action Figures YOU PICK - TVC Black Series POTF Retro Collection,You Pick=TVC Shadow Lord - Eleventh Brother (Cracked PLASTIC Mint Card),Does not apply TVC Shadow Lord - Eleventh Brother (Cracked PLASTIC Mint Card),"0","FIXED_PRICE","CAD",35.0,,,,"1",,,"Sep-20-26 11:34:01 PDT","Oct-20-26 11:34:01 PDT","Action Figures","261068","","","New",,,,,"","CA","Does not apply","",""
"147586954932",Star Wars Action Figures YOU PICK - TVC Black Series POTF Retro Collection,You Pick=TVC The Acolyte - Osha Aniseya,Does not apply TVC The Acolyte - Osha Aniseya,"1","FIXED_PRICE","CAD",16.0,,,,"0",,,"Sep-20-26 11:34:01 PDT","Oct-20-26 11:34:01 PDT","Action Figures","261068","","","New",,,,,"","CA","Does not apply","",""
"147586954932",Star Wars Action Figures YOU PICK - TVC Black Series POTF Retro Collection,You Pick=TVC Maul Shadow Lord - Maul,TVC Maul Shadow Lord - Maul,"1","FIXED_PRICE","CAD",35.0,,,,"0",,,"Sep-20-26 11:34:01 PDT","Oct-20-26 11:34:01 PDT","Action Figures","261068","","","New",,,,,"","CA","Does not apply","",""
"147586954932",Star Wars Action Figures YOU PICK - TVC Black Series POTF Retro Collection,You Pick=TVC Mandalorian and Grogu - Imperial Remnant Snowtrooper,TVC Mandalorian and Grogu - Imperial Remnant Snowtrooper,"2","FIXED_PRICE","CAD",35.0,,,,"0",,,"Sep-20-26 11:34:01 PDT","Oct-20-26 11:34:01 PDT","Action Figures","261068","","","New",,,,,"","CA","Does not apply","",""
"147586954932",Star Wars Action Figures YOU PICK - TVC Black Series POTF Retro Collection,You Pick=Gold 2-Pack - Luke Skywalker & Chewbacca,Gold 2-Pack - Luke Skywalker & Chewbacca,"2","FIXED_PRICE","CAD",19.99,,,,"0",,,"Sep-20-26 11:34:01 PDT","Oct-20-26 11:34:01 PDT","Action Figures","261068","","","New",,,,,"","CA","Does not apply","",""
"147586954932",Star Wars Action Figures YOU PICK - TVC Black Series POTF Retro Collection,You Pick=Power of the Force - Princess Leia (Ceremonial Dress),Power of the Force - Princess Leia (Ceremonial Dress),"1","FIXED_PRICE","CAD",18.99,,,,"0",,,"Sep-20-26 11:34:01 PDT","Oct-20-26 11:34:01 PDT","Action Figures","261068","","","New",,,,,"","CA","Does not apply","",""
"147586954932",Star Wars Action Figures YOU PICK - TVC Black Series POTF Retro Collection,You Pick=Power of the Force - Jawas (2-Pack),Does not apply Power of the Force - Jawas (2-Pack),"0","FIXED_PRICE","CAD",18.0,,,,"0",,,"Sep-20-26 11:34:01 PDT","Oct-20-26 11:34:01 PDT","Action Figures","261068","","","New",,,,,"","CA","Does not apply","",""
"147586954932",Star Wars Action Figures YOU PICK - TVC Black Series POTF Retro Collection,You Pick=Black Series Mandalorian & Grogu - Imperial Remnant AT-AT Driver,Black Series Mandalorian & Grogu - Imperial Remnant AT-AT Driver,"1","FIXED_PRICE","CAD",31.0,,,,"0",,,"Sep-20-26 11:34:01 PDT","Oct-20-26 11:34:01 PDT","Action Figures","261068","","","New",,,,,"","CA","Does not apply","",""
"147586954932",Star Wars Action Figures YOU PICK - TVC Black Series POTF Retro Collection,You Pick=Black Series Mandalorian & Grogu - Imperial Remnant AT-RT Driver,Black Series Mandalorian & Grogu - Imperial Remnant AT-RT Driver,"1","FIXED_PRICE","CAD",31.0,,,,"0",,,"Sep-20-26 11:34:01 PDT","Oct-20-26 11:34:01 PDT","Action Figures","261068","","","New",,,,,"","CA","Does not apply","",""
"147586954932",Star Wars Action Figures YOU PICK - TVC Black Series POTF Retro Collection,You Pick=Black Series A New Hope - Sandtrooper,Black Series A New Hope - Sandtrooper,"1","FIXED_PRICE","CAD",31.0,,,,"0",,,"Sep-20-26 11:34:01 PDT","Oct-20-26 11:34:01 PDT","Action Figures","261068","","","New",,,,,"","CA","Does not apply","",""
"147586954932",Star Wars Action Figures YOU PICK - TVC Black Series POTF Retro Collection,You Pick=Black Series Revenge of the Sith - Clone Lieutenant Galle,Black Series Revenge of the Sith - Clone Lieutenant Galle,"1","FIXED_PRICE","CAD",31.0,,,,"0",,,"Sep-20-26 11:34:01 PDT","Oct-20-26 11:34:01 PDT","Action Figures","261068","","","New",,,,,"","CA","Does not apply","",""
"147586954932",Star Wars Action Figures YOU PICK - TVC Black Series POTF Retro Collection,You Pick=Black Series Andor - ISB Tactical Agent,Black Series Andor - ISB Tactical Agent,"2","FIXED_PRICE","CAD",14.99,,,,"0",,,"Sep-20-26 11:34:01 PDT","Oct-20-26 11:34:01 PDT","Action Figures","261068","","","New",,,,,"","CA","Does not apply","",""
"147586954932",Star Wars Action Figures YOU PICK - TVC Black Series POTF Retro Collection,You Pick=Black Series The Acolyte - Jedi Knight Yord Fandar,Black Series The Acolyte - Jedi Knight Yord Fandar,"1","FIXED_PRICE","CAD",17.0,,,,"0",,,"Sep-20-26 11:34:01 PDT","Oct-20-26 11:34:01 PDT","Action Figures","261068","","","New",,,,,"","CA","Does not apply","",""
"147586954932",Star Wars Action Figures YOU PICK - TVC Black Series POTF Retro Collection,You Pick=Black Series Jedi Survivor - Nightsister Merrin (Gaming Greats),Black Series Jedi Survivor - Nightsister Merrin (Gaming Greats),"1","FIXED_PRICE","CAD",14.0,,,,"0",,,"Sep-20-26 11:34:01 PDT","Oct-20-26 11:34:01 PDT","Action Figures","261068","","","New",,,,,"","CA","Does not apply","",""
"147586954932",Star Wars Action Figures YOU PICK - TVC Black Series POTF Retro Collection,You Pick=ActionVerse Guard Droid & Mercenary STAP,ActionVerse Guard Droid & Mercenary STAP,"3","FIXED_PRICE","CAD",11.0,,,,"0",,,"Sep-20-26 11:34:01 PDT","Oct-20-26 11:34:01 PDT","Action Figures","261068","","","New",,,,,"","CA","Does not apply","",""
"147586954932",Star Wars Action Figures YOU PICK - TVC Black Series POTF Retro Collection,You Pick=TVC The Force Unleashed - Stormtrooper Commander,TVC The Force Unleashed - Stormtrooper Commander,"1","FIXED_PRICE","CAD",35.0,,,,"0",,,"Sep-20-26 11:34:01 PDT","Oct-20-26 11:34:01 PDT","Action Figures","261068","","","New",,,,,"","CA","Does not apply","",""
"147586954932",Star Wars Action Figures YOU PICK - TVC Black Series POTF Retro Collection,You Pick=Power of the Force - Stormtrooper (Opened Plastic),Power of the Force - Stormtrooper (Opened Plastic),"1","FIXED_PRICE","CAD",19.0,,,,"0",,,"Sep-20-26 11:34:01 PDT","Oct-20-26 11:34:01 PDT","Action Figures","261068","","","New",,,,,"","CA","Does not apply","",""
"147586954932",Star Wars Action Figures YOU PICK - TVC Black Series POTF Retro Collection,You Pick=Episode I - C-3PO (CommTech Chip),Episode I - C-3PO (CommTech Chip),"1","FIXED_PRICE","CAD",21.0,,,,"0",,,"Sep-20-26 11:34:01 PDT","Oct-20-26 11:34:01 PDT","Action Figures","261068","","","New",,,,,"","CA","Does not apply","",""
"147586954932",Star Wars Action Figures YOU PICK - TVC Black Series POTF Retro Collection,You Pick=TVC Ahsoka - Mandalorian Super Commando,TVC Ahsoka - Mandalorian Super Commando,"1","FIXED_PRICE","CAD",16.0,,,,"0",,,"Sep-20-26 11:34:01 PDT","Oct-20-26 11:34:01 PDT","Action Figures","261068","","","New",,,,,"","CA","Does not apply","",""
"147586954932",Star Wars Action Figures YOU PICK - TVC Black Series POTF Retro Collection,You Pick=Retro Collection - Luke Skywalker (Jedi Knight),Retro Collection - Luke Skywalker (Jedi Knight),"0","FIXED_PRICE","CAD",17.0,,,,"0",,,"Sep-20-26 11:34:01 PDT","Oct-20-26 11:34:01 PDT","Action Figures","261068","","","New",,,,,"","CA","Does not apply","",""
"147586954932",Star Wars Action Figures YOU PICK - TVC Black Series POTF Retro Collection,You Pick=TVC Anakin Skywalker (Outland Peasant Disguise),TVC Anakin Skywalker (Outland Peasant Disguise),"1","FIXED_PRICE","CAD",29.0,,,,"0",,,"Sep-20-26 11:34:01 PDT","Oct-20-26 11:34:01 PDT","Action Figures","261068","","","New",,,,,"","CA","Does not apply","",""
"147586954932",Star Wars Action Figures YOU PICK - TVC Black Series POTF Retro Collection,You Pick=TVC Empire Strikes Back - Lando Calrissian,TVC Empire Strikes Back - Lando Calrissian,"1","FIXED_PRICE","CAD",25.0,,,,"0",,,"Sep-20-26 11:34:01 PDT","Oct-20-26 11:34:01 PDT","Action Figures","261068","","","New",,,,,"","CA","Does not apply","",""
"147586954932",Star Wars Action Figures YOU PICK - TVC Black Series POTF Retro Collection,You Pick=Black Series Doctor Aphra (Book),Black Series Doctor Aphra (Book),"1","FIXED_PRICE","CAD",30.0,,,,"0",,,"Sep-20-26 11:34:01 PDT","Oct-20-26 11:34:01 PDT","Action Figures","261068","","","New",,,,,"","CA","Does not apply","",""
"147586954932",Star Wars Action Figures YOU PICK - TVC Black Series POTF Retro Collection,You Pick=TVC Obi-Wan Kenobi - Reva (Third Sister),Does not apply TVC Obi-Wan Kenobi - Reva (Third Sister),"1","FIXED_PRICE","CAD",18.0,,,,"0",,,"Sep-20-26 11:34:01 PDT","Oct-20-26 11:34:01 PDT","Action Figures","261068","","","New",,,,,"","CA","Does not apply","",""
"147586954932",Star Wars Action Figures YOU PICK - TVC Black Series POTF Retro Collection,You Pick=Retro Collection - Chewbacca (Prototype Edition),Retro Collection - Chewbacca (Prototype Edition),"1","FIXED_PRICE","CAD",25.0,,,,"0",,,"Sep-20-26 11:34:01 PDT","Oct-20-26 11:34:01 PDT","Action Figures","261068","","","New",,,,,"","CA","Does not apply","",""
"147586954932",Star Wars Action Figures YOU PICK - TVC Black Series POTF Retro Collection,You Pick=Retro Collection - Luke Skywalker (Prototype Edition),Retro Collection - Luke Skywalker (Prototype Edition),"1","FIXED_PRICE","CAD",25.0,,,,"0",,,"Sep-20-26 11:34:01 PDT","Oct-20-26 11:34:01 PDT","Action Figures","261068","","","New",,,,,"","CA","Does not apply","",""
"147586954932",Star Wars Action Figures YOU PICK - TVC Black Series POTF Retro Collection,You Pick=Black Series The Acolyte - The Stranger (Qimir),Black Series The Acolyte - The Stranger (Qimir),"2","FIXED_PRICE","CAD",65.0,,,,"1",,,"Sep-20-26 11:34:01 PDT","Oct-20-26 11:34:01 PDT","Action Figures","261068","","","New",,,,,"","CA","Does not apply","",""
"147586954932",Star Wars Action Figures YOU PICK - TVC Black Series POTF Retro Collection,You Pick=Black Series - Rey (Jakku) & BB-8,Black Series - Rey (Jakku) & BB-8,"1","FIXED_PRICE","CAD",64.0,,,,"0",,,"Sep-20-26 11:34:01 PDT","Oct-20-26 11:34:01 PDT","Action Figures","261068","","","New",,,,,"","CA","Does not apply","",""
"147586954932",Star Wars Action Figures YOU PICK - TVC Black Series POTF Retro Collection,You Pick=Black Series Andor - Senator Mothma,Black Series Andor - Senator Mothma,"1","FIXED_PRICE","CAD",15.0,,,,"0",,,"Sep-20-26 11:34:01 PDT","Oct-20-26 11:34:01 PDT","Action Figures","261068","","","New",,,,,"","CA","Does not apply","",""
"147586954932",Star Wars Action Figures YOU PICK - TVC Black Series POTF Retro Collection,You Pick=Black Series The Mandalorian - Din Djarin (Morak),Black Series The Mandalorian - Din Djarin (Morak),"1","FIXED_PRICE","CAD",15.0,,,,"0",,,"Sep-20-26 11:34:01 PDT","Oct-20-26 11:34:01 PDT","Action Figures","261068","","","New",,,,,"","CA","Does not apply","",""
"147586954932",Star Wars Action Figures YOU PICK - TVC Black Series POTF Retro Collection,You Pick=TVC Attack of the Clones - Anakin Skywalker (Padawan),TVC Attack of the Clones - Anakin Skywalker (Padawan),"1","FIXED_PRICE","CAD",16.0,,,,"0",,,"Sep-20-26 11:34:01 PDT","Oct-20-26 11:34:01 PDT","Action Figures","261068","","","New",,,,,"","CA","Does not apply","",""
"147586954932",Star Wars Action Figures YOU PICK - TVC Black Series POTF Retro Collection,You Pick=TVC Phantom Menace - Queen Amidala,TVC Phantom Menace - Queen Amidala,"1","FIXED_PRICE","CAD",24.0,,,,"0",,,"Sep-20-26 11:34:01 PDT","Oct-20-26 11:34:01 PDT","Action Figures","261068","","","New",,,,,"","CA","Does not apply","",""
"147586954932",Star Wars Action Figures YOU PICK - TVC Black Series POTF Retro Collection,You Pick=TVC Knights of the Old Republic - Darth Revan,TVC Knights of the Old Republic - Darth Revan,"1","FIXED_PRICE","CAD",50.0,,,,"0",,,"Sep-20-26 11:34:01 PDT","Oct-20-26 11:34:01 PDT","Action Figures","261068","","","New",,,,,"","CA","Does not apply","",""
"147586954932",Star Wars Action Figures YOU PICK - TVC Black Series POTF Retro Collection,You Pick=TVC Return of the Jedi - Darth Vader (Emperor's Wrath),TVC Return of the Jedi - Darth Vader (Emperor's Wrath),"1","FIXED_PRICE","CAD",40.0,,,,"0",,,"Sep-20-26 11:34:01 PDT","Oct-20-26 11:34:01 PDT","Action Figures","261068","","","New",,,,,"","CA","Does not apply","",""
"147586954932",Star Wars Action Figures YOU PICK - TVC Black Series POTF Retro Collection,You Pick=Black Series - Darth Vader (A New Hope),Black Series - Darth Vader (A New Hope),"1","FIXED_PRICE","CAD",65.0,,,,"0",,,"Sep-20-26 11:34:01 PDT","Oct-20-26 11:34:01 PDT","Action Figures","261068","","","New",,,,,"","CA","Does not apply","",""
"147586954932",Star Wars Action Figures YOU PICK - TVC Black Series POTF Retro Collection,You Pick=Black Series Andor - BT-1 (Beetee),Black Series Andor - BT-1 (Beetee),"1","FIXED_PRICE","CAD",69.0,,,,"0",,,"Sep-20-26 11:34:01 PDT","Oct-20-26 11:34:01 PDT","Action Figures","261068","","","New",,,,,"","CA","Does not apply","",""
"147586954932",Star Wars Action Figures YOU PICK - TVC Black Series POTF Retro Collection,You Pick=Power of the Force - Boba Fett (Opened Plastic),Power of the Force - Boba Fett (Opened Plastic),"1","FIXED_PRICE","CAD",30.0,,,,"0",,,"Sep-20-26 11:34:01 PDT","Oct-20-26 11:34:01 PDT","Action Figures","261068","","","New",,,,,"","CA","Does not apply","",""
"147586954932",Star Wars Action Figures YOU PICK - TVC Black Series POTF Retro Collection,You Pick=Power of the Force - Stormtrooper Open Plastic,Power of the Force - Stormtrooper Open Plastic,"0","FIXED_PRICE","CAD",17.0,,,,"0",,,"Sep-20-26 11:34:01 PDT","Oct-20-26 11:34:01 PDT","Action Figures","261068","","","New",,,,,"","CA","Does not apply","",""
"147586954932",Star Wars Action Figures YOU PICK - TVC Black Series POTF Retro Collection,You Pick=Black Series A New Hope - Luke Skywalker,Black Series A New Hope - Luke Skywalker,"1","FIXED_PRICE","CAD",53.0,,,,"0",,,"Sep-20-26 11:34:01 PDT","Oct-20-26 11:34:01 PDT","Action Figures","261068","","","New",,,,,"","CA","Does not apply","",""
"147586954932",Star Wars Action Figures YOU PICK - TVC Black Series POTF Retro Collection,You Pick=TVC Mandalorian Grogu - Imperial AT-RT Driver,TVC Mandalorian Grogu - Imperial AT-AT Driver,"1","FIXED_PRICE","CAD",35.0,,,,"0",,,"Sep-20-26 11:34:01 PDT","Oct-20-26 11:34:01 PDT","Action Figures","261068","","","New",,,,,"","CA","Does not apply","",""
"147586954932",Star Wars Action Figures YOU PICK - TVC Black Series POTF Retro Collection,You Pick=TVC Attack of the Clones - Poggle the Lesser,Does not apply TVC Attack of the Clones - Poggle the Lesser,"1","FIXED_PRICE","CAD",44.0,,,,"0",,,"Sep-20-26 11:34:01 PDT","Oct-20-26 11:34:01 PDT","Action Figures","261068","","","New",,,,,"","CA","Does not apply","",""
"147586954932",Star Wars Action Figures YOU PICK - TVC Black Series POTF Retro Collection,You Pick=BLACK SERIES 02 AT-AT DRIVER (WHITE CARD),BLACK SERIES 02 AT-AT DRIVER (WHITE CARD),"0","FIXED_PRICE","CAD",31.0,,,,"0",,,"Sep-20-26 11:34:01 PDT","Oct-20-26 11:34:01 PDT","Action Figures","261068","","","New",,,,,"","CA","Does not apply","",""
"147586954932",Star Wars Action Figures YOU PICK - TVC Black Series POTF Retro Collection,You Pick=BLACK SERIES 03 AT RT DRIVER (WHITE CARD),BLACK SERIES 03 AT RT DRIVER (WHITE CARD),"0","FIXED_PRICE","CAD",31.0,,,,"0",,,"Sep-20-26 11:34:01 PDT","Oct-20-26 11:34:01 PDT","Action Figures","261068","","","New",,,,,"","CA","Does not apply","",""
"147586954932",Star Wars Action Figures YOU PICK - TVC Black Series POTF Retro Collection,You Pick=Black Series - Chewbacca 3.75 (RED CARD),Black Series - Chewbacca 3.75 (RED CARD),"1","FIXED_PRICE","CAD",31.0,,,,"0",,,"Sep-20-26 11:34:01 PDT","Oct-20-26 11:34:01 PDT","Action Figures","261068","","","New",,,,,"","CA","Does not apply","",""
"147587080912",Transformers Vector Prime Transforming Spaceship Action Figure Used,,,"1","FIXED_PRICE","CAD",9.0,,,9.0,"0","2","0","Sep-20-26 12:31:49 PDT","Oct-20-26 12:31:49 PDT","Action Figures","261068","","","Used","","","","","","CA","","",""
"147587082100",NFL Card Lot 150+ Panini Illusions Score Rising Stars Hurts Herbert Chubb RC,,,"1","FIXED_PRICE","CAD",22.0,,,22.0,"0","","","Sep-20-26 12:32:46 PDT","Oct-20-26 12:32:46 PDT","Trading Card Lots","261329","","","Used","","","","","","CA","","",""
"147587144083",Bestway Saluspa Coleman Hot Tub Spa Heater Water Pump S100204 For Parts & Repair,,,"1","FIXED_PRICE","CAD",180.0,,,180.0,"0","1","0","Sep-20-26 13:26:46 PDT","Oct-20-26 13:26:46 PDT","Spas & Hot Tubs","84211","","","For parts or not working","","","","","","CA","","",""
"147587516003",Matchbox Ford Mustang Police 2025 + Ford Police Interceptor Lot Of 2 Diecast,,,"1","FIXED_PRICE","CAD",9.5,,,9.5,"0","","","Sep-20-26 17:47:22 PDT","Oct-20-26 17:47:22 PDT","Contemporary Manufacture","180506","","","New","","","","","","CA","Does not apply","",""
"147587531802",2026 Matchbox 1963 UNIMOG 406 #81 + Sherp N 1200 #82 Off-Road 4x4 Diecast Lot,,,"1","FIXED_PRICE","CAD",14.0,,,14.0,"0","","","Sep-20-26 17:51:20 PDT","Oct-20-26 17:51:20 PDT","Contemporary Manufacture","180506","","","New","","","","","","CA","Does not apply","",""
"147587536973",2026 Matchbox Blue 1963 UNIMOG 406 #81/125  All-Terrain Utility Vehicles 4x4,,,"1","FIXED_PRICE","CAD",5.0,,,5.0,"0","","","Sep-20-26 17:53:40 PDT","Oct-20-26 17:53:40 PDT","Contemporary Manufacture","180506","","","New","","","","","","CA","Does not apply","",""
"147587541809",2026 Matchbox Sherp N 1200 Yellow #82 Off-Road 4x4 All-Terrain Utility Vehicle,,,"1","FIXED_PRICE","CAD",5.0,,,5.0,"0","","","Sep-20-26 17:57:19 PDT","Oct-20-26 17:57:19 PDT","Contemporary Manufacture","180506","","","New","","","","","","CA","Does not apply","",""
"147587664997",Hot Wheels Premium Diorama Toyota GR Supra Datsun240Z Porsche 934 Horizon Hauler,,,"1","FIXED_PRICE","CAD",58.99,,,58.99,"0","","","Sep-20-26 19:00:51 PDT","Oct-20-26 19:00:51 PDT","Contemporary Manufacture","180506","","","New","","","","","","CA","194735263615","",""
"147587712401",Power Rangers Red Ranger 31 in Giant Figure SCG 2013 LFL Oversized Rare Toy,,,"1","FIXED_PRICE","CAD",105.0,,,105.0,"0","","","Sep-20-26 19:19:37 PDT","Oct-20-26 19:19:37 PDT","Figurines","80","","","Used","","","","","","CA","","",""
"147589138544",Transformers Age of the Primes Voyager Class Energon Optimus Prime New Sealed,,,"3","FIXED_PRICE","CAD",65.0,,,65.0,"0","","","Sep-21-26 08:28:08 PDT","Oct-21-26 08:28:08 PDT","Action Figures","261068","","","New","","","","","","CA","","",""
"147590209881",Gladiator Movie Maniacs Maximus Decimus Meridius 1/10 Scale W/bonus Items,,,"2","FIXED_PRICE","CAD",99.0,,,99.0,"2","5","0","Sep-21-26 19:22:07 PDT","Oct-21-26 19:22:07 PDT","Action Figures","261068","","","New","","","","","","CA","787926140927","",""
"147591106722",Jada 1:24 Fast & Furious 25th Brian's Nissan Skyline GT-R R34 Turquoise Diecast,,,"0","FIXED_PRICE","CAD",60.0,,,60.0,"0","","","Sep-22-26 05:24:24 PDT","Oct-22-26 05:24:24 PDT","Contemporary Manufacture","180506","","","New","","","","","","CA","Does not apply","",""
"147591267750",GREEDO VC378 Cantina Adventure Set Star Wars Vintage Collection TVC UNPUNCHED,,,"5","FIXED_PRICE","CAD",40.0,,,40.0,"0","1","0","Sep-22-26 07:05:10 PDT","Oct-22-26 07:05:10 PDT","Action Figures","261068","","","New","","","","","","CA","Does not apply","",""
"147591565373",Sonic The Hedgehog x DC Shadow as Batman Action Figure NEW Seal,,,"1","FIXED_PRICE","CAD",25.99,,,25.99,"0","","","Sep-22-26 10:04:21 PDT","Oct-22-26 10:04:21 PDT","Action Figures","261068","","","New","","","","","","CA","192995429055","",""
"147591602618",LEGO 71495 DREAMZzz Mateo vs. Cyber Brain Mech 368 pcs. New Construction Set,,,"1","FIXED_PRICE","CAD",54.0,,,54.0,"0","","","Sep-22-26 10:22:59 PDT","Oct-22-26 10:22:59 PDT","LEGO (R) Complete Sets & Packs","19006","","","New","","","","","","CA","673419406796","",""
"147591689806",JADA 1:24 Fast & Furious Brian’s Orange Toyota Supra 25th Years Anniversary Mint,,,"1","FIXED_PRICE","CAD",40.5,,,40.5,"0","","","Sep-22-26 11:14:11 PDT","Oct-22-26 11:14:11 PDT","Contemporary Manufacture","180506","","","New","","","","","","CA","Does not apply","",""
"147591780233",LEGO Marvel: Spider-Man vs. Venom Muscle Car (76309) + Spider-Woman NEW Sealed,,,"4","FIXED_PRICE","CAD",24.0,,,24.0,"0","","","Sep-22-26 12:14:27 PDT","Oct-22-26 12:14:27 PDT","LEGO (R) Complete Sets & Packs","19006","","","New","","","","","","CA","0673419406291","",""
"147591967624",Homedics Premium Steam Sauna Extra Large Design Moisturelock technology #5849544,,,"1","FIXED_PRICE","CAD",309.0,,,309.0,"0","","","Sep-22-26 13:58:47 PDT","Oct-22-26 13:58:47 PDT","Saunas","181054","","","New","","","","","","CA","","",""
"147591998291",Govee Smart Table Lamp 2 Pro x Sound by JBL Cordless 4.5 Hrs 210 LED Sync 2 Beat,,,"1","FIXED_PRICE","CAD",179.0,,,179.0,"0","","","Sep-22-26 14:13:23 PDT","Oct-22-26 14:13:23 PDT","String Lights, Fairy Lights","116022","","","New","","","","","","CA","850061998590","",""
"147592187671","Super Mario Big Bad Bowser 12"" Action Figure JAKKS Light Up Sound New In Box",,,"5","FIXED_PRICE","CAD",62.0,,,62.0,"0","","","Sep-22-26 16:24:16 PDT","Oct-22-26 16:24:16 PDT","Action Figures","261068","","","New","","","","","","CA","0192995422742","",""
"147592230042",Maisto Ferrari F80 1:18 Diecast Car Yellow/Black Special Edition Broken Plastic,,,"1","FIXED_PRICE","CAD",39.99,,,39.99,"0","2","0","Sep-22-26 16:50:50 PDT","Oct-22-26 16:50:50 PDT","Contemporary Manufacture","180506","","","New","","","","","","CA","Does not apply","",""
"147592391688",JADA 25th FAST & FURIOUS BRIAN'S NISSAN SKYLINE GT R R34 1/24 BRUSH BLUE 37704,,,"1","FIXED_PRICE","CAD",29.0,,,29.0,"0","2","0","Sep-22-26 18:20:28 PDT","Oct-22-26 18:20:28 PDT","Contemporary Manufacture","180506","","","New","","","","","","CA","Does not apply","",""
"147593870050","Transformers NFL Dallas Cowboys Starblitz 5.5"" Toys Hasbro Action Figure New",,,"5","FIXED_PRICE","CAD",35.0,,,35.0,"0","","","Sep-23-26 08:00:00 PDT","Oct-23-26 08:00:00 PDT","Action Figures","261068","","","New","","","","","","CA","5010996346421","",""
"147595176757",VTech CS6124-11 Cordless Phone Answering System Caller ID DECT 6.0 Used,,,"1","FIXED_PRICE","CAD",4.2,,,4.2,"0","","","Sep-23-26 20:07:41 PDT","Oct-23-26 20:07:41 PDT","Cordless Telephones & Handsets","33929","","","Used","","","","","","CA","882032771925","",""
"147595176762",Police Academy Mahoney 1989 Kenner Action Figure Warner Bros Vintage Rare,,,"1","FIXED_PRICE","CAD",9.2,,,9.2,"0","","","Sep-23-26 20:07:41 PDT","Oct-23-26 20:07:41 PDT","Action Figures","261068","","","Used","","","","","","CA","Does not apply","",""
"147595176763",Vintage Baroque Ornate Metal Candle Holder Bronze Silver Home Decor,,,"1","FIXED_PRICE","CAD",10.4,,,10.4,"0","","","Sep-23-26 20:07:41 PDT","Oct-23-26 20:07:41 PDT","Candle Holders & Accessories","16102","","","Used","","","","","","CA","198101289049","",""
"147595176764",Medieval Templar Knight Statue Resin Armor Halberd Fantasy Decor 8in,,,"1","FIXED_PRICE","CAD",29.6,,,29.6,"0","","","Sep-23-26 20:07:41 PDT","Oct-23-26 20:07:41 PDT","Sculptures & Figurines","36025","","","Used","","","","","","CA","","",""
"147595176769",Marvel X-Men Apocalypse ToyBiz 1991 Uncanny Series Vintage Action Figure,,,"1","FIXED_PRICE","CAD",15.99,,,15.99,"0","","","Sep-23-26 20:07:41 PDT","Oct-23-26 20:07:41 PDT","Action Figures","261068","","","Used","","","","","","CA","Does Not Apply","",""
"147595176770",Kotobukiya Deadpool Black Suit ArtFX+ Statue 1:10 Scale Marvel Now Loose,,,"1","FIXED_PRICE","CAD",20.0,,,20.0,"0","","","Sep-23-26 20:07:41 PDT","Oct-23-26 20:07:41 PDT","Action Figures","261068","","","Used","","","","","","CA","0190526003859","",""
"147595176771",Shaquille O'Neal NBA 1993 Mine O' Mine Vintage Action Figure Collectible,,,"1","FIXED_PRICE","CAD",27.2,,,27.2,"0","","","Sep-23-26 20:07:41 PDT","Oct-23-26 20:07:41 PDT","Basketball-NBA","24442","","","","","","","","","CA","Does Not Apply","",""
"147595176772",Skeletor Masters of the Universe MOTU McDonald's Toy Vintage Used,,,"1","FIXED_PRICE","CAD",5.6,,,5.6,"0","","","Sep-23-26 20:07:41 PDT","Oct-23-26 20:07:41 PDT","Action Figures","261068","","","Used","","","","","","CA","Does not apply","",""
"147595176774",Skil 4395 Corded Jigsaw 5.5 Amp Variable Speed Orbital Power Tool Tested,,,"1","FIXED_PRICE","CAD",23.2,,,23.2,"0","","","Sep-23-26 20:07:41 PDT","Oct-23-26 20:07:41 PDT","Jig Saws","122834","","","Used","","","","","","CA","Does not apply","",""
"147595179376",Power Rangers Megazord Leader Shine 1995 Vintage Rare Action Figure Collectible,,,"1","FIXED_PRICE","CAD",12.92,,,12.92,"0","","","Sep-23-26 20:11:27 PDT","Oct-23-26 20:11:27 PDT","Action Figures","261068","","","Used","","","","","","CA","","",""
"147595179377",Yu-Gi-Oh Kazuki Takahashi Battle Ox 6in Mattel 1996 Vintage Action Figure Rare,,,"1","FIXED_PRICE","CAD",11.39,,,11.39,"0","","","Sep-23-26 20:11:27 PDT","Oct-23-26 20:11:27 PDT","Action Figures","261068","","","Used","","","","","","CA","","",""
"147595179378",Cisco Linksys E1200 Wireless N Router 2.4GHz 300Mbps 4-Port Used,,,"1","FIXED_PRICE","CAD",19.0,,,19.0,"0","","","Sep-23-26 20:11:27 PDT","Oct-23-26 20:11:27 PDT","Wireless Routers","44995","","","Used","","","","","","CA","","",""
"147595179379",Disney Zizzle Pirates of the Caribbean Captain Jack Sparrow 3.75in Figure New,,,"1","FIXED_PRICE","CAD",12.16,,,12.16,"0","","","Sep-23-26 20:11:27 PDT","Oct-23-26 20:11:27 PDT","Action Figures","261068","","","Used","","","","","","CA","","",""
"147595179380",PVC Vinyl Sheet 5x4 Ft Industrial Waterproof Floor Protection Painting Mat,,,"1","FIXED_PRICE","CAD",11.4,,,11.4,"0","","","Sep-23-26 20:11:27 PDT","Oct-23-26 20:11:27 PDT","Floor Mats, Carpets & Cargo Liners","33697","","","Used","","","","","","CA","","",""
"147595179382",McDonald's Vintage Toys Bundle Muppets Flintstones Yogi Bear Mario Lot,,,"1","FIXED_PRICE","CAD",64.6,,,64.6,"0","","","Sep-23-26 20:11:27 PDT","Oct-23-26 20:11:27 PDT","Character","723","","","Used","","","","","","CA","","",""
"147595179383",Fortnite Beastmode Jackal 7in Action Figures Epic Games Toy Bundle Lot,,,"1","FIXED_PRICE","CAD",11.37,,,11.37,"0","","","Sep-23-26 20:11:27 PDT","Oct-23-26 20:11:27 PDT","Action Figures","261068","","","Used","","","","","","CA","","",""
"147595179384",Avon Sara & Theodore Teddy Bears Vintage Hand Painted Collectible Figures,,,"1","FIXED_PRICE","CAD",14.44,,,14.44,"0","","","Sep-23-26 20:11:27 PDT","Oct-23-26 20:11:27 PDT","Sculptures & Figurines","261628","","","Used","","","","","","CA","","",""
"147595179385",Bandai Kuroko's Basketball Figuarts ZERO Taiga Kagami Figure Loose,,,"1","FIXED_PRICE","CAD",15.96,,,15.96,"0","","","Sep-23-26 20:11:27 PDT","Oct-23-26 20:11:27 PDT","Other Animation Merchandise","69528","","","Used","","","","","","CA","","",""
"147595179386",Sengbusch Vintage Porcelain Ideal Stamp Moistener Antique Office Decor,,,"1","FIXED_PRICE","CAD",26.6,,,26.6,"0","","","Sep-23-26 20:11:27 PDT","Oct-23-26 20:11:27 PDT","Other Desktop Collectibles","969","","","Used","","","","","","CA","","",""
"147595179387",Bakugan Red Dragonoid SEGA McDonald's 2009 Action Figure Spin Master,,,"1","FIXED_PRICE","CAD",6.46,,,6.46,"0","","","Sep-23-26 20:11:27 PDT","Oct-23-26 20:11:27 PDT","Fast Food","767","","","Used","","","","","","CA","","",""
"147595179388",Star Wars C-3PO Ceramic Jar Statue Head Galerie New Rare Collectible,,,"1","FIXED_PRICE","CAD",38.0,,,38.0,"0","","","Sep-23-26 20:11:27 PDT","Oct-23-26 20:11:27 PDT","Other Star Wars Collectibles","154","","","Used","","","","","","CA","","",""
"147595179389",Marvel Legends Spider-Man The Lizard 6in Walmart Exclusive Action Figure 2012,,,"1","FIXED_PRICE","CAD",28.12,,,28.12,"0","","","Sep-23-26 20:11:27 PDT","Oct-23-26 20:11:27 PDT","Action Figures","261068","","","Used","","","","","","CA","","",""
"147595179390",ZX1 Fitness Walker Treadmill Motor 550W 100-120V Untested As-Is Parts,,,"1","FIXED_PRICE","CAD",128.44,,,128.44,"0","","","Sep-23-26 20:11:27 PDT","Oct-23-26 20:11:27 PDT","Machine Parts & Accessories","179797","","","Used","","","","","","CA","","",""
"147595179392",Vintage NYC Streetwear Hoodie Men's Medium Blue White Pre-Owned,,,"1","FIXED_PRICE","CAD",12.15,,,12.15,"0","","","Sep-23-26 20:11:27 PDT","Oct-23-26 20:11:27 PDT","Hoodies & Sweatshirts","155183","","","Pre-owned - Good","","","","","","CA","","",""
"147595179393",DeWalt DW106 3/8in Corded Drill Variable Speed Reversible Tested Working,,,"1","FIXED_PRICE","CAD",23.56,,,23.56,"0","","","Sep-23-26 20:11:27 PDT","Oct-23-26 20:11:27 PDT","Corded Drills","184654","","","Used","","","","","","CA","","",""
"147595179394",Calvin Klein Jeans Men's Crew Neck Sweatshirt Black Size Medium Pre-Owned,,,"1","FIXED_PRICE","CAD",15.2,,,15.2,"0","","","Sep-23-26 20:11:27 PDT","Oct-23-26 20:11:27 PDT","Hoodies & Sweatshirts","155183","","","Pre-owned - Excellent","","","","","","CA","198294091672","",""
"147595179397",Avon Sarah & Theodore Hand-Painted Teddy Bears Vintage Collectible Lot,,,"1","FIXED_PRICE","CAD",21.28,,,21.28,"0","","","Sep-23-26 20:11:28 PDT","Oct-23-26 20:11:28 PDT","Sculptures & Figurines","261628","","","Used","","","","","","CA","","",""
"147597323803",Hot Wheels Star Wars Starships Lot of 3 Snowspeeder Sandcrawler Starfighter New,,,"1","FIXED_PRICE","CAD",55.0,,,55.0,"0","","","Sep-24-26 17:57:19 PDT","Oct-24-26 17:57:19 PDT","Contemporary Manufacture","180506","","","New","","","","","","CA","194735074709","",""
"147597323804",Hallmark Harry Potter Butterbeer Ornament 2025 Keepsake Wizarding World New,,,"2","FIXED_PRICE","CAD",29.0,,,29.0,"0","","","Sep-24-26 17:57:19 PDT","Oct-24-26 17:57:19 PDT","Ornaments","77988","","","New","","","","","","CA","","",""
"147597323805",Hasbro Star Wars Darth Vader Return of the Jedi Action Figure B3952 V3625C New,,,"1","FIXED_PRICE","CAD",16.0,,,16.0,"0","","","Sep-24-26 17:57:19 PDT","Oct-24-26 17:57:19 PDT","Action Figures","261068","","","New","","","","","17061104866","CA","","",""
"147597323806",Shark WANDVAC WV205 Cordless Handheld Vacuum Lightweight Charging Dock New,,,"1","FIXED_PRICE","CAD",80.0,,,80.0,"0","","","Sep-24-26 17:57:19 PDT","Oct-24-26 17:57:19 PDT","Vacuum Cleaners","20614","","","New","","","","","10058350462","CA","0622356556002","",""
"147597323807",Boba Fett Star Wars POTF Signed Jeremy Bulloch Autograph Red Card COA + Tag,,,"1","FIXED_PRICE","CAD",499.99,,,499.99,"0","1","0","Sep-24-26 17:57:19 PDT","Oct-24-26 17:57:19 PDT","Action Figures","261068","","","New","","","","","","CA","","",""
"147597323809",STICH Surfing Hallmark Ornament Funko POP Disney Lilo & Stitch Exclusive NIB,,,"1","FIXED_PRICE","CAD",24.0,,,24.0,"0","","","Sep-24-26 17:57:20 PDT","Oct-24-26 17:57:20 PDT","Collectible Figures & Bobbleheads","149372","","","New","","","","","","CA","","",""
"147597323810",Hot Wheels 2025 Batman Classic TV Series 1966 Bat Boat 232/250 Blue DC Diecast,,,"1","FIXED_PRICE","CAD",11.99,,,11.99,"0","1","0","Sep-24-26 17:57:20 PDT","Oct-24-26 17:57:20 PDT","Contemporary Manufacture","180506","","","New","","","","","","CA","0027084120134","",""
"147597323811",NECA TMNT The Last Ronin Nightwatcher Donatello Action Figure Ninja Turtles New,,,"1","FIXED_PRICE","CAD",25.0,,,25.0,"0","","","Sep-24-26 17:57:19 PDT","Oct-24-26 17:57:19 PDT","Action Figures","261068","","","New","","","","","","CA","0634482544112","",""
"147597323812",Zoids Hel Digunner #011 Hasbro 2001 Assembled Model Kit Vintage Incomplete,,,"1","FIXED_PRICE","CAD",11.0,,,11.0,"0","","","Sep-24-26 17:57:19 PDT","Oct-24-26 17:57:19 PDT","Action Figures","261068","","","Used","","","","","","CA","Does not apply","",""
"147597323813",Hot Wheels 2025 '73 Honda Civic Custom Red #231 Then and Now 9/10 Diecast 1:64,,,"1","FIXED_PRICE","CAD",11.0,,,11.0,"0","","","Sep-24-26 17:57:20 PDT","Oct-24-26 17:57:20 PDT","Contemporary Manufacture","180506","","","New","","","","","","CA","does not apply","",""
"147597323814",Maisto 1:24 Porsche 911 GT2 RS Special Edition Yellow Black Hood Diecast Car New,,,"1","FIXED_PRICE","CAD",20.0,,,20.0,"0","","","Sep-24-26 17:57:19 PDT","Oct-24-26 17:57:19 PDT","Contemporary Manufacture","180506","","","New","","","","","","CA","Does not apply","",""
"147597323815",Star Wars The Acolyte Retro Collection 6-Pack Kenner Style Action Figures Hasbro,,,"1","FIXED_PRICE","CAD",47.0,,,47.0,"0","","","Sep-24-26 17:57:20 PDT","Oct-24-26 17:57:20 PDT","Action Figures","261068","","","New","","","","","","CA","5010996254016","",""
"147597323816",Hallmark Jack Skellington Ornament Nightmare Before Christmas Walmart Exclusive,,,"1","FIXED_PRICE","CAD",24.0,,,24.0,"0","1","0","Sep-24-26 17:57:20 PDT","Oct-24-26 17:57:20 PDT","Ornaments","77988","","","New","","","","","","CA","Does not apply","",""
"147597323817","Duramax Pro 9"" Needle Nose Pliers 6-in-1 Wire Stripper Long Nose Heavy Duty New",,,"5","FIXED_PRICE","CAD",13.89,,,13.89,"0","","","Sep-24-26 17:57:20 PDT","Oct-24-26 17:57:20 PDT","Pliers","82251","","","New","","","","","","CA","0667888579945","",""
"147597323818",McDonald's 2018 Happy Meal Peanuts Snoopy Helicopter Toy Sealed in Bag New,,,"1","FIXED_PRICE","CAD",10.0,,,10.0,"0","","","Sep-24-26 17:57:20 PDT","Oct-24-26 17:57:20 PDT","Fast Food","767","","","New","","","","","","CA","Does not apply","",""
"147597323819",Werehog Sonic The Hedgehog Unleashed - 5” Action Figure Sega,,,"1","FIXED_PRICE","CAD",28.0,,,28.0,"0","","","Sep-24-26 17:57:20 PDT","Oct-24-26 17:57:20 PDT","Action Figures","261068","","","Used","","","","","","CA","","",""
"147597323820",Hallmark Keepsake Luke Skywalker Vintage Figure Star Wars Ornament 2025 NIB,,AF-26457083,"3","FIXED_PRICE","CAD",60.0,,,60.0,"0","","","Sep-24-26 17:57:20 PDT","Oct-24-26 17:57:20 PDT","Ornaments","77988","","","New","","","","","","CA","","",""
"147597323821",McDonald's 2025 Happy Meal TinyTAN V BTS Action Figure Toy with Box New,,,"1","FIXED_PRICE","CAD",12.0,,,12.0,"0","","","Sep-24-26 17:57:20 PDT","Oct-24-26 17:57:20 PDT","Other Fast Food & Cereal Toys","1196","","","New","","","","","","CA","","",""
"147597323823","Bionic Commando 4.5"" Red Cyborg Robot Action Figure Vintage Loose Collectible",,,"1","FIXED_PRICE","CAD",5.99,,,5.99,"0","","","Sep-24-26 17:57:20 PDT","Oct-24-26 17:57:20 PDT","Action Figures","261068","","","Used","","","","","","CA","Does Not Apply","",""
"147597323824","Antique Shurly & Dietrich Atkins 26"" Hand Saw Razor Steel Etched Panel c.1900",,,"1","FIXED_PRICE","CAD",50.0,,,50.0,"0","","","Sep-24-26 17:57:20 PDT","Oct-24-26 17:57:20 PDT","Saws","13875","","","Used","","","","","","CA","","",""
"147597323826","Marvel Legends Retro Collection Loki 6"" Action Figure Hasbro Kenner Card New",,,"1","FIXED_PRICE","CAD",34.0,,,34.0,"0","","","Sep-24-26 17:57:20 PDT","Oct-24-26 17:57:20 PDT","Action Figures","261068","","","New","","","","","814288536","CA","0630509547999","",""
"147597323827",Hot Wheels 1993 purple Camaro IROC-Z Blue Card #3021 Vintage Mattel 1:64 Diecast,,,"1","FIXED_PRICE","CAD",27.0,,,27.0,"0","","","Sep-24-26 17:57:20 PDT","Oct-24-26 17:57:20 PDT","Vintage Manufacture","180507","","","New","","","","","","CA","Does not apply","",""
"147597323828",The Truman Show VHS 1999 Paramount Presentations Jim Carrey Movie Tape,,,"1","FIXED_PRICE","CAD",8.99,,,8.99,"0","","","Sep-24-26 17:57:20 PDT","Oct-24-26 17:57:20 PDT","VHS Tapes","309","","","Like New","","","","","","CA","","",""
"147597323829",Transformers Legacy G2 Universe Megatron Action Figure Hasbro Generations New,,,"1","FIXED_PRICE","CAD",22.0,,,22.0,"0","","","Sep-24-26 17:57:20 PDT","Oct-24-26 17:57:20 PDT","Action Figures","261068","","","New","","","","","7031754363","CA","","",""
"147597323830",Transformers x Hot Wheels Bone Shaker Collaborative Figure Hasbro Mattel Sealed,,,"1","FIXED_PRICE","CAD",45.0,,,45.0,"0","","","Sep-24-26 17:57:20 PDT","Oct-24-26 17:57:20 PDT","Action Figures","261068","","","New","","","","","","CA","Does not apply","",""
"147597324858",Viral Costco Denmark 6 Qt Cast Iron Cauldron Pot Halloween 2026 NEW,,,"5","FIXED_PRICE","CAD",85.0,,,85.0,"0","4","0","Sep-24-26 17:59:16 PDT","Oct-24-26 17:59:16 PDT","Other Collectible Cookware","975","","","New","","","","","","CA","Does Not Apply","",""
"147597337664",Beyblade X Coil Orochi 6-60 LF Pearl Tiger 3-85 WB Hasbro Double pack In Stock,,,"0","FIXED_PRICE","CAD",56.0,,,56.0,"1","0","0","Sep-24-26 18:08:35 PDT","Oct-24-26 18:08:35 PDT","Action Figures","261068","","","New","","","","","","CA","","",""
"147597381875",Beyblade X Star Wars Collab The Mandalorian Moff Gideon Obi Wan Grievous Lot 2,,,"1","FIXED_PRICE","CAD",68.0,,,68.0,"0","","","Sep-24-26 18:43:45 PDT","Oct-24-26 18:43:45 PDT","Action Figures","261068","","","New","","","","","","CA","","",""
"147597433130",Lot 6 Bakugan Battle Brawlers SteelBook DVD Limited Edition Teletoon No Card,,,"1","FIXED_PRICE","CAD",60.0,,,60.0,"0","0","0","Sep-24-26 19:17:42 PDT","Oct-24-26 19:17:42 PDT","DVDs & Blu-ray Discs","617","","","Like New","","","","","","CA","","",""
"147599192823",PLAYMOBIL X Mercedes-Benz 300 SL 72238 Buldable iconic Toys,,,"1","FIXED_PRICE","CAD",35.0,,,35.0,"0","","","Sep-25-26 14:52:04 PDT","Oct-25-26 14:52:04 PDT","Playmobil","19854","","","New","","","","","","CA","Does not apply","",""
"147599400148",LEGO® Marvel Advent Calendar 2026 Includes Festive Marvel Holiday Figures #76340,,,"1","FIXED_PRICE","CAD",78.0,,,78.0,"0","","","Sep-25-26 17:23:40 PDT","Oct-25-26 17:23:40 PDT","LEGO (R) Complete Sets & Packs","19006","","","New","","","","","","CA","673419422611","",""
"147601332487","Jurassic World Hammond Collection Indominus Rex DELUXE 26"" Dinosaur Brand New",,,"10","FIXED_PRICE","CAD",106.0,,,106.0,"0","0","0","Sep-26-26 15:09:35 PDT","Oct-26-26 15:09:35 PDT","Action Figures","261068","","","New","","","","","","CA","194735349777","",""
"147601343499",Jurassic World Hammond Collection SCORPIOS REX Deluxe Dinosaur Brand New,,,"10","FIXED_PRICE","CAD",80.0,,,80.0,"0","0","0","Sep-26-26 15:18:12 PDT","Oct-26-26 15:18:12 PDT","Action Figures","261068","","","New","","","","","","CA","0194735349760","",""
"147602912887",2026 Hallmark Funko Pop! DragonBall Z Shenron & Goku Ornaments Walmart Exclusive,,,"2","FIXED_PRICE","CAD",32.0,,,32.0,"1","1","0","Sep-27-26 08:08:55 PDT","Oct-27-26 08:08:55 PDT","Ornaments","77988","","","New","","","","","","CA","","",""
"147603234256",2026 Hallmark Dr. Doom Premium Ornament Avengers Doomsday Walmart Exclusive,,,"2","FIXED_PRICE","CAD",32.0,,,32.0,"1","1","0","Sep-27-26 11:15:37 PDT","Oct-27-26 11:15:37 PDT","Ornaments","77988","","","New","","","","","","CA","","",""
"147603678870",Masters of the WWE Cody Rhodes IN HAND New Unpunched MOTU Action Figure 2026,,,"1","FIXED_PRICE","CAD",49.79,,,49.79,"0","1","0","Sep-27-26 16:10:13 PDT","Oct-27-26 16:10:13 PDT","Action Figures","261068","","","New","","","","","","CA","","",""
"147603785897",Disney Pixar Cars 20th Anniversary Radiator Springs 5-Pack JMJ85 Mattel NEW,,,"6","FIXED_PRICE","CAD",85.0,,,85.0,"4","15","0","Sep-27-26 17:25:46 PDT","Oct-27-26 17:25:46 PDT","Contemporary Manufacture","180506","","","New","","","","","","CA","DOES NOT APPLY","",""
"147606255615",Marvel Legends Series: X-Men '97 -  MARVEL'S BEAST Hasbro 2026 - NIB - IN STOCK,,,"5","FIXED_PRICE","CAD",95.0,,,95.0,"0","2","0","Sep-28-26 16:53:40 PDT","Oct-28-26 16:53:40 PDT","Action Figures","261068","","","New","","","","","","CA","5010996448019","",""
"147606269629",Candy Land Kingdom of Sweet Adventures Board Game for Kids 3+ (Amazon Exclusive),,,"10","FIXED_PRICE","CAD",27.0,,,27.0,"0","","","Sep-28-26 17:07:07 PDT","Oct-28-26 17:07:07 PDT","Contemporary Manufacture","180349","","","New","","","","","","CA","744759562364","",""
"147606289902",Potato Head Create Your Family Set with 44 Parts and Pieces for Creative Toddler,,,"10","FIXED_PRICE","CAD",65.0,,,65.0,"0","1","0","Sep-28-26 17:13:24 PDT","Oct-28-26 17:13:24 PDT","Playskool","2576","","","New","","","","","","CA","744759758613","",""
"147611003110",Star Wars 1995 Power of the Force Electronic X-Wing Fighter With C3PO R2D2 Vador,,,"1","FIXED_PRICE","CAD",71.0,,,71.0,"0","","","Sep-30-26 16:36:23 PDT","Oct-30-26 16:36:23 PDT","Action Figures","261068","","","New","","","","","","CA","","",""
"147611008545",Vintage Batman Lot 2 Action Figures Kenner DC Comics Super Hero 11 & 11.5 Inch,,,"1","FIXED_PRICE","CAD",20.0,,,20.0,"0","","","Sep-30-26 16:42:05 PDT","Oct-30-26 16:42:05 PDT","Action Figures","261068","","","Used","","","","","","CA","","",""
"147612342978",Jurassic World Rebirth Lot 3 Dinosaurs Tyrannotitan T-Rex Herrerasaurus NIB,,JW-DINO-LOT3,"1","FIXED_PRICE","CAD",65.0,,,65.0,"0","1","0","Oct-01-26 06:00:00 PDT","Nov-01-26 06:00:00 PST","Action Figures","261068","","","New","","","","","","CA","Does not apply","",""
"147612347175",Lot 4 Vintage Wood Folk Art Carved Bust Caribbean Mask Dutch Clogs Rocking Chair,,FOLK-WOOD-LOT4,"1","FIXED_PRICE","CAD",50.0,,,50.0,"0","","","Oct-01-26 06:27:00 PDT","Nov-01-26 06:27:00 PST","Sculptures & Figurines","261628","","","Used","","","","","","CA","Does not apply","",""
"147612349986",Vintage Folk Lot Tunisian Oud Lute Caribbean Drum Japanese Massager 3 Items,,FOLK-INSTRUMENT-LOT3,"1","FIXED_PRICE","CAD",69.0,,,69.0,"0","","","Oct-01-26 06:32:00 PDT","Nov-01-26 06:32:00 PST","Ouds","181286","","","Used","","","","","","CA","Does not apply","",""
"147612397552",M2 Machines 1966 Shelby GT350 Michelin Blue Yellow R132 8000 pcs,,M2-SHELBY-MICHELIN,"1","FIXED_PRICE","CAD",26.0,,,26.0,"0","1","0","Oct-01-26 06:28:59 PDT","Nov-01-26 06:28:59 PST","Contemporary Manufacture","180506","","","New","","","","","","CA","Does not apply","",""
"147612397553",Matchbox 2026 2025 RAM 1500 REV Dark Red 27/125 New Nouveau,,MBX-RAM1500REV,"1","FIXED_PRICE","CAD",6.99,,,6.99,"0","","","Oct-01-26 06:28:59 PDT","Nov-01-26 06:28:59 PST","Contemporary Manufacture","180506","","","New","","","","","","CA","Does not apply","",""
"147612397554",Matchbox 2026 Ridge Raider II Orange 23/125 New Nouveau,,MBX-RIDGERAIDER2,"1","FIXED_PRICE","CAD",4.99,,,4.99,"0","","","Oct-01-26 06:28:59 PDT","Nov-01-26 06:28:59 PST","Contemporary Manufacture","180506","","","New","","","","","","CA","Does not apply","",""
"147612397556",Hot Wheels 2026 Mickey Mouse Car Red Screen Time 9/10 #236/250,,HW-MICKEY-CAR,"1","FIXED_PRICE","CAD",9.0,,,9.0,"0","","","Oct-01-26 06:28:59 PDT","Nov-01-26 06:28:59 PST","Contemporary Manufacture","180506","","","New","","","","","","CA","Does not apply","",""
"147612397557",Hot Wheels 2026 92 Ford Mustang Black HW 70s vs 90s 7/10 #127/250,,HW-MUSTANG92,"1","FIXED_PRICE","CAD",4.75,,,4.75,"0","","","Oct-01-26 06:28:59 PDT","Nov-01-26 06:28:59 PST","Contemporary Manufacture","180506","","","New","","","","","","CA","Does not apply","",""
"147612397558",Matchbox 2026 2023 Toyota GR Supra Blue 15/125 New Nouveau,,MBX-GRSUPRA,"1","FIXED_PRICE","CAD",4.99,,,4.99,"0","","","Oct-01-26 06:28:59 PDT","Nov-01-26 06:28:59 PST","Contemporary Manufacture","180506","","","New","","","","","","CA","Does not apply","",""
"147612397559",Hot Wheels 2026 McLaren W1 Green Exoticars 5/10 #74/250 New Card,,HW-MCLARENW1,"1","FIXED_PRICE","CAD",5.99,,,5.99,"0","","","Oct-01-26 06:28:59 PDT","Nov-01-26 06:28:59 PST","Contemporary Manufacture","180506","","","New","","","","","","CA","Does not apply","",""
"147612397560",AriZona Hot Wheels Silver Series 1991 Mazda MX-5 Miata Teal JMF50,,HW-MIATA-ARIZONA,"0","FIXED_PRICE","CAD",13.99,,,13.99,"1","1","0","Oct-01-26 06:28:59 PDT","Nov-01-26 06:28:59 PST","Contemporary Manufacture","180506","","","New","","","","","","CA","Does not apply","",""
"147612397562",Hot Wheels 2026 Circle Tracker Blue Mental Health Day HW All Drivers 5/5,,HW-CIRCLETRACKER,"1","FIXED_PRICE","CAD",4.99,,,4.99,"0","","","Oct-01-26 06:28:59 PDT","Nov-01-26 06:28:59 PST","Contemporary Manufacture","180506","","","New","","","","","","CA","Does not apply","",""
"147612397563",Matchbox 2026 Ford F-150 Yellow Street Light Services 18/125 New,,MBX-FORD-F150,"1","FIXED_PRICE","CAD",5.99,,,5.99,"0","","","Oct-01-26 06:28:59 PDT","Nov-01-26 06:28:59 PST","Contemporary Manufacture","180506","","","New","","","","","","CA","Does not apply","",""
"147612397564",2026 Hot Wheels 1970 Plymouth Road Runner Fast Furious Screen Time 7/10,,HW-ROADRUNNER-FF,"1","FIXED_PRICE","CAD",6.99,,,6.99,"0","","","Oct-01-26 06:28:59 PDT","Nov-01-26 06:28:59 PST","Contemporary Manufacture","180506","","","New","","","","","","CA","Does not apply","",""
"147612397566",M2 Machines 1970 Chevrolet Camaro Z28 RS Green S08 Limited 4000 pcs,,M2-CAMARO70-350,"1","FIXED_PRICE","CAD",26.0,,,26.0,"0","","","Oct-01-26 06:28:59 PDT","Nov-01-26 06:28:59 PST","Contemporary Manufacture","180506","","","New","","","","","","CA","Does not apply","",""
"147612397567",Hot Wheels 2026 76 Chevy Chevette Green Drag Racers 1/10 #76/250,,HW-CHEVETTE76,"1","FIXED_PRICE","CAD",5.49,,,5.49,"0","","","Oct-01-26 06:28:59 PDT","Nov-01-26 06:28:59 PST","Contemporary Manufacture","180506","","","New","","","","","","CA","Does not apply","",""
"147612397568",Hot Wheels 2026 Datsun 620 Purple Compact Kings 6/10 #128/250,,HW-DATSUN620,"2","FIXED_PRICE","CAD",4.99,,,4.99,"0","","","Oct-01-26 06:28:59 PDT","Nov-01-26 06:28:59 PST","Contemporary Manufacture","180506","","","New","","","","","","CA","Does not apply","",""
"147612397569",Hot Wheels 2026 TMNT Party Wagon Yellow Screen Time 8/10 #235/250,,HW-PARTYWAGON,"1","FIXED_PRICE","CAD",7.29,,,7.29,"0","","","Oct-01-26 06:28:59 PDT","Nov-01-26 06:28:59 PST","Contemporary Manufacture","180506","","","New","","","","","","CA","Does not apply","",""
"147612516922",HOT WHEELS 2026 '85 HONDA CITY TURBO II WHITE 105/250 COMPACT KINGS Combine Ship,,,"1","FIXED_PRICE","CAD",7.0,,,7.0,"0","","","Oct-01-26 07:37:16 PDT","Nov-01-26 07:37:16 PST","Contemporary Manufacture","180506","","","New","","","","","","CA","Does not apply","",""
"147613343973",Vintage Sindy Blue Shower #1250 with Box 1983 Doll Furniture Incomplete,,,"1","FIXED_PRICE","CAD",40.0,,,40.0,"0","","","Oct-01-26 16:22:51 PDT","Nov-01-26 16:22:51 PST","Dolls & Doll Playsets","262346","","","Used","","","","","","CA","Does not apply","",""
"147613429725",Triumph Tiger 800 KTM 1190 Maisto Welly Diecast Motorcycle Models Lot,,,"1","FIXED_PRICE","CAD",25.99,,,25.99,"0","1","0","Oct-01-26 17:10:52 PDT","Nov-01-26 17:10:52 PST","Contemporary Manufacture","45348","","","Used","","","","","","CA","","",""
"147613482368",Marvel Legends Series Future Foundation Mister Fantastic & Spider-Man Two-Pack,,,"1","FIXED_PRICE","CAD",99.0,,,99.0,"0","","","Oct-01-26 17:40:01 PDT","Nov-01-26 17:40:01 PST","Action Figures","261068","","","New","","","","","814288536","CA","0630509547999","",""
"147614812186",Pokemon Mega Greninja ex Premium Collection Box Open Box Complete Damaged,,,"1","AUCTION","CAD",9.99,0.0,0.0,9.99,"0","","","Oct-02-26 06:55:46 PDT","Oct-09-26 06:55:46 PDT","CCG Mixed Card Lots","183455","","","Used","","","","","","CA","","",""
"147615083151","DC x Sonic The Hedgehog ROUGE AS CATWOMAN 5"" Action Figure 2026 Wave 2 Instock",,,"1","AUCTION","CAD",45.0,0.0,0.0,45.0,"0","","","Oct-02-26 09:31:58 PDT","Oct-09-26 09:31:58 PDT","Action Figures","261068","","","New","","","","","","CA","Does Not Apply","",""
"147615198920",Majorette Diecast Model Car - JDM Legends Deluxe Honda Civic Type R Purple EK9,,,"4","FIXED_PRICE","CAD",26.79,,,26.79,"0","1","0","Oct-02-26 10:47:57 PDT","Nov-02-26 10:47:57 PST","Contemporary Manufacture","180506","","","New","","","","","","CA","Does not apply","",""
"147615608851",Hot Wheels Formula 1 F1 Scuderia Ferrari HP #44 Premium (NEW For 2026) In Stock,,,"1","FIXED_PRICE","CAD",26.0,,,26.0,"0","","","Oct-02-26 15:05:03 PDT","Nov-02-26 15:05:03 PST","Contemporary Manufacture","180506","","","New","","","","","","CA","Does not apply","",""
"147617516414",Strawberry Shortcake Funko Pop Raspberry Tart # 137 Retro Toys,,,"1","FIXED_PRICE","CAD",28.0,,,28.0,"0","","","Oct-03-26 14:36:55 PDT","Nov-03-26 14:36:55 PST","Collectible Figures & Bobbleheads","149372","","","New","","","","","","CA","","",""
"147617522841",Funko Pop! Star Wars Darth Vader #757 Exclusive Figure Target Exclusive New Box,,,"1","FIXED_PRICE","CAD",28.0,,,28.0,"0","","","Oct-03-26 14:42:44 PDT","Nov-03-26 14:42:44 PST","Collectible Figures & Bobbleheads","149372","","","New","","","","","","CA","0889698845304","",""
"147617763674",Snoop on the Stoop Extended Box Set 21 Holiday Collectible Roto Plush NEW,,,"3","FIXED_PRICE","CAD",93.0,,,93.0,"1","1","0","Oct-03-26 19:45:06 PDT","Nov-03-26 19:45:06 PST","Figurines","261636","","","New","","","","","","CA","","",""
"147617779336",WWE Elite Series Wrestlemania 2026 Stardust (Sam Roberts Build a Figure),,,"1","FIXED_PRICE","CAD",49.0,,,49.0,"0","","","Oct-03-26 20:07:35 PDT","Nov-03-26 20:07:35 PST","Action Figures","261068","","","New","","","","","","CA","194735337507","",""
"147618284339",Hallmark ROTTA the HUTT Star Wars Mandalorian GROGU Christmas Tree Ornament 2026,,,"3","FIXED_PRICE","CAD",25.0,,,25.0,"0","","","Oct-04-26 05:50:41 PDT","Nov-04-26 05:50:41 PST","Ornaments","77988","","","New","","","","","","CA","","",""
"147618518733",Hallmark Dr. Doom Avengers Doomsday Christmas Ornament Brand NEW 2026,,,"3","FIXED_PRICE","CAD",25.0,,,25.0,"0","","","Oct-04-26 10:22:05 PDT","Nov-04-26 10:22:05 PST","Ornaments","77988","","","New","","","","","","CA","","",""
"147618668083",Hallmark 2026 Christmas Ornaments You Pick – Keepsake Holiday Decor,You Pick=The Grinch with Heart;The Grinch in Santa Suit;The Grinch on Sled with Gifts;The Grinch Climbing Ladder with Gift Sack;The Grinch Wrapped in Christmas Lights;The Grinch Stealing Gifts from Stocking;X-Wing Starfighter;TIE Fighter;Millennium Falcon;Grogu with Mandalorian Medallion;The Mandalorian;Rotta the Hutt;Pikachu with Plaid Scarf;Sprigatito;Sylveon;Arcanine;Charizard;Mickey Mouse with Gold Glitter Pants;Mickey Mouse with Red Glitter Pants;Minnie Mouse;Winnie the Pooh;Charlie Brown;Snoopy;Spider-Man;Groot with Christmas Lights;Captain America;Iron Man;Hulk;Thor;Dr. Doom;Stitch with Ukulele;Angel;Jessie;Woody;Buzz Lightyear;Minecraft - The Pale Wolf;Minecraft - Axolotl;Minecraft - Ender Dragon;Fortnite - Battle Bus;Sonic the Hedgehog;Sonic Game Cartridge;NES Controller;Clark Griswold;Cousin Eddie with Reindeer Mug;Cousin Eddie with Blue Cup;Ralphie Parker;Buddy the Elf;Bob the Minion;Yoshi;Princess Peach;Mario;Bowser;Toad;Jack Skellington Standing;Jack Skellington as Snowman;Jack Skellington and Sally;Sally in Santa Outfit;Oogie Boogie;Elsa;Tinker Bell;Cinderella;Belle;Moana;Rapunzel,HALLMARK-ORNAMENTS-YOUPICK,"128","FIXED_PRICE","CAD",25.0,,,25.0,"0","","","Oct-04-26 13:30:01 PDT","Nov-04-26 13:30:01 PST","Ornaments","77988","","","New","","","","","","CA","Does not apply","",""
"147618668083",Hallmark 2026 Christmas Ornaments You Pick – Keepsake Holiday Decor,You Pick=The Grinch with Heart,,"2","FIXED_PRICE","CAD",25.0,,,,"0",,,"Oct-04-26 13:30:01 PDT","Nov-04-26 13:30:01 PST","Ornaments","77988","","","New",,,,,"","CA","Does not apply","",""
"147618668083",Hallmark 2026 Christmas Ornaments You Pick – Keepsake Holiday Decor,You Pick=The Grinch in Santa Suit,,"2","FIXED_PRICE","CAD",25.0,,,,"0",,,"Oct-04-26 13:30:01 PDT","Nov-04-26 13:30:01 PST","Ornaments","77988","","","New",,,,,"","CA","Does not apply","",""
"147618668083",Hallmark 2026 Christmas Ornaments You Pick – Keepsake Holiday Decor,You Pick=The Grinch on Sled with Gifts,,"2","FIXED_PRICE","CAD",25.0,,,,"0",,,"Oct-04-26 13:30:01 PDT","Nov-04-26 13:30:01 PST","Ornaments","77988","","","New",,,,,"","CA","Does not apply","",""
"147618668083",Hallmark 2026 Christmas Ornaments You Pick – Keepsake Holiday Decor,You Pick=The Grinch Climbing Ladder with Gift Sack,,"2","FIXED_PRICE","CAD",25.0,,,,"0",,,"Oct-04-26 13:30:01 PDT","Nov-04-26 13:30:01 PST","Ornaments","77988","","","New",,,,,"","CA","Does not apply","",""
"147618668083",Hallmark 2026 Christmas Ornaments You Pick – Keepsake Holiday Decor,You Pick=The Grinch Wrapped in Christmas Lights,,"2","FIXED_PRICE","CAD",25.0,,,,"0",,,"Oct-04-26 13:30:01 PDT","Nov-04-26 13:30:01 PST","Ornaments","77988","","","New",,,,,"","CA","Does not apply","",""
"147618668083",Hallmark 2026 Christmas Ornaments You Pick – Keepsake Holiday Decor,You Pick=The Grinch Stealing Gifts from Stocking,,"2","FIXED_PRICE","CAD",25.0,,,,"0",,,"Oct-04-26 13:30:01 PDT","Nov-04-26 13:30:01 PST","Ornaments","77988","","","New",,,,,"","CA","Does not apply","",""
"147618668083",Hallmark 2026 Christmas Ornaments You Pick – Keepsake Holiday Decor,You Pick=X-Wing Starfighter,,"2","FIXED_PRICE","CAD",25.0,,,,"0",,,"Oct-04-26 13:30:01 PDT","Nov-04-26 13:30:01 PST","Ornaments","77988","","","New",,,,,"","CA","Does not apply","",""
"147618668083",Hallmark 2026 Christmas Ornaments You Pick – Keepsake Holiday Decor,You Pick=TIE Fighter,,"2","FIXED_PRICE","CAD",25.0,,,,"0",,,"Oct-04-26 13:30:01 PDT","Nov-04-26 13:30:01 PST","Ornaments","77988","","","New",,,,,"","CA","Does not apply","",""
"147618668083",Hallmark 2026 Christmas Ornaments You Pick – Keepsake Holiday Decor,You Pick=Millennium Falcon,,"2","FIXED_PRICE","CAD",25.0,,,,"0",,,"Oct-04-26 13:30:01 PDT","Nov-04-26 13:30:01 PST","Ornaments","77988","","","New",,,,,"","CA","Does not apply","",""
"147618668083",Hallmark 2026 Christmas Ornaments You Pick – Keepsake Holiday Decor,You Pick=Grogu with Mandalorian Medallion,,"2","FIXED_PRICE","CAD",25.0,,,,"0",,,"Oct-04-26 13:30:01 PDT","Nov-04-26 13:30:01 PST","Ornaments","77988","","","New",,,,,"","CA","Does not apply","",""
"147618668083",Hallmark 2026 Christmas Ornaments You Pick – Keepsake Holiday Decor,You Pick=The Mandalorian,,"2","FIXED_PRICE","CAD",25.0,,,,"0",,,"Oct-04-26 13:30:01 PDT","Nov-04-26 13:30:01 PST","Ornaments","77988","","","New",,,,,"","CA","Does not apply","",""
"147618668083",Hallmark 2026 Christmas Ornaments You Pick – Keepsake Holiday Decor,You Pick=Rotta the Hutt,,"2","FIXED_PRICE","CAD",25.0,,,,"0",,,"Oct-04-26 13:30:01 PDT","Nov-04-26 13:30:01 PST","Ornaments","77988","","","New",,,,,"","CA","Does not apply","",""
"147618668083",Hallmark 2026 Christmas Ornaments You Pick – Keepsake Holiday Decor,You Pick=Pikachu with Plaid Scarf,,"2","FIXED_PRICE","CAD",25.0,,,,"0",,,"Oct-04-26 13:30:01 PDT","Nov-04-26 13:30:01 PST","Ornaments","77988","","","New",,,,,"","CA","Does not apply","",""
"147618668083",Hallmark 2026 Christmas Ornaments You Pick – Keepsake Holiday Decor,You Pick=Sprigatito,,"2","FIXED_PRICE","CAD",25.0,,,,"0",,,"Oct-04-26 13:30:01 PDT","Nov-04-26 13:30:01 PST","Ornaments","77988","","","New",,,,,"","CA","Does not apply","",""
"147618668083",Hallmark 2026 Christmas Ornaments You Pick – Keepsake Holiday Decor,You Pick=Sylveon,,"2","FIXED_PRICE","CAD",25.0,,,,"0",,,"Oct-04-26 13:30:01 PDT","Nov-04-26 13:30:01 PST","Ornaments","77988","","","New",,,,,"","CA","Does not apply","",""
"147618668083",Hallmark 2026 Christmas Ornaments You Pick – Keepsake Holiday Decor,You Pick=Arcanine,,"2","FIXED_PRICE","CAD",25.0,,,,"0",,,"Oct-04-26 13:30:01 PDT","Nov-04-26 13:30:01 PST","Ornaments","77988","","","New",,,,,"","CA","Does not apply","",""
"147618668083",Hallmark 2026 Christmas Ornaments You Pick – Keepsake Holiday Decor,You Pick=Charizard,,"2","FIXED_PRICE","CAD",25.0,,,,"0",,,"Oct-04-26 13:30:01 PDT","Nov-04-26 13:30:01 PST","Ornaments","77988","","","New",,,,,"","CA","Does not apply","",""
"147618668083",Hallmark 2026 Christmas Ornaments You Pick – Keepsake Holiday Decor,You Pick=Mickey Mouse with Gold Glitter Pants,,"2","FIXED_PRICE","CAD",25.0,,,,"0",,,"Oct-04-26 13:30:01 PDT","Nov-04-26 13:30:01 PST","Ornaments","77988","","","New",,,,,"","CA","Does not apply","",""
"147618668083",Hallmark 2026 Christmas Ornaments You Pick – Keepsake Holiday Decor,You Pick=Mickey Mouse with Red Glitter Pants,,"2","FIXED_PRICE","CAD",25.0,,,,"0",,,"Oct-04-26 13:30:01 PDT","Nov-04-26 13:30:01 PST","Ornaments","77988","","","New",,,,,"","CA","Does not apply","",""
"147618668083",Hallmark 2026 Christmas Ornaments You Pick – Keepsake Holiday Decor,You Pick=Minnie Mouse,,"2","FIXED_PRICE","CAD",25.0,,,,"0",,,"Oct-04-26 13:30:01 PDT","Nov-04-26 13:30:01 PST","Ornaments","77988","","","New",,,,,"","CA","Does not apply","",""
"147618668083",Hallmark 2026 Christmas Ornaments You Pick – Keepsake Holiday Decor,You Pick=Winnie the Pooh,,"2","FIXED_PRICE","CAD",25.0,,,,"0",,,"Oct-04-26 13:30:01 PDT","Nov-04-26 13:30:01 PST","Ornaments","77988","","","New",,,,,"","CA","Does not apply","",""
"147618668083",Hallmark 2026 Christmas Ornaments You Pick – Keepsake Holiday Decor,You Pick=Charlie Brown,,"2","FIXED_PRICE","CAD",25.0,,,,"0",,,"Oct-04-26 13:30:01 PDT","Nov-04-26 13:30:01 PST","Ornaments","77988","","","New",,,,,"","CA","Does not apply","",""
"147618668083",Hallmark 2026 Christmas Ornaments You Pick – Keepsake Holiday Decor,You Pick=Snoopy,,"2","FIXED_PRICE","CAD",25.0,,,,"0",,,"Oct-04-26 13:30:01 PDT","Nov-04-26 13:30:01 PST","Ornaments","77988","","","New",,,,,"","CA","Does not apply","",""
"147618668083",Hallmark 2026 Christmas Ornaments You Pick – Keepsake Holiday Decor,You Pick=Spider-Man,,"2","FIXED_PRICE","CAD",25.0,,,,"0",,,"Oct-04-26 13:30:01 PDT","Nov-04-26 13:30:01 PST","Ornaments","77988","","","New",,,,,"","CA","Does not apply","",""
"147618668083",Hallmark 2026 Christmas Ornaments You Pick – Keepsake Holiday Decor,You Pick=Groot with Christmas Lights,,"2","FIXED_PRICE","CAD",25.0,,,,"0",,,"Oct-04-26 13:30:01 PDT","Nov-04-26 13:30:01 PST","Ornaments","77988","","","New",,,,,"","CA","Does not apply","",""
"147618668083",Hallmark 2026 Christmas Ornaments You Pick – Keepsake Holiday Decor,You Pick=Captain America,,"2","FIXED_PRICE","CAD",25.0,,,,"0",,,"Oct-04-26 13:30:01 PDT","Nov-04-26 13:30:01 PST","Ornaments","77988","","","New",,,,,"","CA","Does not apply","",""
"147618668083",Hallmark 2026 Christmas Ornaments You Pick – Keepsake Holiday Decor,You Pick=Iron Man,,"2","FIXED_PRICE","CAD",25.0,,,,"0",,,"Oct-04-26 13:30:01 PDT","Nov-04-26 13:30:01 PST","Ornaments","77988","","","New",,,,,"","CA","Does not apply","",""
"147618668083",Hallmark 2026 Christmas Ornaments You Pick – Keepsake Holiday Decor,You Pick=Hulk,,"2","FIXED_PRICE","CAD",25.0,,,,"0",,,"Oct-04-26 13:30:01 PDT","Nov-04-26 13:30:01 PST","Ornaments","77988","","","New",,,,,"","CA","Does not apply","",""
"147618668083",Hallmark 2026 Christmas Ornaments You Pick – Keepsake Holiday Decor,You Pick=Thor,,"2","FIXED_PRICE","CAD",25.0,,,,"0",,,"Oct-04-26 13:30:01 PDT","Nov-04-26 13:30:01 PST","Ornaments","77988","","","New",,,,,"","CA","Does not apply","",""
"147618668083",Hallmark 2026 Christmas Ornaments You Pick – Keepsake Holiday Decor,You Pick=Dr. Doom,,"2","FIXED_PRICE","CAD",25.0,,,,"0",,,"Oct-04-26 13:30:01 PDT","Nov-04-26 13:30:01 PST","Ornaments","77988","","","New",,,,,"","CA","Does not apply","",""
"147618668083",Hallmark 2026 Christmas Ornaments You Pick – Keepsake Holiday Decor,You Pick=Stitch with Ukulele,,"2","FIXED_PRICE","CAD",25.0,,,,"0",,,"Oct-04-26 13:30:01 PDT","Nov-04-26 13:30:01 PST","Ornaments","77988","","","New",,,,,"","CA","Does not apply","",""
"147618668083",Hallmark 2026 Christmas Ornaments You Pick – Keepsake Holiday Decor,You Pick=Angel,,"2","FIXED_PRICE","CAD",25.0,,,,"0",,,"Oct-04-26 13:30:01 PDT","Nov-04-26 13:30:01 PST","Ornaments","77988","","","New",,,,,"","CA","Does not apply","",""
"147618668083",Hallmark 2026 Christmas Ornaments You Pick – Keepsake Holiday Decor,You Pick=Jessie,,"2","FIXED_PRICE","CAD",25.0,,,,"0",,,"Oct-04-26 13:30:01 PDT","Nov-04-26 13:30:01 PST","Ornaments","77988","","","New",,,,,"","CA","Does not apply","",""
"147618668083",Hallmark 2026 Christmas Ornaments You Pick – Keepsake Holiday Decor,You Pick=Woody,,"2","FIXED_PRICE","CAD",25.0,,,,"0",,,"Oct-04-26 13:30:01 PDT","Nov-04-26 13:30:01 PST","Ornaments","77988","","","New",,,,,"","CA","Does not apply","",""
"147618668083",Hallmark 2026 Christmas Ornaments You Pick – Keepsake Holiday Decor,You Pick=Buzz Lightyear,,"2","FIXED_PRICE","CAD",25.0,,,,"0",,,"Oct-04-26 13:30:01 PDT","Nov-04-26 13:30:01 PST","Ornaments","77988","","","New",,,,,"","CA","Does not apply","",""
"147618668083",Hallmark 2026 Christmas Ornaments You Pick – Keepsake Holiday Decor,You Pick=Minecraft - The Pale Wolf,,"2","FIXED_PRICE","CAD",25.0,,,,"0",,,"Oct-04-26 13:30:01 PDT","Nov-04-26 13:30:01 PST","Ornaments","77988","","","New",,,,,"","CA","Does not apply","",""
"147618668083",Hallmark 2026 Christmas Ornaments You Pick – Keepsake Holiday Decor,You Pick=Minecraft - Axolotl,,"2","FIXED_PRICE","CAD",25.0,,,,"0",,,"Oct-04-26 13:30:01 PDT","Nov-04-26 13:30:01 PST","Ornaments","77988","","","New",,,,,"","CA","Does not apply","",""
"147618668083",Hallmark 2026 Christmas Ornaments You Pick – Keepsake Holiday Decor,You Pick=Minecraft - Ender Dragon,,"2","FIXED_PRICE","CAD",25.0,,,,"0",,,"Oct-04-26 13:30:01 PDT","Nov-04-26 13:30:01 PST","Ornaments","77988","","","New",,,,,"","CA","Does not apply","",""
"147618668083",Hallmark 2026 Christmas Ornaments You Pick – Keepsake Holiday Decor,You Pick=Fortnite - Battle Bus,,"2","FIXED_PRICE","CAD",25.0,,,,"0",,,"Oct-04-26 13:30:01 PDT","Nov-04-26 13:30:01 PST","Ornaments","77988","","","New",,,,,"","CA","Does not apply","",""
"147618668083",Hallmark 2026 Christmas Ornaments You Pick – Keepsake Holiday Decor,You Pick=Sonic the Hedgehog,,"2","FIXED_PRICE","CAD",25.0,,,,"0",,,"Oct-04-26 13:30:01 PDT","Nov-04-26 13:30:01 PST","Ornaments","77988","","","New",,,,,"","CA","Does not apply","",""
"147618668083",Hallmark 2026 Christmas Ornaments You Pick – Keepsake Holiday Decor,You Pick=Sonic Game Cartridge,,"2","FIXED_PRICE","CAD",25.0,,,,"0",,,"Oct-04-26 13:30:01 PDT","Nov-04-26 13:30:01 PST","Ornaments","77988","","","New",,,,,"","CA","Does not apply","",""
"147618668083",Hallmark 2026 Christmas Ornaments You Pick – Keepsake Holiday Decor,You Pick=NES Controller,,"2","FIXED_PRICE","CAD",25.0,,,,"0",,,"Oct-04-26 13:30:01 PDT","Nov-04-26 13:30:01 PST","Ornaments","77988","","","New",,,,,"","CA","Does not apply","",""
"147618668083",Hallmark 2026 Christmas Ornaments You Pick – Keepsake Holiday Decor,You Pick=Clark Griswold,,"2","FIXED_PRICE","CAD",25.0,,,,"0",,,"Oct-04-26 13:30:01 PDT","Nov-04-26 13:30:01 PST","Ornaments","77988","","","New",,,,,"","CA","Does not apply","",""
"147618668083",Hallmark 2026 Christmas Ornaments You Pick – Keepsake Holiday Decor,You Pick=Cousin Eddie with Reindeer Mug,,"2","FIXED_PRICE","CAD",25.0,,,,"0",,,"Oct-04-26 13:30:01 PDT","Nov-04-26 13:30:01 PST","Ornaments","77988","","","New",,,,,"","CA","Does not apply","",""
"147618668083",Hallmark 2026 Christmas Ornaments You Pick – Keepsake Holiday Decor,You Pick=Cousin Eddie with Blue Cup,,"2","FIXED_PRICE","CAD",25.0,,,,"0",,,"Oct-04-26 13:30:01 PDT","Nov-04-26 13:30:01 PST","Ornaments","77988","","","New",,,,,"","CA","Does not apply","",""
"147618668083",Hallmark 2026 Christmas Ornaments You Pick – Keepsake Holiday Decor,You Pick=Ralphie Parker,,"2","FIXED_PRICE","CAD",25.0,,,,"0",,,"Oct-04-26 13:30:01 PDT","Nov-04-26 13:30:01 PST","Ornaments","77988","","","New",,,,,"","CA","Does not apply","",""
"147618668083",Hallmark 2026 Christmas Ornaments You Pick – Keepsake Holiday Decor,You Pick=Buddy the Elf,,"2","FIXED_PRICE","CAD",25.0,,,,"0",,,"Oct-04-26 13:30:01 PDT","Nov-04-26 13:30:01 PST","Ornaments","77988","","","New",,,,,"","CA","Does not apply","",""
"147618668083",Hallmark 2026 Christmas Ornaments You Pick – Keepsake Holiday Decor,You Pick=Bob the Minion,,"2","FIXED_PRICE","CAD",25.0,,,,"0",,,"Oct-04-26 13:30:01 PDT","Nov-04-26 13:30:01 PST","Ornaments","77988","","","New",,,,,"","CA","Does not apply","",""
"147618668083",Hallmark 2026 Christmas Ornaments You Pick – Keepsake Holiday Decor,You Pick=Yoshi,,"2","FIXED_PRICE","CAD",25.0,,,,"0",,,"Oct-04-26 13:30:01 PDT","Nov-04-26 13:30:01 PST","Ornaments","77988","","","New",,,,,"","CA","Does not apply","",""
"147618668083",Hallmark 2026 Christmas Ornaments You Pick – Keepsake Holiday Decor,You Pick=Princess Peach,,"2","FIXED_PRICE","CAD",25.0,,,,"0",,,"Oct-04-26 13:30:01 PDT","Nov-04-26 13:30:01 PST","Ornaments","77988","","","New",,,,,"","CA","Does not apply","",""
"147618668083",Hallmark 2026 Christmas Ornaments You Pick – Keepsake Holiday Decor,You Pick=Mario,,"2","FIXED_PRICE","CAD",25.0,,,,"0",,,"Oct-04-26 13:30:01 PDT","Nov-04-26 13:30:01 PST","Ornaments","77988","","","New",,,,,"","CA","Does not apply","",""
"147618668083",Hallmark 2026 Christmas Ornaments You Pick – Keepsake Holiday Decor,You Pick=Bowser,,"2","FIXED_PRICE","CAD",25.0,,,,"0",,,"Oct-04-26 13:30:01 PDT","Nov-04-26 13:30:01 PST","Ornaments","77988","","","New",,,,,"","CA","Does not apply","",""
"147618668083",Hallmark 2026 Christmas Ornaments You Pick – Keepsake Holiday Decor,You Pick=Toad,,"2","FIXED_PRICE","CAD",25.0,,,,"0",,,"Oct-04-26 13:30:01 PDT","Nov-04-26 13:30:01 PST","Ornaments","77988","","","New",,,,,"","CA","Does not apply","",""
"147618668083",Hallmark 2026 Christmas Ornaments You Pick – Keepsake Holiday Decor,You Pick=Jack Skellington Standing,,"2","FIXED_PRICE","CAD",25.0,,,,"0",,,"Oct-04-26 13:30:01 PDT","Nov-04-26 13:30:01 PST","Ornaments","77988","","","New",,,,,"","CA","Does not apply","",""
"147618668083",Hallmark 2026 Christmas Ornaments You Pick – Keepsake Holiday Decor,You Pick=Jack Skellington as Snowman,,"2","FIXED_PRICE","CAD",25.0,,,,"0",,,"Oct-04-26 13:30:01 PDT","Nov-04-26 13:30:01 PST","Ornaments","77988","","","New",,,,,"","CA","Does not apply","",""
"147618668083",Hallmark 2026 Christmas Ornaments You Pick – Keepsake Holiday Decor,You Pick=Jack Skellington and Sally,,"2","FIXED_PRICE","CAD",25.0,,,,"0",,,"Oct-04-26 13:30:01 PDT","Nov-04-26 13:30:01 PST","Ornaments","77988","","","New",,,,,"","CA","Does not apply","",""
"147618668083",Hallmark 2026 Christmas Ornaments You Pick – Keepsake Holiday Decor,You Pick=Sally in Santa Outfit,,"2","FIXED_PRICE","CAD",25.0,,,,"0",,,"Oct-04-26 13:30:01 PDT","Nov-04-26 13:30:01 PST","Ornaments","77988","","","New",,,,,"","CA","Does not apply","",""
"147618668083",Hallmark 2026 Christmas Ornaments You Pick – Keepsake Holiday Decor,You Pick=Oogie Boogie,,"2","FIXED_PRICE","CAD",25.0,,,,"0",,,"Oct-04-26 13:30:01 PDT","Nov-04-26 13:30:01 PST","Ornaments","77988","","","New",,,,,"","CA","Does not apply","",""
"147618668083",Hallmark 2026 Christmas Ornaments You Pick – Keepsake Holiday Decor,You Pick=Elsa,,"2","FIXED_PRICE","CAD",25.0,,,,"0",,,"Oct-04-26 13:30:01 PDT","Nov-04-26 13:30:01 PST","Ornaments","77988","","","New",,,,,"","CA","Does not apply","",""
"147618668083",Hallmark 2026 Christmas Ornaments You Pick – Keepsake Holiday Decor,You Pick=Tinker Bell,,"2","FIXED_PRICE","CAD",25.0,,,,"0",,,"Oct-04-26 13:30:01 PDT","Nov-04-26 13:30:01 PST","Ornaments","77988","","","New",,,,,"","CA","Does not apply","",""
"147618668083",Hallmark 2026 Christmas Ornaments You Pick – Keepsake Holiday Decor,You Pick=Cinderella,,"2","FIXED_PRICE","CAD",25.0,,,,"0",,,"Oct-04-26 13:30:01 PDT","Nov-04-26 13:30:01 PST","Ornaments","77988","","","New",,,,,"","CA","Does not apply","",""
"147618668083",Hallmark 2026 Christmas Ornaments You Pick – Keepsake Holiday Decor,You Pick=Belle,,"2","FIXED_PRICE","CAD",25.0,,,,"0",,,"Oct-04-26 13:30:01 PDT","Nov-04-26 13:30:01 PST","Ornaments","77988","","","New",,,,,"","CA","Does not apply","",""
"147618668083",Hallmark 2026 Christmas Ornaments You Pick – Keepsake Holiday Decor,You Pick=Moana,,"2","FIXED_PRICE","CAD",25.0,,,,"0",,,"Oct-04-26 13:30:01 PDT","Nov-04-26 13:30:01 PST","Ornaments","77988","","","New",,,,,"","CA","Does not apply","",""
"147618668083",Hallmark 2026 Christmas Ornaments You Pick – Keepsake Holiday Decor,You Pick=Rapunzel,,"2","FIXED_PRICE","CAD",25.0,,,,"0",,,"Oct-04-26 13:30:01 PDT","Nov-04-26 13:30:01 PST","Ornaments","77988","","","New",,,,,"","CA","Does not apply","",""
"147618744950",Helldivers 2 TR-7 Ambassador Of The Brand McFarlane Gaming Edition ULTRA RARE,,,"0","FIXED_PRICE","CAD",299.99,,,299.99,"1","8","0","Oct-04-26 14:41:31 PDT","Nov-04-26 14:41:31 PST","Action Figures","261068","","","New","","","","","","CA","787926162318","",""
"147618927431",McFarlane BTAS BATMAN Wave 6 Full Set Robin Talia Bullock Ventriloquist Scarface,,,"4","FIXED_PRICE","CAD",370.0,,,370.0,"0","","","Oct-04-26 19:06:13 PDT","Nov-04-26 19:06:13 PST","Action Figures","261068","","","New","","","","","","CA","787926178845","",""
"147618972891",McFarlane Batman Animated Series YOU PICK Robin Talia Bullock Ventriloquist 6in,You Pick=Robin;Talia Al Ghul;Detective Bullock;Ventriloquist & Scarface,BATMAN-TAS-YOUPICK,"12","FIXED_PRICE","CAD",69.0,,,69.0,"0","","","Oct-04-26 19:43:01 PDT","Nov-04-26 19:43:01 PST","Action Figures","261068","","","New","","","","","","CA","Does not apply","",""
"147618972891",McFarlane Batman Animated Series YOU PICK Robin Talia Bullock Ventriloquist 6in,You Pick=Robin,Robin,"3","FIXED_PRICE","CAD",69.0,,,,"0",,,"Oct-04-26 19:43:01 PDT","Nov-04-26 19:43:01 PST","Action Figures","261068","","","New",,,,,"","CA","Does not apply","",""
"147618972891",McFarlane Batman Animated Series YOU PICK Robin Talia Bullock Ventriloquist 6in,You Pick=Talia Al Ghul,Talia Al Ghul,"3","FIXED_PRICE","CAD",69.0,,,,"0",,,"Oct-04-26 19:43:01 PDT","Nov-04-26 19:43:01 PST","Action Figures","261068","","","New",,,,,"","CA","Does not apply","",""
"147618972891",McFarlane Batman Animated Series YOU PICK Robin Talia Bullock Ventriloquist 6in,You Pick=Detective Bullock,Detective Bullock,"3","FIXED_PRICE","CAD",69.0,,,,"0",,,"Oct-04-26 19:43:01 PDT","Nov-04-26 19:43:01 PST","Action Figures","261068","","","New",,,,,"","CA","Does not apply","",""
"147618972891",McFarlane Batman Animated Series YOU PICK Robin Talia Bullock Ventriloquist 6in,You Pick=Ventriloquist & Scarface,Ventriloquist & Scarface,"3","FIXED_PRICE","CAD",69.0,,,,"0",,,"Oct-04-26 19:43:01 PDT","Nov-04-26 19:43:01 PST","Action Figures","261068","","","New",,,,,"","CA","Does not apply","",""
"147620224722",WWE Ultimate Edition Stone Cold Austin Cactus Jack Lex Luger UFC Masvidal Lot 4,,,"1","FIXED_PRICE","CAD",144.0,,,144.0,"0","1","0","Oct-05-26 13:24:13 PDT","Nov-05-26 13:24:13 PST","Action Figures","261068","","","New","","","","","","CA","","",""
"147620487783","Marvel Legends Maximum Series Thor, Deluxe Thor Comics Collectible 6 Inch",,,"1","FIXED_PRICE","CAD",81.0,,,81.0,"0","","","Oct-05-26 16:59:33 PDT","Nov-05-26 16:59:33 PST","Action Figures","261068","","","New","","","","","","CA","","",""
"147620595909",DC Multiverse Deathstroke (Arkham Origins) 7-Inch Action Figure,,,"3","FIXED_PRICE","CAD",46.0,,,46.0,"0","","","Oct-05-26 18:14:34 PDT","Nov-05-26 18:14:34 PST","Action Figures","261068","","","New","","","","","","CA","787926179897","",""
"147620612859",Banpresto - Jujutsu Kaisen - Gojo Satoru Grandista Figure,,BP-GRANDISTA-MAKI,"1","FIXED_PRICE","CAD",149.0,,,149.0,"0","","","Oct-05-26 18:45:00 PDT","Nov-05-26 18:45:00 PST","Collectible Figures & Bobbleheads","149372","","","New","","","","","","CA","4573102710123","",""
"147620612860",McFarlane DC Retro Super Friends Apache Chief 6in Action Figure 2026 New,,DCR-APACHE-CHIEF,"5","FIXED_PRICE","CAD",49.0,,,49.0,"0","","","Oct-05-26 18:45:00 PDT","Nov-05-26 18:45:00 PST","Action Figures","261068","","","New","","","","","","CA","787926180626","",""
"147620612861",McFarlane DC Multiverse Darkseid vs Orion Megafig 2-Pack New Gods 2026 New,,DCM-DARKSEID-ORION,"1","FIXED_PRICE","CAD",149.99,,,149.99,"0","","","Oct-05-26 19:21:00 PDT","Nov-05-26 19:21:00 PST","Action Figures","261068","","","New","","","","","","CA","787926178098","",""
"147620612862",Marvel Legends Doctor Doom Avengers Doomsday 6' Action Figure Hasbro Presale 911,,ML-DOOM-DOOMSDAY,"5","FIXED_PRICE","CAD",46.0,,,46.0,"0","","","Oct-05-26 19:29:00 PDT","Nov-05-26 19:29:00 PST","Action Figures","261068","","","New","","","","","","CA","","",""
"147620612863",McFarlane DC Multiverse Ghr'll Green Lantern Corps 7in Action Figure 2026 New,,DCM-GHRLL,"3","FIXED_PRICE","CAD",50.99,,,50.99,"0","","","Oct-06-26 05:00:00 PDT","Nov-06-26 05:00:00 PST","Action Figures","261068","","","New","","","","","","CA","787926181371","",""
"147620612864",McFarlane DC Multiverse Naut Ke Loi Green Lantern 7in Action Figure 2026 New,,DCM-NAUT-KE-LOI,"1","FIXED_PRICE","CAD",55.0,,,55.0,"0","","","Oct-05-26 18:45:00 PDT","Nov-05-26 18:45:00 PST","Action Figures","261068","","","New","","","","","","CA","787926181395","",""
"147620612865",Funko Pop! Movies Halloween II Dr. Loomis Vinyl Figure Horror 2026 New,,FUNKO-LOOMIS-H2,"1","FIXED_PRICE","CAD",70.0,,,70.0,"0","","","Oct-05-26 19:29:00 PDT","Nov-05-26 19:29:00 PST","Collectible Figures & Bobbleheads","149372","","","New","","","","","","CA","889698934824","",""
"147620612866",Marvel Legends Thor Avengers Doomsday 6in Figure Thor's movie appearance PRESALE,,ML-THOR-DOOMSDAY,"5","FIXED_PRICE","CAD",48.0,,,48.0,"0","","","Oct-05-26 19:29:00 PDT","Nov-05-26 19:29:00 PST","Action Figures","261068","","","New","","","","","","CA","","",""
"147620612867",Marvel Legends Gamerverse Iron Man vs Spiral 2-Pack 6in Figures Hasbro 2026 New,,ML-IRONMAN-SPIRAL,"1","FIXED_PRICE","CAD",98.0,,,98.0,"0","","","Oct-06-26 05:00:00 PDT","Nov-06-26 05:00:00 PST","Action Figures","261068","","","New","","","","","","CA","","",""
"147620647936","Banpresto - Jujutsu Kaisen - Zen'in Maki, Grandista Collecitble Figure",,BP-GRANDISTA-MAKI,"3","FIXED_PRICE","CAD",99.0,,,99.0,"0","","","Oct-05-26 18:45:00 PDT","Nov-05-26 18:45:00 PST","Collectible Figures & Bobbleheads","149372","","","New","","","","","","CA","4573102710123","",""